level,quote,num_letters,num_revealed,revealed_positions,mask,start_board
20240701,Love is the poetry of the senses,26,2,5_17,00001000000000001000000000,____ i_ ___ ______ _f ___ ______
20240702,A good book is an event in my life,26,2,9_25,00000000100000000000000010,_ ____ ___k __ __ _____ __ __ __f_
20240703,Art is the most beautiful of all lies,30,5,2_13_18_24_29,010000000000100001000001000010,_r_ __ ___ ____ b____i___ __ a__ __e_
20240704,Paris is the city of light and of liberty,33,4,2_12_15_20,010000000001001000010000000000000,_a___ __ ___ _i__ o_ ___h_ ___ __ _______
20240705,Freedom is nothing but a chance to be better,36,5,7_14_23_33_36,000000100000010000000010000000001001,______m __ ____i__ ___ _ __a___ __ __ __t__r
20240706,The French know that beauty is in the details,37,3,8_16_27,0000000100000001000000000010000000000,___ ____c_ ____ __a_ ______ __ _n ___ _______
20240707,France mother of arts of warfare and of laws,36,3,6_17_22,000001000000000010000100000000000000,_____e ______ __ __t_ __ _a_____ ___ __ ____
20240708,The French live to eat while others eat to live,38,4,12_21_23_31,00000000000100000000101000000010000000,___ ______ __v_ __ ___ __i_e ______ _a_ __ ____
20240709,The French have style and they do it effortlessly,41,5,5_19_28_30_31,00001000000000000010000000010110000000000,___ _r____ ____ _____ a__ ____ __ i_ ef__________
20240710,Art is not what you see but what you make others see,41,2,6_14,00000100000001000000000000000000000000000,___ __ n__ ____ _o_ ___ ___ ____ ___ ____ ______ ___
20240711,The more things change the more they remain the same,43,5,11_12_23_24_30,0000000000110000000000110000010000000000000,___ ____ ___ng_ ______ ___ mo__ ___y ______ ___ ____
20240712,Life shrinks or expands in proportion to ones courage,45,5,4_6_29_41_42,000101000000000000000000000010000000000011000,___e _h_____ __ _______ __ ______t___ __ ____ __ur___
20240713,The heart has its reasons which reason knows nothing of,46,3,12_44_46,0000000000010000000000000000000000000000000101,___ _____ ___ i__ _______ _____ ______ _____ ______g _f
20240714,In France cooking is like art and art is like cooking,43,6,3_5_18_21_24_29,0010100000000000010010010000100000000000000,__ F_a___ _______ __ l__e __t ___ _r_ __ ____ _______
20240715,The most courageous act is still to think for yourself Aloud,50,7,12_14_17_31_34_38_40,00000000000101001000000000000010010001010000000000,___ ____ ____a_e__s ___ __ _____ __ _h__k ___ y_u_____ _____
20240716,True courage is like a kite a contrary wind raises it higher,49,7,7_9_19_21_26_38_44,0000001010000000001010000100000000000100000100000,____ __u_a__ __ ____ _ k_t_ _ __n_____ ____ __i___ __ h_____
20240717,French is the language of love and Paris is the city of romance,51,6,22_23_24_40_41_51,000000000000000000000111000000000000000110000000001,______ __ ___ ________ __ lov_ ___ _____ __ ___ _it_ __ ______e
20240718,The supreme happiness of life is the conviction that we are loved,54,3,15_47_54,000000000000001000000000000000000000000000000010000001,___ _______ ____i____ __ ____ __ ___ __________ ____ __ a__ ____d
20240719,Only passions great passions can elevate the soul to great things,55,3,19_35_52,0000000000000000001000000000000000100000000000000001000,____ ________ _____ _a______ ___ ______e ___ ____ __ _____ __i___
20240720,Happiness is not something ready made It comes from your own actions,57,5,5_20_23_41_44,000010000000000000010010000000000000000010010000000000000,____i____ __ ___ _____h__g _____ ____ __ _____ _r__ y___ ___ _______
20240721,Life is a tragedy for those who feel and a comedy for those who think,55,5,10_34_36_40_55,0000000001000000000000000000000001010001000000000000001,____ __ _ __a____ ___ _____ ___ ____ ___ _ c_m___ f__ _____ ___ ____k
20240722,It is not enough to have a good mind The main thing is to use it well,53,2,8_12,00000001000100000000000000000000000000000000000000000,__ __ ___ e___g_ __ ____ _ ____ ____ ___ ____ _____ __ __ ___ __ ____
20240723,If you were born without wings do nothing to prevent them from growing,58,2,15_41,0000000000000010000000000000000000000000100000000000000000,__ ___ ____ ____ _i_____ _____ __ _______ __ ____e__ ____ ____ _______
20240724,It is the time you have wasted for your rose that makes your rose so important,63,6,11_25_37_38_57_60,000000000010000000000000100000000000110000000000000000001001000,__ __ ___ ___e ___ ____ ______ f__ ____ ____ _ha_ _____ ____ ____ __ __p__t___
20240725,To be a Parisian is not about being born in Paris its about being reborn there,63,4,12_26_52_54,000000000001000000000000010000000000000000000000000101000000000,__ __ _ ______a_ __ ___ _____ __i__ ____ __ _____ ___ _____ ____g _e____ _____
20240726,In France wine is not just a drink its a culture a philosophy a way of life,59,6,9_34_39_40_42_46,00000000100000000000000000000000010000110100010000000000000,__ ______ w___ __ ___ ____ _ _____ ___ _ __l____ a p_i___o___ _ ___ __ ____
20240727,You cannot swim for new horizons until you have courage to lose sight of the shore,67,4,3_13_26_32,0010000000001000000000000100000100000000000000000000000000000000000,__u ______ ___m ___ ___ ______n_ ____l ___ ____ _______ __ ____ _____ __ ___ _____
20240728,Paris is the fountain of elegance and the repository of all that is beautiful in life,70,3,24_35_49,0000000000000000000000010000000000100000000000001000000000000000000000,_____ __ ___ ________ __ ___g____ ___ ___ r_________ __ __l ____ __ _________ __ ____
20240729,The real voyage of discovery consists not in seeking new landscapes but in having new eyes,75,6,2_6_29_35_56_58,010001000000000000000000000010000010000000000000000000010100000000000000000,_h_ __a_ ______ __ _________ ____i___ __t __ _______ ___ ________e_ b__ __ ______ ___ ____
20240730,Perfection is achieved not when there is nothing more to add but when there is nothing left to take away,85,5,4_8_20_51_52,0001000100000000000100000000000000000000000000000011000000000000000000000000000000000,___f___i__ __ _______d ___ ____ _____ __ _______ ____ __ ___ bu_ ____ _____ __ _______ ____ __ ____ ____
20240731,In Paris there is always something to be discovered something new to fall in love with,71,7,4_19_23_24_32_43_58,00010000000000000010001100000001000000000010000000000000010000000000000,__ _a___ _____ __ ____y_ __me_____ __ b_ _________d _________ ___ __ f___ __ ____ ____
20240801,Art is never finished only abandoned,31,5,3_11_21_25_27,0010000000100000000010001010000,__t __ _____ f_______ __l_ __a_d____
20240802,Wine is sunlight held together by water,33,5,11_12_27_29_30,000000000011000000000000001011000,____ __ ____ig__ ____ ________ b_ wa___
20240803,Life is a combination of magic and pasta,33,5,6_9_10_11_30,000001001110000000000000000001000,____ _s _ _omb_______ __ _____ ___ _a___
20240804,Italy is the land of opera art and passion,34,4,5_27_33_34,0000100000000000000000000010000011,____y __ ___ ____ __ _____ ___ __d _____on
20240805,Every man is the architect of his own fortune,37,3,2_3_6,0110010000000000000000000000000000000,_ve__ m__ __ ___ _________ __ ___ ___ _______
20240806,You may have the universe if I may have Italy,36,3,2_10_24,010000000100000000000001000000000000,_o_ ___ ___e ___ ________ __ I ___ ____ _____
20240807,Time is what we want most but what we use worst,37,3,2_8_32,0100000100000000000000000000000100000,_i__ __ _h__ __ ____ ____ ___ ____ __ __e _____
20240808,The noblest pleasure is the joy of understanding,41,2,8_24,00000001000000000000000100000000000000000,___ ____e__ ________ __ ___ j__ __ _____________
20240809,A room without books is like a body without a soul,40,4,9_16_25_33,0000000010000001000000001000000010000000,_ ____ ___h___ ___k_ __ ____ _ b___ ____o__ _ ____
20240810,Art is the lie that enables us to realize the truth,41,4,7_18_19_28,00000010000000000110000000010000000000000,___ __ _h_ ___ ____ __ab___ __ __ _e_____ ___ _____
20240811,The wise man does at once what the fool does finally,42,5,5_10_22_28_34,000010000100000000000100000100000100000000,___ _i__ __n ____ __ ____ _h__ ___ f___ __e_ _______
20240812,If you do something only for money its not worth doing,44,7,11_12_19_20_21_39_44,00000000001100000011100000000000000000100001,__ ___ __ ___et____ __ly f__ _____ ___ ___ ____h ____g
20240813,It is not titles that honor men but men that honor titles,46,5,5_13_16_18_27,0000100000001001010000000010000000000000000000,__ __ n__ _____s __a_ h____ ___ _u_ ___ ____ _____ ______
20240814,The greater the difficulty the more glory in surmounting it,50,8,7_10_14_17_18_19_27_44,00000010010001001110000000100000000000000001000000,___ ___a__r ___ d__fic____ ___ m___ _____ __ ______n____ __
20240815,The true sign of intelligence is not knowledge but imagination,53,7,5_6_9_31_35_44_45,00001100100000000000000000000010001000000001100000000,___ _ru_ _i__ __ ____________ __ ___ k___l____ ___ _ma________
20240816,Life is what happens to you while youre busy making other plans,52,4,3_27_37_41,0010000000000000000000000010000000001000100000000000,__f_ __ ____ _______ __ ___ ____e _____ ____ m___n_ _____ _____
20240817,Obstacles cannot crush me every obstacle yields to stern resolve,55,7,5_7_12_16_18_31_37,0000101000010001010000000000001000001000000000000000000,____a_l__ __n___ c_u__ __ _____ ___t____ _i____ __ _____ _______
20240818,All our dreams can come true if we have the courage to pursue them,53,4,19_24_26_43,00000000000000000010000101000000000000000010000000000,___ ___ ______ ___ ___e ____ i_ w_ ____ ___ _______ _o ______ ____
20240819,To be Ferrari is to be Italian It is to win with elegance and style,53,3,3_6_32,00100100000000000000000000000001000000000000000000000,__ b_ _e_____ __ __ __ _______ __ __ __ _i_ ____ ________ ___ _____
20240820,There is no greatness where there is no simplicity goodness and truth,58,4,19_26_35_39,0000000000000000001000000100000000100010000000000000000000,_____ __ __ _________ w____ __e__ __ __ __m___c___ ________ ___ _____
20240821,There is no end There is no beginning There is only the passion of life,57,3,3_28_51,001000000000000000000000000100000000000000000000001000000,__e__ __ __ ___ _____ __ __ ______i__ _____ __ ____ ___ ______n __ ____
20240822,Rome is the city of echoes the city of illusions and the city of yearning,59,7,5_20_23_28_40_42_55,00001000000000000001001000010000000000010100000000000010000,____ i_ ___ ____ __ ____e_ _h_ ___y __ _________ a_d ___ ____ __ ___r____
20240823,Failure is only the opportunity to begin again this time more intelligently,64,5,19_33_43_59_60,0000000000000000001000000000000010000000001000000000000000110000,_______ __ ____ ___ __p________ __ ___i_ _____ ___s ____ ____ _______ge____
20240824,In art the hand can never execute anything higher than the heart can imagine,63,3,21_25_33,000000000000000000001000100000001000000000000000000000000000000,__ ___ ___ ____ ___ _____ e___u__ _____i__ ______ ____ ___ _____ ___ _______
20240825,Ive failed over and over and over again in my life and that is why I succeed,60,8,6_14_20_29_37_54_55_57,000001000000010000010000000010000000100000000000000001101000,___ __i___ ____ a__ ___r ___ ____ _g___ __ __ l___ ___ ____ __ ___ _ su_c___
20240826,Venice is a city of infinite beauty where history whispers through the canals,65,6,17_33_36_42_46_64,00000000000000001000000000000000100100000100010000000000000000010,______ __ _ ____ __ _n______ ______ ___r_ _i_____ w___p___ _______ ___ ____l_
20240827,Our deepest fear is not that we are inadequate Our deepest fear is that we are powerful beyond measure,84,5,3_31_44_72_78,001000000000000000000000000000100000000000010000000000000000000000000001000001000000,__r _______ ____ __ ___ ____ __ ___ __a_______ ___ __e____ ____ __ ____ __ ___ ________ b_____ m______
20240828,Dreams are the seeds of change Nothing ever grows without a seed and nothing ever changes without a dream,87,7,1_4_19_20_27_50_66,100100000000000000110000001000000000000000000000010000000000000001000000000000000000000,D__a__ ___ ___ _____ _f c_____ _o_____ ____ _____ _______ _ s___ ___ _______ __e_ _______ _______ _ _____
20240829,Iron rusts from disuse water loses its purity from stagnation Even so does inaction sap the vigor of the mind,90,7,12_20_33_64_72_75_78,000000000001000000010000000000001000000000000000000000000000000100000001001001000000000000,____ _____ __o_ ______ w____ _____ ___ p_____ ____ __________ ____ __ ____ _n______ _a_ _h_ _i___ __ ___ ____
20240830,The real question is not whether life exists after death The real question is whether you are alive before death,93,6,42_66_67_72_81_83,000000000000000000000000000000000000000001000000000000000000000001100001000000001010000000000,___ ____ ________ __ ___ _______ ____ ______ ____r _____ ___ ____ ________ __ _he____ y__ ___ ___v_ b_____ _____
20240831,Venice is a city that exists in defiance of reality a dream that refuses to wake up,67,4,1_19_28_39,1000000000000000001000000001000000000010000000000000000000000000000,V_____ __ _ ____ ____ _x____ __ __f_____ __ ___l___ _ _____ ____ _______ __ ____ __
20240901,Only do what your heart tells you,27,6,3_7_10_15_24_27,001000100100001000000001001,__l_ __ w__t ____ h____ ____s __u
20240902,The pen is mightier than the sword,28,7,9_11_15_19_25_26_28,0000000010100010001000001101,___ ___ __ m_g___e_ __a_ ___ _wo_d
20240903,A day without laughter is a day wasted,31,5,13_15_21_23_30,0000000000001010000010100000010,_ ___ _______ _a_g____ _s _ d__ ____e_
20240904,Intelligence is the ability to adapt to change,39,3,7_30_36,000000100000000000000000000001000001000,______i_____ __ ___ _______ __ ___p_ __ __a___
20240905,We know what we are but know not what we may be,36,6,4_5_8_9_14_18,000110011000010001000000000000000000,__ _no_ _ha_ __ _r_ __t ____ ___ ____ __ ___ __
20240906,I find Cambridge an asylum in every sense of the word,43,8,6_12_13_15_20_21_41_42,0000010000011010000110000000000000000000110,_ ____ C_____dg_ a_ ___lu_ __ _____ _____ __ ___ _or_
20240907,Attitude is a little thing that makes a big difference,45,3,1_4_6,100101000000000000000000000000000000000000000,A__i_u__ __ _ ______ _____ ____ _____ _ ___ __________
20240908,Life is what happens when youre busy making other plans,46,7,13_21_22_33_34_38_42,0000000000001000000011000000000011000100010000,____ __ ____ __p____ ___n y____ ____ __ki__ _t___ p____
20240909,Time is a strange thing it is infinite but feels finite,45,3,3_16_41,001000000000000100000000000000000000000010000,__m_ __ _ _______ _h___ __ __ ________ ___ _____ _i____
20240910,It is not in the stars to hold our destiny but in ourselves,47,5,8_34_35_44_46,00000001000000000000000000000000011000000001010,__ __ ___ i_ ___ _____ __ ____ ___ _______ bu_ __ _____l_e_
20240911,The joy of life comes from our encounters with new experiences,52,8,6_9_16_21_29_38_41_43,0000010010000001000010000000100000000100101000000000,___ __y __ l___ ___e_ ___m ___ ____u_____ ___h __w _x_________
20240912,Youre never too old to set another goal or to dream a new dream,50,5,9_12_14_23_33,00000000100101000000001000000000100000000000000000,_____ ___e_ _o_ o__ __ ___ _n_____ ____ o_ __ _____ _ ___ _____
20240913,Life is a tragedy when seen in closeup but a comedy in longshot,51,6,2_8_10_15_25_28,010000010100001000000000100100000000000000000000000,_i__ __ _ t_a____ w___ ____ __ c__s___ ___ _ ______ __ ________
20240914,All we have to decide is what to do with the time that is given to us,53,3,13_18_47,00000000000010000100000000000000000000000000001000000,___ __ ____ __ _e____ i_ ____ __ __ ____ ___ ____ ____ __ __v__ __ __
20240915,If youre going to have a story have a big bold entertaining story,53,7,5_18_34_41_44_46_49,00001000000000000100000000000000010000001001010010000,__ __u__ _____ __ ___e _ _____ ____ _ ___ _o__ ____r__i_i__ s____
20240916,Instinct is a marvelous thing It can neither be explained nor ignored,58,5,8_41_44_47_55,0000000100000000000000000000000000000000100100100000001000,_______t __ _ _________ _____ __ ___ _______ __ _x__a__e_ ___ ___o___
20240917,Dont be afraid of change because it is leading you to a new beginning,56,2,8_12,00000001000100000000000000000000000000000000000000000000,____ __ _f___d __ ______ _______ __ __ _______ ___ __ _ ___ _________
20240918,Success is stumbling from failure to failure with no loss of enthusiasm,60,7,3_14_18_23_29_48_52,001000000000010001000010000010000000000000000001000100000000,__c____ __ ____b___g ____ f_____e __ _______ ____ __ ___s __ _n________
20240919,It is our choices that show what we truly are far more than our abilities,59,2,16_56,00000000000000010000000000000000000000000000000000000001000,__ __ ___ _______ _h__ ____ ____ __ _____ ___ ___ ____ ____ ___ _____t___
20240920,Everyone needs to be valued Everyone has the potential to give something back,65,8,2_10_19_21_28_36_38_65,01000000010000000010100000010000000101000000000000000000000000001,_v______ _e___ __ __ _a_u__ ____y___ ___ _h_ p________ __ ____ _________ ___k
20240921,The greatest enemy of knowledge is not ignorance it is the illusion of knowledge,67,3,22_39_54,0000000000000000000001000000000000000010000000000000010000000000000,___ ________ _____ __ ___w_____ __ ___ ______n__ __ __ ___ _____i__ __ _________
20240922,The whole point of satire is to make people laugh and by laughing get them to think,67,5,15_20_44_61_66,0000000000000010000100000000000000000000000100000000000000001000010,___ _____ _____ _f ____r_ __ __ ____ ______ _____ ___ b_ ________ ___ ____ t_ ___n_
20240923,If you can meet with triumph and disaster and treat those two impostors just the same,70,2,17_65,0000000000000000100000000000000000000000000000000000000000000000100000,__ ___ ___ ____ ____ t______ ___ ________ ___ _____ _____ ___ _________ ____ _h_ ____
20240924,Some are born great some achieve greatness and some have greatness thrust upon them,70,6,22_24_50_53_63_64,0000000000000000000001010000000000000000000000000100100000000011000000,____ ___ ____ _____ ____ _c_i___ _________ ___ ____ ____ __e__n___ ______ up__ ____
20240925,If more of us valued food and cheer and song above hoarded gold it would be a merrier world,73,6,11_17_25_26_35_54,0000000000100000100000001100000000100000000000000000010000000000000000000,__ ____ __ __ v_____ f___ ___ _he__ ___ ___g _____ _______ ____ __ w____ __ _ _______ _____
20240926,Courage is what it takes to stand up and speak courage is also what it takes to sit down and listen,79,2,4_44,0001000000000000000000000000000000000000000100000000000000000000000000000000000,___r___ __ ____ __ _____ __ _____ __ ___ _____ ______e __ ____ ____ __ _____ __ ___ ____ ___ ______
20240927,Its worth remembering that it is often the small steps not the giant leaps that bring about the most lasting change,95,2,12_48,00000000000100000000000000000000000000000000000100000000000000000000000000000000000000000000000,___ _____ ___e_______ ____ __ __ _____ ___ _____ _____ __t ___ _____ _____ ____ _____ _____ ___ ____ _______ ______
20240928,Comedy is a very personal thing and its based on our experiences and who we are So each of us creates our own sense of humor,99,8,21_26_33_48_66_78_80_99,000000000000000000001000010000001000000000000001000000000000000001000000000001010000000000000000001,______ __ _ ____ _______l ____g ___ ___ b____ __ ___ _____i_____ ___ ___ __ ___ _o ____ __ __ ___a_e_ ___ ___ _____ __ ____r
20240929,Carry out a random act of kindness with no expectation of reward safe in the knowledge that one day someone might do the same for you,108,7,11_28_35_43_67_84_86,000000000010000000000000000100000010000000100000000000000000000000100000000000000001010000000000000000000000,_____ ___ _ _a____ ___ __ _______s ____ __ e_______i__ __ ______ ____ __ ___ ____l____ ____ ___ ___ __m_o__ _____ __ ___ ____ ___ ___
20240930,Writing is not an enjoyable occupation Writing is not something where you get to just sit down and you have tea and some biscuits and relax,114,10,2_3_7_17_28_30_44_48_56_60,011000100000000010000000000101000000000000010001000000010001000000000000000000000000000000000000000000000000000000,_ri___g __ ___ __ __j______ ____p_t___ _______ __ _o_ __m______ _h___ y__ ___ __ ____ ___ ____ ___ ___ ____ ___ ___ ____ ________ ___ _____
20241001,Imagination is the highest form of research,37,5,8_15_24_34_36,0000000100000010000000010000000001010,_______t___ __ _h_ _______ f___ __ ____a_c_
20241002,Music is like a dream One that I cannot hear,35,5,7_8_9_26_31,00000011100000000000000001000010000,_____ _s li__ _ _____ ___ ____ _ c____t ____
20241003,I always thought records were there to be broken,40,4,1_2_4_7,1101001000000000000000000000000000000000,I a_w__s _______ _______ ____ _____ __ __ ______
20241004,Art is the only way to run away without leaving home,42,7,5_23_24_31_38_41_42,000010000000000000000011000000100000010011,___ _s ___ ____ ___ __ ___ __ay ______t ______g __me
20241005,A clever person solves a problem A wise person avoids it,46,3,9_13_39,0000000010001000000000000000000000000010000000,_ ______ _e___n ______ _ _______ _ ____ ______ a_____ __
20241006,Music is a higher revelation than all wisdom and philosophy,50,6,2_5_34_37_43_50,01001000000000000000000000000000010010000010000001,_u__c __ _ ______ __________ ____ ___ __s__m ___ __i______y
20241007,Art does not reproduce what we see rather it makes us see,46,5,7_13_25_29_35,0000001000001000000000001000100000100000000000,___ ___s ___ __p______ ____ _e ___ r_____ i_ _____ __ ___
20241008,When one burns ones bridges what a very nice fire it makes,47,6,18_30_39_44_45_46,00000000000000000100000000000100000000100001110,____ ___ _____ ____ _r_____ ____ _ _e__ ____ __r_ __ _ake_
20241009,In Germany opera is not just an art form its a way of life,45,6,11_21_29_33_38_42,000000000010000000001000000010001000010001000,__ _______ _p___ __ ___ _u__ __ ___ f___ i__ _ _a_ __ l___
20241010,Germany has always been a center for art music and football,49,6,8_11_37_41_42_43,0000000100100000000000000000000000001000111000000,_______ h__ a_____ ____ _ ______ ___ ___ ___i_ __d fo______
20241011,The book is a film that takes place in the mind of the reader,48,2,15_34,000000000000001000000000000000000100000000000000,___ ____ __ _ ____ t___ _____ _____ __ ___ m___ __ ___ ______
20241012,You must have chaos within you to give birth to a dancing star,50,6,15_21_36_40_43_46,00000000000000100000100000000000000100010010010000,___ ____ ____ ___o_ ____i_ ___ __ ____ ____h __ _ d__c__g ____
20241013,The German football mentality is one of strength and resilience,54,6,4_7_8_12_44_48,000100110001000000000000000000000000000000010001000000,___ G__ma_ __o_____ _________ __ ___ __ ________ __d ___i______
20241014,An artist never really finishes his work he merely abandons it,52,9,6_8_13_31_34_42_44_48_50,0000010100001000000000000000001001000000010100010100,__ ___i_t ____r ______ ________ ___ w__k __ _____y _b___o_s __
20241015,If I were not a German footballer I would be a German composer,50,3,31_41_42,00000000000000000000000000000010000000001100000000,__ _ ____ ___ _ ______ __________ _ __u__ __ _ ____an ________
20241016,Music is in the soul of Germany just as football is in its heart,51,6,1_18_24_25_26_33,100000000000000001000001110000001000000000000000000,M____ __ __ ___ ____ _f _____ny j___ __ _o______ __ __ ___ _____
20241017,Dare to err and to dream Deep meaning often lies in childish play,53,5,13_26_35_46_50,00000000000010000000000001000000001000000000010001000,____ __ ___ ___ t_ _____ ____ __a____ ____n ____ __ ____d___ p___
20241018,All theory is gray my friend But forever green is the tree of life,53,3,1_29_31,10000000000000000000000000001010000000000000000000000,A__ ______ __ ____ __ ______ ___ __r_v__ _____ __ ___ ____ __ ____
20241019,In football everything is possible from the impossible to the probable,60,5,8_11_23_44_45,000000010010000000000010000000000000000000011000000000000000,__ _____a__ e_________ __ p_______ ____ ___ ______ib__ __ ___ ________
20241020,The greatest composer in Germany is without a doubt Johann Sebastian Bach,62,4,12_14_39_53,00000000000101000000000000000000000000100000000000001000000000,___ ________ c_m_____ __ _______ __ _______ _ d____ ______ ___a_____ ____
20241021,German football has a history of winning through perseverance and precision,65,5,34_36_45_53_63,00000000000000000000000000000000010100000000100000001000000000100,______ ________ ___ _ _______ __ ______g _h_____ ___s_______e ___ ______i__
20241022,The only way to deal with this life meaningfully is to find joy in the journey,63,5,19_31_33_55_59,000000000000000000100000000000101000000000000000000000100010000,___ ____ ___ __ ____ __t_ ____ ____ __a_i_______ __ __ ____ ___ __ _h_ __u____
20241023,One must still have chaos in oneself to be able to give birth to a dancing star,63,8,4_10_15_28_30_54_55_59,000100000100001000000000000101000000000000000000000001100010000,___ m___ __i__ __v_ _____ __ ____e_f __ __ ____ __ ____ _____ __ _ _an___g ____
20241024,Talent hits a target no one else can hit genius hits a target no one else can see,64,4,8_17_33_46,0000000100000000100000000000000010000000000001000000000000000000,______ _i__ _ _____t __ ___ ____ ___ ___ g_____ ____ _ __r___ __ ___ ____ ___ ___
20241025,There is always some madness in love But there is also always some reason in madness,69,2,64_67,000000000000000000000000000000000000000000000000000000000000000100100,_____ __ ______ ____ _______ __ ____ ___ _____ __ ____ ______ ____ ______ __ _a__e__
20241026,You cannot always control what goes on outside But you can always control what goes on inside,77,2,68_72,00000000000000000000000000000000000000000000000000000000000000000001000100000,___ ______ ______ _______ ____ ____ __ _______ ___ ___ ___ ______ _______ ____ __e_ __ i_____
20241027,And those who were seen dancing were thought to be insane by those who could not hear the music,77,5,9_13_21_26_61,00000000100010000000100001000000000000000000000000000000000010000000000000000,___ _____ w__ _e__ ____ _a____g ____ _______ __ __ ______ __ _____ ___ ___l_ ___ ____ ___ _____
20241028,Science arose from poetry when times change the two can meet again on a higher level as friends,78,4,18_34_42_77,000000000000000001000000000000000100000001000000000000000000000000000000000010,_______ _____ ____ _o____ ____ _____ __a___ ___ _w_ ___ ____ _____ __ _ ______ _____ __ _____d_
20241029,Germany with its tradition of music and football is where both my heart and my mind find balance,79,5,1_12_39_48_67,1000000000010000000000000000000000000010000000010000000000000000001000000000000,G______ ____ i__ _________ __ _____ ___ _____a__ __ ____e ____ __ _____ ___ __ __n_ ____ _______
20241030,Berlin is more a part of the world than a city It is a place of exile refuge a place for creativity,78,5,31_34_50_71_72,000000000000000000000000000000100100000000000000010000000000000000000011000000,______ __ ____ _ ____ __ ___ _____ ___n _ _i__ __ __ _ _____ __ _x___ ______ _ _____ ___ __ea______
20241031,Whoever fights monsters should see to it that in the process he does not become a monster And if you gaze long enough into an abyss the abyss will gaze back into you,133,5,36_44_86_90_104,0000000000000000000000000000000000010000000100000000000000000000000000000000000000000100010000000000000100000000000000000000000000000,_______ ______ ________ ______ ___ __ __ _h__ __ ___ p______ __ ____ ___ ______ _ _______ ___ __ ___ ____ l___ e_____ ____ __ __y__ ___ _____ ____ ____ ____ ____ ___
20241101,The future depends on what you do today,32,2,6_32,00000100000000000000000000000001,___ __t___ _______ __ ____ ___ __ ____y
20241102,Liberty is the breath of life to nations,33,4,24_27_28_29,000000000000000000000001001110000,_______ __ ___ ______ __ ___e __ nat____
20241103,Art is not what you see but what you make others see,41,5,4_7_11_18_39,00010010001000000100000000000000000000100,___ i_ _o_ __a_ ___ __e ___ ____ ___ ____ ______ s__
20241104,An eye for an eye will only make the whole world blind,43,3,24_26_38,0000000000000000000000010100000000000100000,__ ___ ___ __ ___ ____ ____ __k_ t__ _____ ____d _____
20241105,Life is bigger than death hope is stronger than despair,46,5,1_3_7_9_43,1010001010000000000000000000000000000000001000,L_f_ __ b_g___ ____ _____ ____ __ ________ ____ ___p___
20241106,A good artist has less time than you think Use it wisely,45,6,4_6_21_33_39_41,000101000000000000001000000000001000001010000,_ __o_ a_____ ___ ____ __m_ ____ ___ ___n_ ___ _t _i____
20241107,Books are the means by which we build bridges between cultures,52,5,4_14_33_44_47,0001000000000100000000000000000010000000000100100000,___k_ ___ ___ __a__ __ _____ __ _____ __i____ ______n __l_____
20241108,Freedom of speech and expression is the foundation of democracy,54,5,36_41_47_48_53,000000000000000000000000000000000001000010000011000010,_______ __ ______ ___ __________ __ ___ __u____i__ __ _em____c_
20241109,Success and failure are both part of life Both are not permanent,53,3,1_12_16,10000000000100010000000000000000000000000000000000000,S______ ___ _a___r_ ___ ____ ____ __ ____ ____ ___ ___ _________
20241110,I have always believed that process is more important than results,56,5,17_37_39_47_52,00000000000000001000000000000000000010100000001000010000,_ ____ ______ _____v__ ____ _______ __ ____ i_p______ _h__ __s____
20241111,You cant cross the sea merely by standing and staring at the water,54,6,2_3_9_19_31_40,011000001000000000100000000000100000000100000000000000,_ou ____ _r___ ___ ___ m_____ __ ____d___ ___ __a____ __ ___ _____
20241112,The sword of revolution is sharpened on the whetting stone of ideas,56,3,15_25_36,00000000000000100000000010000000000100000000000000000000,___ _____ __ ____l_____ __ __a______ __ __e ________ _____ __ _____
20241113,Take the stones people throw at you and use them to build a monument,55,7,3_19_27_30_42_46_51,0010000000000000001000000010010000000000010001000010000,__k_ ___ ______ _____e _____ __ y__ a__ ___ ____ __ b___d _ ___u____
20241114,It is very easy to defeat someone but it is very hard to win someone,54,6,10_17_28_29_37_45,000000000100000010000000000110000000100000001000000000,__ __ ____ _a__ __ __f___ _______ bu_ __ __ __r_ ____ __ w__ _______
20241115,Live as if you were to die tomorrow Learn as if you were to live forever,57,2,9_34,000000001000000000000000000000000100000000000000000000000,____ __ __ y__ ____ __ ___ ________ _____ a_ __ ___ ____ __ ____ _______
20241116,The fire that warms us can also consume us it is not the fault of the fire,58,4,5_6_30_48,0000110000000000000000000000010000000000000000010000000000,___ _ir_ ____ _____ __ ___ ____ ____u__ __ __ __ ___ ___ ___l_ __ ___ ____
20241117,Dreams are not what you see in sleep but the ones which dont let you sleep,59,2,2_4,01010000000000000000000000000000000000000000000000000000000,_r_a__ ___ ___ ____ ___ ___ __ _____ ___ ___ ____ _____ ____ ___ ___ _____
20241118,I dont count my sitar as a musical instrument but as an extension of my soul,61,4,23_34_53_61,0000000000000000000000100000000001000000000000000000100000001,_ ____ _____ __ _____ __ _ __s____ ______m___ ___ __ __ ________n __ __ ___l
20241119,Strength does not come from physical capacity It comes from an indomitable will,67,8,25_28_33_34_47_55_62_64,0000000000000000000000001001000011000000000000100000001000000101000,________ ____ ___ ____ ____ _h__i___ _ap_____ __ _____ f___ __ __d______l_ w___
20241120,For an artist understanding the soul of the culture is as important as the art itself,70,4,19_21_43_49,0000000000000000001010000000000000000000001000001000000000000000000000,___ __ ______ _______a_d___ ___ ____ __ ___ ______e __ __ _m_______ __ ___ ___ ______
20241121,I measure the progress of a community by the degree of progress which women have achieved,74,3,17_37_70,00000000000000001000000000000000000010000000000000000000000000000000010000,_ _______ ___ _____e__ __ _ _________ __ ___ d_____ __ ________ _____ _____ ____ ___i____
20241122,Revolution is an inalienable right of mankind Freedom is an imperishable birthright of all,77,4,22_50_54_66,00000000000000000000010000000000000000000000000001000100000000000100000000000,__________ __ __ _______a___ _____ __ _______ _______ __ _n ___e________ ___t______ __ ___
20241123,At the stroke of the midnight hour when the world sleeps India will awake to life and freedom,76,5,10_43_45_58_68,0000000001000000000000000000000000000000001010000000000001000000000100000000,__ ___ ____k_ __ ___ ________ ____ ____ ___ _____ __e_p_ _____ ____ __a__ __ ____ _n_ _______
20241124,A countrys greatness lies in its undying ideals of love and sacrifice that inspire the mothers of the race,88,8,12_22_29_46_56_67_74_87,0000000000010000000001000000100000000000000001000000000100000000001000000100000000000010,_ ________ __e______ ___s __ ___ _n_____ ______ __ ___e ___ ______i__ ____ ____i__ ___ _o_____ __ ___ __c_
20241125,From the majestic Himalayas to the backwaters of Kerala India is a land where every landscape tells a story,89,8,3_7_10_13_66_69_73_85,00100010010010000000000000000000000000000000000000000000000000000100100010000000000010000,__o_ __e __j__t__ _________ __ ___ __________ __ ______ _____ __ _ ____ _____ _v__y ___d_____ _____ _ s____
20241126,The Indian way of life is like a rainbow where every color represents a different culture tradition and community,95,7,2_8_17_59_64_79_95,01000001000000001000000000000000000000000000000000000000001000010000000000000010000000000000001,_h_ ____a_ ___ __ __f_ __ ____ _ _______ _____ _____ _____ __________ _ d____r___ _______ ____i____ ___ ________y
20241127,They may kill me but they cannot kill my ideas They can crush my body but they will not be able to crush my spirit,90,4,8_72_82_87,000000010000000000000000000000000000000000000000000000000000000000000001000000000100001000,____ ___ k___ __ ___ ____ ______ ____ __ _____ ____ ___ _____ __ ____ ___ ____ ____ ___ __ a___ __ ____h __ __i___
20241128,Indian cuisine is as diverse as its culture and each dish tells a story of the region its people and their history,93,5,4_66_78_79_93,000100000000000000000000000000000000000000000000000000000000000001000000000001100000000000001,___i__ _______ __ __ _______ __ ___ _______ ___ ____ ____ _____ _ _____ __ ___ __g___ ___ _____e a__ _____ ______y
20241129,There is no country like India It is the land of religions a cradle of spirituality and the birthplace of knowledge,95,2,74_87,00000000000000000000000000000000000000000000000000000000000000000000000001000000000000100000000,_____ __ __ _______ ____ _____ __ __ ___ ____ __ _________ _ ______ __ ____________ ___ __e __________ __ k________
20241130,India is an oasis of civilization where culture religion and tradition come together to create a unique tapestry of life,101,7,20_34_43_45_53_70_91,00000000000000000001000000000000010000000010100000001000000000000000010000000000000000000010000000000,_____ __ __ _____ __ ___i________ _____ c______ __l_g___ ___ _r_______ ____ _____h__ __ ______ _ ______ ___e____ __ ____
20241201,In Canada nature shapes the culture,30,5,6_9_18_24_30,000001001000000001000001000001,__ ___a__ n_____ ___p__ ___ c_____e
20241202,Fiction is the truth inside the lie,29,4,2_6_16_23,01000100000000010000001000000,_i___o_ __ ___ ___t_ _____e ___ ___
20241203,In the end well all become stories,28,6,4_8_14_18_24_27,0001000100000100010000010010,__ _h_ __d ____ _l_ __c___ __o__e_
20241204,Canada is a symphony of cultures,27,5,1_5_13_15_27,100010000000101000000000001,C___d_ __ _ ___p_o__ __ _______s
20241205,Nothing is impossible if you dare to try,33,5,3_10_14_21_28,001000000100010000001000000100000,__t____ __ i___s_____ _f ___ ___e __ ___
20241206,Only in the darkness can you see the stars,34,4,3_8_12_32,0010000100010000000000000000000100,__l_ __ _h_ __r_____ ___ ___ ___ ___ __a__
20241207,Canadas diversity is its strength and soul,36,5,2_5_12_23_25,010010000001000000000010100000000000,_a__d__ ____r____ __ ___ _t_e____ ___ ____
20241208,Its the ordinary things that seem important to me,41,5,9_13_16_25_31,00000000100010010000000010000010000000000,___ ___ __d___r_ _h____ ____ s___ __p______ __ __
20241209,The past is not a package one can lay away,33,5,6_12_17_25_33,000001000001000010000000100000001,___ __s_ __ __t _ ___k___ ___ _a_ ___ ___y
20241210,Canadas identity is a quiet confidence,33,5,6_9_14_21_30,000001001000010000001000000001000,_____a_ _d____t_ __ _ __i__ ______e___
20241211,Memory is the way we keep telling ourselves our stories,46,7,2_6_19_23_34_43_44,0100010000000000001000100000000001000000001100,_e___y __ ___ ___ __ __e_ __l____ ______v__ ___ ___ri__
20241212,Canada is the land of the open mind and the open heart,43,5,1_13_14_26_42,1000000000001100000000000100000000000000010,C_____ __ ___ _an_ __ ___ ____ _i__ ___ ___ ____ ___r_
20241213,Nothing makes you happier than doing something worthwhile,50,7,4_10_22_25_33_40_47,00010000010000000000010010000000100000010000001000,___h___ __k__ ___ ______r __a_ _____ _o______g ______h___
20241214,To understand Canada start with its winters,37,5,7_9_12_19_35,0000001010010000001000000000000000100,__ ____r_t__d ______ s____ ____ ___ ____e__
20241215,There are no passengers on spaceship earth We are all crew,48,7,1_10_16_20_26_34_43,100000000100000100010000010000000100000000100000,T____ ___ _o _____n___s __ ___c_____ __r__ __ ___ _l_ ____
20241216,Canada is the homeland of equality justice and tolerance,48,9,4_14_19_24_26_28_34_44_46,000100000000010000100001010100000100000000010100,___a__ __ ___ __m____d __ __u_l_t_ ____i__ ___ ____r_n__
20241217,Never underestimate the power of stories to bring us together,52,6,3_6_9_12_23_47,0010010010010000000000100000000000000000000000100000,__v__ u__e__s______ ___ _o___ __ _______ __ _____ __ __g_____
20241218,Its not what the world holds for you Its what you bring to it,48,5,5_8_18_41_43,000010010000000001000000000000000000000010100000,___ _o_ _h__ ___ ____d _____ ___ ___ ___ ____ ___ _r_n_ __ __
20241219,To me Canada is a place where hope lives,32,6,2_7_16_25_27_32,01000010000000010000000010100001,_o __ __n___ __ _ __a__ _____ _o_e ____s
20241220,Family is not an important thing Its everything,40,6,1_2_5_15_18_33,1100100000000010010000000000000010000000,Fa__l_ __ ___ __ _m__r____ _____ ___ __e_______
20241221,Every story has a beginning a middle and an end but not always in that order,61,6,3_8_21_27_46_55,0010000100000000000010000010000000000000000001000000001000000,__e__ __o__ ___ _ ______i__ _ __d___ ___ __ ___ ___ ___ _l____ __ __a_ _____
20241222,A truly great book should be read in youth again in maturity and once more in old age,68,7,2_9_20_31_34_36_55,01000000100000000001000000000010010100000000000000000010000000000000,_ t____ __e__ ____ ____l_ __ ____ __ _o__h _g___ __ ________ ___ __c_ ____ __ ___ ___
20241223,Canada is a country so beautiful it seems like it was created by an artist,60,7,2_11_16_20_23_32_36,010000000010000100010010000000010001000000000000000000000000,_a____ __ _ _o____y __ _e__t____ __ __e__ _i__ __ ___ _______ __ __ ______
20241224,We should regret our mistakes and learn from them but never carry them forward into the future with us,84,11,4_11_15_20_23_48_50_57_62_63_80,000100000010001000010010000000000000000000000001010000001000011000000000000000010000,__ _h____ __g___ o__ __s__k__ ___ _____ ____ ____ ___ ___e_ c____ __e_ ___wa__ ____ ___ ______ _i__ __
20241225,Every young player is hungry to play and to win titles as they have seen their idols do it,72,11,3_7_11_13_19_36_40_42_53_59_67,001000100010100000100000000000000001000101000000000010000010000000100000,__e__ _o___ p_a___ __ h_____ __ ____ ___ __ w__ _i_l__ __ ____ __v_ ____ t____ ___l_ __ __
20241226,You dont pay an actor to act An actor will do that for free because we love to act You pay an actor to wait,83,8,5_9_15_31_44_49_72_80,00001000100000100000000000000010000000000001000010000000000000000000000100000001000,___ _o__ _a_ __ __t__ __ ___ __ _____ _i__ __ ____ ___ _r__ __c____ __ ____ __ ___ ___ ___ _n _____ __ w___
20241227,I am happy because I am grateful I choose to be grateful That gratitude allows me to be happy,75,7,5_11_20_23_49_56_73,000010000010000000010010000000000000000000000000100000010000000000000000100,_ __ _a___ __c____ _ __ _r__e___ _ ______ __ __ ________ ___t ______u__ ______ __ __ __ __p__
20241228,When you have expectations you are setting yourself up for disappointment,63,8,2_9_14_15_19_30_38_60,010000001000011000100000000001000000010000000000000000000001000,_h__ ___ _a__ __pe___t____ ___ ___ s______ _o______ __ ___ __________m___
20241229,Even before youve earned it treat yourself and your career with the level of respect that you hope to one day deserve,96,10,13_16_29_36_52_57_67_79_88_92,000000000000100100000000000010000001000000000000000100001000000000100000000000100000000100010000,____ ______ __u__ e_____ __ _____ y______f ___ ____ ______ __t_ ___ l____ __ ___p___ ____ ___ _o__ __ ___ _a_ __s____
20241230,Different is good and being different is what makes us stand out in the world,63,7,15_19_21_35_42_47_61,000000000000001000101000000000000010000001000010000000000000100,_________ __ ___d ___ b_i__ _________ __ w___ ___e_ __ _t___ ___ __ ___ __r__
20241231,Dont give up no matter how hard it is Things are going to be tough down the road but the more work you put in the more achievement you are going to get out of it,126,10,11_15_23_31_37_49_96_98_99_113,000000000010001000000010000000100000100000000000100000000000000000000000000000000000000000000001011000000000000010000000000000,____ ____ __ n_ __t___ ___ _a__ __ __ _h____ _r_ _____ __ __ _o___ ____ ___ ____ ___ ___ ____ ____ ___ ___ __ ___ ____ ___i_ve____ ___ ___ ___n_ __ ___ ___ __ __
20250101,Every New Year is a chance to redefine who you are and what you stand for,58,11,2_23_28_29_30_31_37_44_47_51_55,0100000000000000000000100001111000001000000100100010001000,_v___ ___ ____ __ _ ______ _o ____fine ___ __u ___ ___ w__t ___ s___d ___
20250102,The world changes and we change with it,32,7,3_6_7_13_15_16_31,00100110000010110000000000000010,__e __rl_ ____g_s a__ __ ______ ____ i_
20250103,The best way to predict your future is to create it,41,5,3_18_22_31_40,00100000000000000100010000000010000000010,__e ____ ___ __ _____c_ __u_ ______ _s __ ______ i_
20250104,The Earth does not belong to us we belong to the Earth,43,6,15_19_26_28_40_41,0000000000000010001000000101000000000001100,___ _____ ____ __t ___o__ __ __ w_ b_____ __ ___ _ar__
20250105,Courage is not the absence of fear but the triumph over it,47,6,5_6_19_28_37_40,00001100000000000010000000010000000010010000000,____ag_ __ ___ ___ ___e___ __ ___r ___ ___ __i__p_ ____ __
20250106,Theres nothing like Australias open sky,34,7,15_17_18_22_24_31_34,0000000000000010110001010000001001,______ _______ _i_e A___r_l___ ___n __y
20250107,Australia is the only continent without an active volcano despite having a vast ancient geological history,91,9,9_15_19_28_31_40_64_74_84,0000000010000010001000000001001000000001000000000000000000000001000000000100000000010000000,________a __ ___ o___ c________ w__h___ __ ___i__ _______ _______ ______ _ v___ ______t _________l _______
20250108,The world changes when we choose to see it differently,45,6,2_9_11_13_14_36,010000001010110000000000000000000001000000000,_h_ _____ c_a_ge_ ____ __ ______ __ ___ __ _i_________
20250109,A good book opens the mind and closes the gap between people,49,5,20_24_31_35_40,0000000000000000000100010000001000100001000000000,_ ____ ____ _____ ___ __n_ __d ______ t__ _a_ ___w___ ______
20250110,Its not what happens to you but how you handle it that matters,50,8,1_5_8_9_15_37_41_45,10001001100000100000000000000000000010001000100000,I__ _o_ _ha_ ____e__ __ ___ ___ ___ ___ _____e __ _h__ _a_____
20250111,The environment is not separate from us it is a part of who we are,52,3,21_26_31,0000000000000000000010000100001000000000000000000000,___ ___________ __ ___ _e____t_ ___m __ __ __ _ ____ __ ___ __ ___
20250112,The spirit of Australia is carried in the voices of its people the beauty of its land and the stories of its past,91,6,9_26_46_50_55_61,0000000010000000000000000100000000000000000001000100001000001000000000000000000000000000000,___ _____t __ _________ __ ___r___ __ ___ ______ __ ___ p___l_ ___ b_____ o_ ___ ____ ___ ___ _______ __ ___ ____
20250113,To me cricket is a simple game Keep it simple and just go out and play,55,7,17_21_25_30_39_46_55,0000000000000000100010001000010000000010000001000000001,__ __ _______ __ _ __m___ g___ K___ _t ______ __d ____ __ o__ ___ ___y
20250114,If you dont take risks youll always wonder what might have been,52,6,8_18_24_30_42_43,0000000100000000010000010000010000000000011000000000,__ ___ __n_ ____ ____s _____ a_____ w_____ ____ __gh_ ____ ____
20250115,The iconic Sydney Opera House has over one million roof tiles and was inspired by the shapes of orange segments,92,10,9_17_25_26_32_46_47_65_73_76,00000000100000001000000011000001000000000000011000000000000000001000000010010000000000000000,___ _____c ______ _p___ ____e h__ ___r ___ _______ ___f t____ ___ ___ _______d __ ___ __a__s __ ______ ________
20250116,We all have the ability to change the world in small but meaningful ways,59,6,4_19_31_35_43_54,00010000000000000010000000000010001000000010000000000100000,__ _l_ ____ ___ ______y __ ______ ___ w___d __ _____ b__ ________u_ ____
20250117,Art exists not to solve problems but to express what it means to be alive,59,5,7_16_40_55_59,00000010000000010000000000000000000000010000000000000010001,___ ___s__ ___ __ _o___ ________ ___ __ _______ w___ __ _____ __ __ a___e
20250118,Home is not a place its a feeling that resides within you wherever you go,59,9,3_14_27_29_39_41_55_57_59,00100000000001000000000000101000000000101000000000000010101,__m_ __ ___ _ ___c_ ___ _ _______ t_a_ _______ _i_h__ ___ ________ y_u _o
20250119,Australians have the gift of turning struggle into laughter hardship into shared strength and simple days into lasting memories,109,7,9_21_44_56_89_105_106,0000000010000000000010000000000000000000000100000000000100000000000000000000000000000000100000000000000011000,________a__ ____ ___ __f_ __ _______ ________ ____ l_______ ____s___ ____ ______ ________ ___ ______ __y_ ____ _______ ___or___
20250120,To live is to fight to laugh to learn and to create a life that matters to you,61,8,4_22_25_50_52_54_56_61,0001000000000000000001001000000000000000000000000101010100001,__ _i__ __ __ _____ __ ____h __ l____ ___ __ ______ _ ____ ____ m_t_e_s __ __u
20250121,Sometimes the best way to find yourself is to get lost in something you love,62,7,4_13_25_47_49_52_53,00010000000010000000000010000000000000000000001010011000000000,___e_____ ___ b___ ___ __ ___d ________ __ __ ___ ____ __ s_m__hi__ ___ ____
20250122,There are more kangaroos than people in Australia The kangaroo population is estimated to be nearly twice the human population,107,7,2_60_67_70_74_77_88,01000000000000000000000000000000000000000000000000000000000100000010010001001000000000010000000000000000000,_h___ ___ ____ _________ ____ ______ __ _________ ___ ________ ______t___ __ _s__m___d __ b_ ______ ___c_ ___ _____ __________
20250123,In the end you have to just pull the trigger Trust the car trust the brakes just go,66,3,13_19_22,000000000000100000100100000000000000000000000000000000000000000000,__ ___ ___ ___ _a__ __ _u__ p___ ___ _______ _____ ___ ___ _____ ___ ______ ____ __
20250124,A film is not a static object its alive growing and evolving with its audience,64,7,3_15_20_35_41_58_61,0010000000000010000100000000000000100000100000000000000001001000,_ _i__ __ ___ _ ___t__ __j___ ___ _____ ___w___ __d ________ ____ ___ _u__e___
20250125,Australias capital city Canberra was chosen as a compromise between Sydney and Melbourne the two largest cities,95,5,7_57_68_73_81,00000010000000000000000000000000000000000000000000000000100000000001000010000000100000000000000,______l___ _______ ____ ________ ___ ______ __ _ __________ _____e_ ______ ___ M____u___ ___ _w_ _______ ______
20250126,Music has the power to unite us to heal us and to remind us of our shared humanity,65,4,1_32_51_54,10000000000000000000000000000001000000000000000000100100000000000,M____ ___ ___ _____ __ _____ __ __ ____ u_ ___ __ ______ __ __ __r __a___ ________
20250127,True success is not about wealth or fame but about living with integrity and passion,70,4,19_34_43_51,0000000000000000001000000000000001000000001000000010000000000000000000,____ _______ __ ___ __o__ ______ __ ____ b__ _____ _i____ ___h _________ ___ _______
20250128,I feel like Im ready for any dangerous situation that might come my way provided I have a hammer on me,82,4,26_33_46_51,0000000000000000000000000100000010000000000001000010000000000000000000000000000000,_ ____ ____ __ _____ ___ ___ ___g_____ _i_______ ____ _i___ _o__ __ ___ ________ _ ____ _ ______ __ __
20250129,To understand Australia you must stand beneath its open skies listen to its winds and feel the rhythm of its land,93,6,5_44_49_64_72_79,000010000000000000000000000000000000000000010000100000000000000100000001000000100000000000000,__ __d_______ _________ ___ ____ _____ _______ ___ o___ _k___ ______ __ ___ w____ ___ f___ ___ r_____ __ ___ ____
20250130,Tomorrow doesnt exist yesterday is gone The more I remind myself of that the stronger I feel,76,7,12_17_21_33_48_59_70,0000000000010000100010000000000010000000000000010000000000100000000001000000,________ ___s__ __i__ _e_______ __ __n_ ___ ____ _ _____d ______ __ __a_ ___ ______e_ _ ____
20250131,Im not good at future planning I dont plan at all I dont know what Im doing tomorrow I dont have a day planner and I dont have a diary I completely live in the now not in the past not in the future,154,7,17_43_80_88_134_151_152,0000000000000000100000000000000000000000001000000000000000000000000000000000000100000001000000000000000000000000000000000000000000000100000000000000001100,__ ___ ____ __ _____e ________ _ ____ ____ __ ___ _ __n_ ____ ____ __ _____ ________ _ ____ ____ _ __y _______ a__ _ ____ ____ _ _____ _ __________ ____ __ ___ ___ ___ __ t__ ____ ___ __ ___ __tu__
20250201,Chinese New Year is the longest and most celebrated festival in China,58,8,4_10_13_14_23_30_43_44,0001000001001100000000100000010000000000001100000000000000,___n___ __w __ar __ ___ ___g___ ___ m___ _________d f_______ __ _____
20250202,Victory is reserved for those who are willing to pay its price,51,7,2_17_18_22_29_47_50,010000000000000011000100000010000000000000000010010,_i_____ __ _______d f__ _h___ ___ a__ _______ __ ___ ___ p__c_
20250203,An invisible red thread connects those who are destined to meet despite time or place,71,7,5_9_32_38_49_50_69,00001000100000000000000000000001000001000000000011000000000000000000100,__ __v___b__ ___ ______ ________ ___s_ ___ _r_ ________ _o m___ _______ ____ __ __a__
20250204,China is a sleeping giant Let her sleep for when she wakes she will move the world,66,7,1_9_10_14_30_56_57,100000001100010000000000000001000000000000000000000000011000000000,C____ __ _ sl___i__ _____ ___ ___ __e__ ___ ____ ___ _____ ___ ____ _ov_ ___ _____
20250205,The superior man is modest in his speech but exceeds in his actions,55,5,12_29_42_46_52,0000000000010000000000000000100000000000010001000001000,___ ________ m__ __ ______ __ ___ _p____ ___ _____d_ __ h__ ___i___
20250206,Today is cruel Tomorrow is crueller And the day after tomorrow is beautiful,63,6,15_27_35_44_60_62,000000000000001000000000001000000010000000010000000000000001010,_____ __ _____ __m_____ __ ____l___ ___ _h_ ___ ____r ________ __ _____i_u_
20250207,When information is infinite individual pieces of information are worth nothing,69,10,7_10_12_30_34_35_39_48_63_69,000000100101000000000000000001000110001000000001000000000000001000001,____ __f__m_t___ __ ________ ____v___al ___c__ __ ____r______ ___ _____ n_____g
20250208,The Chinese zodiac has twelve animals that influence cultural traditions,63,8,5_7_21_39_41_54_60_61,000010100000000000001000000000000000001010000000000001000001100,___ _h_n___ ______ ___ _w____ _______ ____ __f_u____ ________ t_____io__
20250209,I want to bring out the best in a community and contribute something of permanent value,72,10,2_34_43_48_53_58_61_64_68_70,010000000000000000000000000000000100000000100001000010000100100100010100,_ w___ __ _____ ___ ___ ____ __ _ ________y ___ _____i____ s____h___ _f __r__n___ v_l__
20250210,A single conversation across the table with a wise man is worth a months study of books,71,7,2_5_8_13_37_54_65,01001001000010000000000000000000000010000000000000000100000000001000000,_ s__g__ c____r______ ______ ___ _____ ___h _ ____ ___ __ _____ _ m_____ _____ o_ _____
20250211,Tea in China is not just a drink it is a way of life a philosophy in every sip,60,7,6_13_21_25_38_46_50,000001000000100000001000100000000000010000000100010000000000,___ __ C____ __ n__ ____ _ d___k __ __ _ ___ __ __f_ _ _____s___y __ _____ ___
20250212,The Great Wall stands not just as a monument of China but as a symbol of perseverance,69,6,21_32_51_54_57_58,000000000000000000001000000000010000000000000000001001001100000000000,___ _____ ____ ______ __t ____ __ _ ___u____ __ _____ ___ __ _ _y__o_ _f p___________
20250213,The beauty of Chinese calligraphy is that it combines art with the essence of language,72,8,11_13_19_25_27_49_57_68,000000000010100000100000101000000000000000000000100000001000000000010000,___ ______ _f _h_____ c_____r_p__ __ ____ __ ________ ___ w___ ___ _s_____ __ ___g____
20250214,If youre going to learn a new language you cant try to be perfect Youll stop yourself from talking You just have to let go,98,10,1_24_28_46_48_53_59_77_87_88,10000000000000000000000100010000000000000000010100001000001000000000000000001000000000110000000000,I_ _____ _____ __ _____ _ ___ l___u___ ___ ____ ___ __ __ p_r____ Y____ _t__ ________ ____ ___k___ ___ ___t h___ __ ___ __
20250215,No one realizes how beautiful it is to travel until he comes home and rests his head on his old familiar pillow,90,5,35_53_71_76_89,000000000000000000000000000000000010000000000000000010000000000000000010000100000000000010,__ ___ ________ ___ _________ __ __ __ ___v__ _____ __ _____ ___e ___ _____ ___ ____ __ h__ __d ________ ____o_
20250216,Giant pandas native to China symbolize peace and friendship and are beloved around the globe,78,11,1_4_6_8_11_14_16_29_30_42_68,100101010010010100000000000011000000000001000000000000000000000000010000000000,G__n_ p_n__s __t_v_ __ _____ ____ol___ _____ ___ f_________ ___ ___ _______ ___u__ ___ _____
20250217,Those who are victorious plan effectively and change decisively They are like a great river that maintains its course but adjusts its flow,116,9,13_14_15_22_31_44_65_100_103,00000000000011100000010000000010000000000001000000000000000000001000000000000000000000000000000000010010000000000000,_____ ___ ___ _ict______ p___ _____t_____ ___ ____g_ __________ ____ ___ __k_ _ _____ _____ ____ _________ ___ ______ b__ a______ ___ ____
20250218,He who asks a question is a fool for five minutes he who does not ask remains a fool forever,73,8,11_12_18_25_27_39_57_73,0000000000110000010000001010000000000010000000000000000010000000000000001,__ ___ ____ _ qu_____n __ _ ___l _o_ ____ ______s __ ___ ____ ___ ___ __m____ _ ____ ______r
20250219,The soul of China lies in its poetry a reflection of its peoples hearts and minds,66,6,6_27_29_53_63_65,000001000000000000000000001010000000000000000000000010000000001010,___ __u_ __ _____ ____ __ ___ ___t_y _ __________ __ ___ _______ h_____ ___ _i_d_
20250220,Watch your thoughts they become words Watch your words they become actions Watch your actions they become habit,94,6,33_41_53_54_91_93,0000000000000000000000000000000010000000100000000000110000000000000000000000000000000000001010,_____ ____ ________ ____ ______ _____ W____ ___r _____ ____ __co__ _______ _____ ____ _______ ____ ______ _a_i_
20250221,I have worked very hard to achieve this If others also work hard they can also achieve as much,76,7,14_36_42_45_57_69_73,0000000000000100000000000000000000010000010010000000000010000000000010001000,_ ____ ______ __r_ ____ __ _______ ____ __ _t____ _l__ w___ ____ ____ c__ ____ _____v_ __ m___
20250222,China is known for inventing fireworks which are widely used during festivals and celebrations around the world,95,7,22_35_37_39_56_88_93,00000000000000000000010000000000001010100000000000000001000000000000000000000000000000010000100,_____ __ _____ ___ ______i__ _________ _h_c_ a__ ______ ____ ____n_ _________ ___ ____________ ______ t__ __r__
20250223,No matter how tough the chase is you should always have the dream you saw on the first day It will keep you motivated and rescue you,106,8,5_42_53_55_75_82_100_102,0000100000000000000000000000000000000000010000000000101000000000000000000010000001000000000000000001010000,__ __t___ ___ _____ ___ _____ __ ___ ______ ______ h___ ___ ____m _o_ ___ __ ___ _____ ___ __ w___ ___p ___ _________ ___ __s_u_ ___
20250224,Chinese history is a testament to the resilience of a people and the enduring power of culture,78,5,23_37_41_48_61,000000000000000000000010000000000000100010000001000000000000100000000000000000,_______ _______ __ _ _____m___ __ ___ _____i___e __ _ ___p__ ___ ___ ____r___ _____ __ _______
20250225,Kindness in words creates confidence Kindness in thinking creates profoundness Kindness in giving creates love,96,5,6_39_47_63_65,000001000000000000000000000000000000001000000010000000000000001010000000000000000000000000000000,_____e__ __ _____ _______ __________ ______s_ __ ____k___ _______ _____u_d____ ________ __ ______ _______ ____
20250226,Be content with what you have rejoice in the way things are When you realize there is nothing lacking the whole world belongs to you,108,10,3_23_53_61_80_81_84_86_99_108,001000000000000000000010000000000000000000000000000010000000100000000000000000011001010000000000001000000001,__ c______ ____ ____ ___ __v_ _______ __ ___ ___ ______ ___ ____ y__ _____z_ _____ __ _______ ___ki__ t_e _____ _____ __l____ __ __u
20250227,Ancient Chinese inventions like the compass and paper have shaped modern civilization and exploration,88,8,18_22_27_34_69_77_79_83,0000000000000000010001000010000001000000000000000000000000000000000010000000101000100000,_______ _______ ___e___o__ __k_ ___ __m____ ___ _____ ____ ______ ______ ______z_____ __d _x___r_____
20250228,Swift as the wind Quiet as the forest Conquer like the fire Steady as the mountain,67,6,15_18_26_29_40_53,0000000000000010010000000100100000000001000000000000100000000000000,_____ __ ___ ____ Q__e_ __ ___ _o__s_ _______ __k_ ___ ____ ____d_ __ ___ ________
20250229,Architecture is the very mirror of life You only have to cast your eyes on buildings to feel the presence of the past and the spirit of a place They are a reflection of society,142,11,3_4_18_52_63_65_68_92_124_127_133,0011000000000000010000000000000000000000000000000001000000000010100100000000000000000000000100000000000000000000000000000001001000001000000000,__ch________ __ ___ v___ ______ __ ____ ___ ____ ____ __ ____ _o__ ____ __ __i_d__g_ __ ____ ___ ________ __ ___ p___ ___ ___ ______ __ _ _____ ____ ___ _ r__l_____n __ _______
20250301,Dublin was founded by Vikings and has a rich history of settlement,55,8,3_4_19_30_33_37_43_44,0011000000000000001000000000010010001000001100000000000,__bl__ ___ _______ __ V______ ___ _a_ _ r___ h_____y o_ __________
20250302,Life is no brief candle to me It is a splendid torch that I hold for a moment,60,3,37_48_59,000000000000000000000000000000000000100000000001000000000010,____ __ __ _____ ______ __ __ __ __ _ ________ t____ ____ _ _o__ ___ _ ____n_
20250303,Laughter is wine for the soul a banquet for the heart and a friend to joy,58,5,1_4_16_18_26,1001000000000001010000000100000000000000000000000000000000,L__g____ __ ____ _o_ t__ ____ _ b______ ___ ___ _____ ___ _ ______ __ ___
20250304,The past is never truly gone It lives in the memories of those who endure,59,5,4_36_37_51_56,00010000000000000000000000000000000110000000000000100001000,___ p___ __ _____ _____ ____ __ _____ __ ___ me______ __ _____ w__ __d___
20250305,We dont stop playing because we grow old We grow old because we stop playing,62,5,3_19_23_32_38,00100000000000000010001000000001000001000000000000000000000000,__ d___ ____ _______ _e___s_ __ ____ _l_ __ __o_ ___ _______ __ ____ _______
20250306,Beauty is a joy forever and its loveliness increases in every soul it touches,64,4,5_6_34_41,0000110000000000000000000000000001000000100000000000000000000000,____ty __ _ ___ _______ ___ ___ ________s_ _____a___ __ _____ ____ __ _______
20250307,The shamrock is a traditional Irish symbol often associated with Saint Patrick,67,7,17_32_37_43_47_56_59,0000000000000000100000000000000100001000001000100000000100100000000,___ ________ __ _ __a________ _____ _y____ o____ _s___i____ ____ S__n_ _______
20250308,Ireland has an air of magic and that magic comes from the people who have such a deep connection to the land,87,6,27_40_55_66_75_84,000000000000000000000000001000000000000100000000000000100000000001000000001000000001000,_______ ___ __ ___ __ _____ ___ _h__ _____ _____ f___ ___ ______ __o ____ ____ _ _e__ ______t___ __ ___ l___
20250309,Poetry is the spontaneous overflow of powerful feelings recollected in tranquility,72,8,1_10_12_37_38_47_64_68,100000000101000000000000000000000000110000000010000000000000000100010000,P_____ __ _h_ s__________ ________ __ ____rf__ ______g_ ___________ __ __a___i____
20250310,Feel empowered And if you start to do it if you start to feel your voice heard you will never go back,80,6,6_53_55_70_73_80,00000100000000000000000000000000000000000000000000001010000000000000010010000001,____ _m_______ ___ __ ___ _____ __ __ __ __ ___ _____ __ ____ ____ v_i__ _____ ___ ____ n__e_ __ ___k
20250311,Remember my friend that knowledge is stronger than memory and we should not trust the weaker,77,7,1_11_13_18_37_61_76,10000000001010000100000000000000000010000000000000000000000010000000000000010,R_______ __ f_i___ _h__ _________ __ _____g__ ____ ______ ___ __ ______ n__ _____ ___ ____e_
20250312,I believe the Irish have a gift for living for seeing beauty in the world even in the darkest times,80,7,19_24_44_47_55_75_77,00000000000000000010000100000000000000000001001000000010000000000000000000101000,_ _______ ___ _____ __v_ _ __f_ ___ ______ ___ ______ b__u__ __ ___ w____ ____ __ ___ ______t _i___
20250313,We are all in the gutter but some of us are looking at the stars and dreaming of a brighter future,78,9,1_3_20_36_37_69_72_73_74,101000000000000000010000000000000001100000000000000000000000000000001001110000,W_ a__ ___ __ ___ ______ b__ ____ __ __ ___ __ok___ __ ___ _____ ___ ________ __ _ ____h__r fu____
20250314,The world is full of magic things patiently waiting for our senses to grow sharper and notice them,81,10,3_4_8_11_17_21_27_28_29_30,001100010010000010001000001111000000000000000000000000000000000000000000000000000,__e w___d __ f___ __ m___c _____s pat______ _______ ___ ___ ______ __ ____ _______ ___ ______ ____
20250315,There is no greater agony than bearing an untold story inside you waiting to be written and shared,81,4,16_41_43_70,000000000000000100000000000000000000000010100000000000000000000000000100000000000,_____ __ __ ______r _____ ____ _______ __ ______ s_o__ ______ ___ _______ __ __ ____t__ ___ ______
20250316,I only seek in my old age to perfect that which I had not before thoroughly learned in my youth because my sins were a hindrance to me,107,7,22_31_50_55_57_77_98,00000000000000000000010000000010000000000000000001000010100000000000000000001000000000000000000001000000000,_ ____ ____ __ __ ___ ___ __ p______ __a_ _____ _ ___ ___ _____e ____o_g___ _______ __ __ _____ b______ __ ____ ____ _ ___d_____ __ __
20250317,Success is a science if you have the conditions you get the result so work with care and precision,80,8,2_4_19_24_27_31_43_53,01010000000000000010000100100010000000000010000000001000000000000000000000000000,_u_c___ __ _ _______ _f ___ _a__ t__ _o________ ___ g__ ___ ____l_ __ ____ ____ ____ ___ _________
20250318,There are no strangers here only friends you have not yet met along the way on your journey through life,85,5,10_14_30_52_70,0000000001000100000000000000010000000000000000000001000000000000000001000000000000000,_____ ___ _o ___a_____ ____ ____ __i____ ___ ____ ___ ___ ___ _l___ ___ ___ __ ____ __u____ _______ ____
20250319,Life is no brief candle to me It is a sort of splendid torch which I have got a hold of for the moment,79,6,18_35_36_40_48_52,0000000000000000010000000000000000110001000000010001000000000000000000000000000,____ __ __ _____ ____l_ __ __ __ __ _ ____ __ sp___d__ _____ w___h _ ____ ___ _ ____ __ ___ ___ ______
20250320,Ireland has always felt like home to me Theres something about the landscape and people that draws you in,87,6,8_23_39_61_70_73,000000010000000000000010000000000000001000000000000000000000100000000100100000000000000,_______ h__ ______ ____ __k_ ____ __ __ ______ s________ _____ ___ _____c___ ___ __o__e ____ _____ ___ __
20250321,In Ireland theres a sense of being part of something greater a culture that embraces life in all its forms,87,8,1_5_9_20_29_35_40_44,100010001000000000010000000010000010000100010000000000000000000000000000000000000000000,I_ __e___d ______ _ ___s_ __ _____ p___ __ s____h___ g______ _ _______ ____ ________ ____ __ ___ ___ _____
20250322,A dreamer is one who can only find his way by moonlight and his punishment is that he sees the dawn before others,91,7,22_24_30_36_47_79_80,0000000000000000000001010000010000010000000000100000000000000000000000000000001100000000000,_ _______ __ ___ ___ ___ __l_ f___ __s ___ __ m________ __d ___ __________ __ ____ __ ____ ___ ___n b_____ ______
20250323,I personally think if somethings not a challenge theres no point doing it because youre not gonna learn much,90,7,59_64_75_80_81_85_90,000000000000000000000000000000000000000000000000000000000010000100000000001000011000100001,_ __________ _____ __ __________ ___ _ _________ ______ __ _____ ____g __ __c____ _____ _o_ ___na ___r_ ___h
20250324,The Burren is home to rare and spectacular plants and no matter the season there is nowhere else in Europe with such a unique mix and variety of plants growing together,138,10,4_5_25_28_34_109_114_115_117_118,000110000000000000000000100100000100000000000000000000000000000000000000000000000000000000000000000000000000100001101100000000000000000000,___ Bu____ __ ____ __ ____ ___ s__c_____a_ ______ ___ __ ______ ___ ______ _____ __ _______ ____ __ ______ ____ ____ _ ______ ___ ___ v____ty _f p_____ _______ ________
20250325,Ireland is a country of profound beauty and a land of inspiration for the heart and mind,72,6,2_11_17_23_45_61,010000000010000010000010000000000000000000001000000000000000100000000000,_r_____ __ _ c_____y __ ___f____ ______ ___ _ ____ __ _n_________ ___ ___ h____ ___ ____
20250326,Perhaps the greatest social service that can be rendered by anybody to the country and to mankind is to bring up a family,99,6,7_11_16_24_66_92,000000100010000100000001000000000000000000000000000000000000000001000000000000000000000000010000000,______s ___ g____e__ _____l _______ ____ ___ __ ________ __ _______ __ ___ ___n___ ___ __ _______ __ __ _____ _p _ ______
20250327,Come Fairies take me out of this dull world for I would ride with you upon the wind and dance upon the mountains like a flame,100,5,18_67_70_84_99,0000000000000000010000000000000000000000000000000000000000000000001001000000000000010000000000000010,____ _______ ____ __ o__ __ ____ ____ _____ ___ _ _____ ____ ____ ___ ____ ___ ____ a__ d____ ____ ___ __u______ ____ _ ___m_
20250328,Education is not the filling of a pail but the lighting of a fire that burns within and spreads to others,85,7,1_2_4_20_56_62_74,1101000000000000000100000000000000000000000000000000000100000100000000000100000000000,Ed_c_____ __ ___ ___ __l____ __ _ ____ ___ ___ ________ __ _ ____ ___t _____ w_____ ___ ___e___ __ ______
20250329,Imagination is the beginning of creation You imagine what you desire you will what you imagine and at last you create what you will,108,4,30_34_74_95,000000000000000000000000000001000100000000000000000000000000000000000000010000000000000000000010000000000000,___________ __ ___ _________ __ __e___o_ ___ _______ ____ ___ ______ ___ ____ ____ ___ _m_____ ___ __ ____ ___ ___a__ ____ ___ ____
20250330,All the worlds a stage and most of us are desperately unrehearsed and fumbling for our lines,76,7,2_7_35_41_49_56_65,0100001000000000000000000000000000100000100000001000000100000000100000000000,_l_ ___ w_____ _ _____ ___ ____ __ __ ___ __s_____e__ _____e_____ _n_ _______g ___ ___ _____
20250331,The tricolor of Irelands flag represents unity and peace Green symbolizes Catholics orange represents Protestants and white signifies hope for harmony between the two,143,12,4_7_10_31_43_62_66_79_81_82_110_143,00010010010000000000000000000010000000000010000000000000000001000100000000000010110000000000000000000000000001000000000000000000000000000000001,___ t__c__o_ __ ________ ____ _____s____ _____ __d _____ _____ ________e_ __t______ ______ r_pr______ ___________ ___ _____ __g______ ____ ___ _______ _______ ___ __o
20250401,The world is big but our imagination is bigger,38,7,3_5_8_18_20_26_27,00101001000000000101000001100000000000,__e _o__d __ ___ ___ _u_ i_____at___ __ ______
20250402,Japan is a country that constantly reinvents itself while respecting its past,66,6,15_24_28_53_57_59,000000000000001000000001000100000000000000000000000010001010000000,_____ __ _ ______y ____ ____t___l_ _________ ______ _____ ___p___i_g ___ ____
20250403,Nature and time work together to shape beauty beyond human hands,54,6,2_11_19_20_41_49,010000000010000000110000000000000000000010000000100000,_a____ ___ _i__ ____ _og_____ __ _____ ______ __y___ ____n _____
20250404,The universe reveals itself to those who seek beyond the surface,54,7,4_6_20_33_39_44_51,000101000000000000010000000000001000001000010000001000,___ u_i_____ _______ _t____ __ _____ _h_ ____ b____d ___ ___f___
20250405,Cherry blossom season is celebrated with picnics and festivals across Japan,65,8,6_7_12_13_37_49_51_60,00000110000110000000000000000000000010000000000010100000000100000,_____y b____om ______ __ __________ ____ _i_____ ___ ___t_v___ _____s _____
20250406,The best ideas come from observation from seeing the world differently,60,8,1_9_13_40_41_43_53_59,100000001000100000000000000000000000000110100000000010000010,T__ ____ _d___ c___ ____ ___________ ____ ____ng _h_ _____ ___f_____l_
20250407,A single moment when truly observed contains an entire world of meaning and wonder,69,7,5_14_24_27_42_48_50,000010000000010000000001001000000000000001000001010000000000000000000,_ ___g__ ______ w___ _____ _b__r___ ________ __ _n____ _o_l_ __ _______ ___ ______
20250408,The most powerful ideas are the ones that inspire others to think,54,6,3_10_12_13_17_52,001000000101100010000000000000000000000000000000000100,__e ____ __w_rf__ _d___ ___ ___ ____ ____ _______ ______ __ __i__
20250409,Id want to be born once more as myself but more talented,45,6,4_7_28_33_37_40,000100100000000000000000000100001000100100000,__ _a__ t_ __ ____ ____ ____ __ ___e__ __t ___e __l_____
20250410,Mount Fuji Japans tallest peak is a sacred mountain and a famous symbol of the country,71,8,1_6_12_17_33_57_58_63,10000100000100001000000000000000100000000000000000000000110000100000000,M____ F___ __p___ _a_____ ____ __ _ ___r__ ________ ___ _ ______ ___bo_ __ _h_ _______
20250411,The beauty of Japan lies in its quiet perfection Every small detail is considered and nothing is accidental,90,8,7_12_26_32_47_53_66_76,000000100001000000000000010000010000000000000010000010000000000001000000000100000000000000,___ ___u__ __ J____ ____ __ ___ q____ _e________ _____ _m___ __t___ __ _______r__ ___ ____i__ __ __________
20250412,The greatest journeys are not measured by distance but by how much they change the way we see the world,84,8,5_24_26_33_44_64_70_83,000010000000000000000001010000001000000000010000000000000000000100000100000000000010,___ _r______ ________ ___ _o_ m______d __ ________ b__ __ ___ ____ ____ ____g_ ___ _a_ __ ___ ___ ___l_
20250413,Music is the universal language that transcends words uniting people beyond culture history and borders,89,4,4_38_46_70,00010000000000000000000000000000000001000000010000000000000000000000010000000000000000000,___i_ __ ___ _________ ________ ____ ______e___ ____s _______ ______ ______ ____u__ _______ ___ _______
20250414,Art should be an explosion of the soul breaking boundaries and redefining what we believe is possible,85,7,7_15_43_49_52_53_71,0000001000000010000000000000000000000000001000001001100000000000000000100000000000000,___ ___u__ __ __ _x_______ __ ___ ____ ________ ___n_____s __d r_________ ____ __ __l____ __ ________
20250415,Japans culture is deeply rooted in respect and discipline and that is reflected in everything they create,89,7,9_11_24_27_43_61_77,00000000101000000000000100100000000000000010000000000000000010000000000000001000000000000,______ __l_u__ __ ______ __o__d __ _______ ___ ___c______ ___ ____ __ __f______ __ _______i__ ____ ______
20250416,A single grain of rice can tip the scale One person can make a difference,59,6,3_45_47_48_50_58,00100000000000000000000000000000000000000000101101000000010,_ _i____ _____ __ ____ ___ ___ ___ _____ ___ ______ ___ m_ke _ d_______c_
20250417,The simplest objects if made with care and thought can bring the greatest sense of beauty and peace,82,8,3_13_14_20_25_47_60_61,0010000000001100000100001000000000000000000000100000000000011000000000000000000000,__e ________ _bj____ _f ____ w___ ____ ___ _______ ___ _r___ ___ ______st _____ __ ______ ___ _____
20250418,Sushi one of Japans most famous foods originated as a method of preserving fish by fermenting it with rice,88,5,33_41_46_65_81,0000000000000000000000000000000010000000100001000000000000000000100000000000000010000000,_____ ___ __ ______ ____ ______ _____ _r_______d __ _ _e____ __ __________ __s_ __ __________ __ w___ ____
20250419,True mastery is when skill patience and passion come together creating something that speaks beyond words,90,9,19_22_29_38_59_62_66_85_90,000000000000000000100100000010000000010000000000000000000010010001000000000000000000100001,____ _______ __ ____ _k__l ______c_ ___ ____i__ ____ ________ ______n_ _o___h___ ____ ______ _____d ____s
20250420,Whenever someone creates something with all of their heart then that creation is given a soul,78,4,1_6_15_34,100001000000001000000000000000000100000000000000000000000000000000000000000000,W____v__ ______e _______ _________ __t_ ___ __ _____ _____ ____ ____ ________ __ _____ _ ____
20250421,Japans traditions are not just relics of the past They are guiding stars leading us into the future,82,8,1_3_10_15_31_56_72_82,1010000001000010000000000000001000000000000000000000000100000000000000010000000001,J_p___ ___d____n_ ___ ___ ____ ____c_ __ ___ ____ ____ ___ _______ s____ _______ __ __t_ ___ _____e
20250422,The past and future are woven together in everything we create today,57,6,5_25_38_41_44_57,000010000000000000000000100000000000010010010000000000001,___ _a__ ___ ______ ___ _____ t_______ __ ___r__h__g __ ______ ____y
20250423,Perfection is not about eliminating flaws but embracing them as part of what makes something truly beautiful,92,8,6_22_24_26_31_80_84_89,00000100000000000000010101000010000000000000000000000000000000000000000000000001000100001000,_____c____ __ ___ _____ _l_m_n____g _____ ___ _________ ____ __ ____ __ ____ _____ _________ _r___ b____i___
20250424,A great story does not tell you what to think It makes you think,51,5,14_26_30_39_50,000000000000010000000000010001000000001000000000010,_ _____ _____ __e_ ___ ____ ___ w___ t_ _____ __ m____ ___ ___n_
20250425,Japanese culture understands the art of waiting patience and timing better than anywhere else in the world,90,8,1_25_34_36_55_57_58_87,100000000000000000000000100000000101000000000000000000101100000000000000000000000000001000,J_______ _______ _________d_ ___ ___ _f _a_____ ________ ___ __m_ng ______ ____ ________ ____ __ ___ _o___
20250426,Believe in yourself and all that you are Know that there is something inside you that is greater than any obstacle,94,7,14_31_34_62_79_92_93,0000000000000100000000000000001001000000000000000000000000000100000000000000001000000000000110,_______ __ ____s___ ___ ___ ____ ___ a__ K___ ____ _____ __ _________ ____d_ ___ ____ __ ______r ____ ___ _____cl_
20250427,Japanese cuisine is more than food Its an experience of balance and precision,65,5,4_10_23_25_39,00010000010000000000001010000000000000100000000000000000000000000,___a____ _u_____ __ ____ _h_n ____ ___ __ ____r_____ __ _______ ___ _________
20250428,Man is a genius when he dreams Dream what you are capable of The harder you dream it the sooner it will come true,90,9,3_13_21_29_34_35_37_44_52,001000000000100000001000000010000110100000010000000100000000000000000000000000000000000000,__n __ _ ______ w___ __ __e___ ____m ____ yo_ a__ ____b__ __ ___ h_____ ___ _____ __ ___ ______ __ ____ ____ ____
20250429,The soul of Japan is best expressed through its art its gardens and the quiet dignity of its people,81,9,10_22_30_43_49_59_67_70_78,000000000100000000000100000001000000000000100000100000000010000000100100000001000,___ ____ __ J____ __ ____ _x_______ t______ ___ ___ i__ ___d___ ___ ___ q____ ___n__y __ ___ __o___
20250430,Many Japanese train stations have special melodies that play before train departures creating a relaxing atmosphere for travelers,112,7,4_7_37_39_46_87_98,0001001000000000000000000000000000001010000001000000000000000000000000000000000000000010000000000100000000000000,___y __p_____ _____ ________ ____ _______ m_l_____ _h__ ____ ______ _____ __________ ________ _ ____x___ _______e__ ___ _________
20250501,Work is the best way to enjoy life with dignity and respect,48,6,10_27_29_32_37_42,000000000100000000000000001010010000100001000000,____ __ ___ b___ ___ __ _____ ___e _i__ d____t_ ___ r______
20250502,To create is to believe in the beauty of what does not yet exist,51,8,3_4_29_30_32_37_40_48,001100000000000000000000000011010000100100000001000,__ cr____ __ __ _______ __ ___ ____ty _f ____ d__s ___ ___ _x___
20250503,The world is full of colors but we only truly see them when we open our hearts,62,4,33_52_57_59,00000000000000000000000000000000100000000000000000010000101000,___ _____ __ ____ __ ______ ___ __ ____ _r___ ___ ____ ____ __ __e_ ___ h_a___
20250504,A revolution without dreams is just a war and a war without justice is just destruction,72,7,3_4_5_8_15_31_49,001110010000001000000000000000100000000000000000100000000000000000000000,_ _evo__t___ ___h___ ______ __ ____ a ___ ___ _ ___ _______ j______ __ ____ ___________
20250505,Cinco de Mayo reminds us that courage and unity can overcome any challenge,62,7,4_10_12_22_33_38_56,00010000010100000000010000000000100001000000000000000001000000,___c_ __ __y_ r______ __ _h__ _______ _n_ ___t_ ___ ________ ___ __a______
20250506,Music is the heartbeat of a people the echo of their struggles their triumphs their hopes,74,6,13_15_25_43_48_61,00000000000010100000000010000000000000000010000100000000000010000000000000,_____ __ ___ __a_t____ __ _ __o___ ___ ____ __ _____ s____g___ _____ ____m___ _____ _____
20250507,Art is a wound turned into light a way of giving pain a voice,48,6,20_25_31_38_39_47,000000000000000000010000100000100000011000000010,___ __ _ _____ ______ __t_ ___h_ _ ___ o_ _____g p___ _ ___c_
20250508,A great city is not one that has the most wealth but the most creativity the most culture and the most soul,86,8,5_29_37_38_49_54_58_86,00001000000000000000000000001000000011000000000010000100010000000000000000000000000001,_ ___a_ ____ __ ___ ___ ____ ___ ___ m___ ____th ___ ___ ____ c____i___y ___ ____ _______ ___ ___ ____ ___l
20250509,You can have the best training but just feeling full can make you sluggish and cause you to lose,78,8,8_9_21_24_29_32_41_64,000000011000000000001001000010010000000010000000000000000000000100000000000000,___ ___ _av_ ___ ____ ___i__n_ ___ j__t _______ _u__ ___ ____ ___ ________ __d _____ ___ __ ____
20250510,When we face our problems they disappear So learn from failure and let success be the silent incentive,85,4,29_69_80_84,0000000000000000000000000000100000000000000000000000000000000000000010000000000100010,____ __ ____ ___ ________ ____ ___a_____ __ _____ ____ _______ ___ ___ _______ __ _h_ ______ ___e___v_
20250511,Everybody has their own story everybody has their own journey,52,4,20_31_34_51,0000000000000000000100000000001001000000000000000010,_________ ___ _____ __n _____ _____b__y ___ _____ ___ _____e_
20250512,Believe in yourself and your abilities and no obstacle will be too big to overcome,68,6,3_9_13_17_41_47,00100000100010001000000000000000000000001000001000000000000000000000,__l____ _n ___r___f ___ ____ _________ ___ __ __s_____ w___ __ ___ ___ __ ________
20250513,The colors of Mexico are more than paint They are stories waiting to be told,62,8,12_14_18_28_37_52_54_62,00000000000101000100000000010000000010000000000000010100000001,___ ______ __ M_x___ a__ ____ ___n _____ ___y ___ _______ ____i_g __ __ ___d
20250514,I paint flowers so they will not die so they will remain forever alive on the canvas of the world,78,5,6_12_28_34_70,000001000001000000000000000100000100000000000000000000000000000000000100000000,_ ____t _____r_ __ ____ ____ ___ _i_ __ __e_ ____ ______ _______ _____ __ ___ ______ _f ___ _____
20250515,Mexico is a land of contrasts of fire and water of ancient wisdom and modern dreams,68,4,15_22_37_43,00000000000000100000010000000000000010000010000000000000000000000000,______ __ _ ____ _f ______s__ __ ____ ___ ___e_ __ __c____ ______ ___ ______ ______
20250516,Our history is not only written in books but in the faces the voices and the hands of our people,77,6,10_20_32_33_42_67,00000000010000000001000000000001100000000100000000000000000000000010000000000,___ ______y __ ___ ____ w______ __ ___ks ___ __ ___ f____ ___ ______ ___ ___ _____ o_ ___ ______
20250517,The environment is where we all meet where we all have a mutual interest It is the one thing all of us share,86,4,40_42_52_85,00000000000000000000000000000000000000010100000000010000000000000000000000000000000010,___ ___________ __ _____ __ ___ ____ _____ __ __l _a__ _ ______ i_______ __ __ ___ ___ _____ ___ __ __ ___r_
20250518,I say that the most liberating thing about beauty is realizing that you are the beholder,73,4,18_27_58_67,0000000000000000010000000010000000000000000000000000000001000000001000000,_ ___ ____ ___ ____ __b_______ _h___ _____ ______ __ _________ ____ _o_ ___ ___ _e______
20250519,Mexico is a country where the walls are painted with history the air is filled with music and every meal is a celebration of heritage,109,7,3_59_62_77_78_99_108,0010000000000000000000000000000000000000000000000000000000100100000000000000110000000000000000000010000000010,__x___ __ _ _______ _____ ___ _____ ___ _______ ____ _______ ___ ___ __ f__l__ ____ _____ ___ ev___ ____ __ _ __________n __ ______g_
20250520,Mexican cuisine is a celebration of life a feast of tradition and passion,61,7,1_3_11_21_26_27_55,1010000000100000000010000110000000000000000000000000001000000,M_x____ ___s___ __ _ ___e____io_ __ ____ _ _____ __ _________ ___ p______
20250521,The essence of cinema is not in spectacle but in emotion in making the invisible visible to the heart,83,6,27_36_59_65_82_83,00000000000000000000000000100000000100000000000000000000001000001000000000000000011,___ _______ __ ______ __ ___ __ _p_______ _u_ __ _______ __ ______ ___ _n_____l_ _______ __ ___ ___rt
20250522,A plate of Mexican food is a map of history carrying the stories of the past through each ingredient each recipe each loving preparation,113,5,9_12_38_51_66,00000000100100000000000000000000000001000000000000100000000000000100000000000000000000000000000000000000000000000,_ _____ __ M__i___ ____ __ _ ___ __ _______ ___r____ ___ _____e_ __ ___ ____ ____u__ ____ __________ ____ ______ ____ ______ ___________
20250523,Mexico is not just a country it is an idea a spirit a passion that cannot be contained within its borders,85,7,12_13_23_55_68_78_82,0000000000011000000000100000000000000000000000000000001000000000000100000000010001000,______ __ ___ ju__ _ ______y __ __ __ ____ _ ______ _ _______ ____ __n___ __ _______e_ ______ __s ___d___
20250524,Beauty is not just on the surface its a reflection of the soul,50,6,3_6_13_23_24_28,00100100000010000000001100010000000000000000000000,__a__y __ ___ _u__ __ ___ __rf___ i__ _ __________ __ ___ ____
20250525,Nothing is absolute Everything changes everything moves everything revolves everything flies and goes away,93,9,21_22_25_28_44_62_66_87_91,000000000000000000001100100100000000000000010000000000000000010001000000000000000000001000100,_______ __ ________ ___ry__i__ c______ _________g _____ __________ __v___e_ __________ _____ ___ _o__ _w__
20250526,Most people try to make a better world for our children when what they should be doing is making better children for our world,103,7,1_3_27_36_43_57_75,1010000000000000000000000010000000010000001000000000000010000000000000000010000000000000000000000000000,M_s_ ______ ___ __ ____ _ ______ w____ ___ _u_ _____r__ ____ ____ ___y ______ __ _____ __ __k___ ______ ________ ___ ___ _____
20250527,Literature is not about answers it is about asking better questions about expanding our vision,80,7,5_18_39_40_53_65_71,00001000000000000100000000000000000000110000000000001000000000001000001000000000,____r_____ __ ___ __o__ _______ __ __ _____ __ki__ ______ ____t____ _____ __p_____g ___ ______
20250528,Looking back upon my work today I think the best I have done grew out of things deeply felt the worst from a pride in mere talent,103,9,4_7_15_17_18_36_45_63_78,0001001000000010110000000000000000010000000010000000000000000010000000000000010000000000000000000000000,___k__g ____ ___n _y w___ _____ _ _____ ___ b___ _ ____ d___ ____ ___ __ _____s ______ ____ ___ _o___ ____ _ _____ __ ____ ______
20250529,I hit a lot of bad shots but you just need to laugh about them be able to have a smile on your face and just keep moving,93,6,18_20_63_69_87_89,000000000000000001010000000000000000000000000000000000000000001000001000000000000000001010000,_ ___ _ ___ __ ___ ____s _u_ ___ ____ ____ __ _____ _____ ____ __ ____ __ ____ _ _m___ __ y___ ____ ___ ____ ___p _o____
20250530,The butterfly does not look back upon its caterpillar self either fondly or wistfully It simply flies on,87,9,5_17_37_40_44_48_59_75_77,000010000000000010000000000000000000100100010001000000000010000000000000001010000000000,___ _u_______ ____ n__ ____ ____ ____ ___ __t__p___a_ __l_ ______ ___d__ __ _________ __ s_m___ _____ __
20250531,The flavors of Mexico are its history written in chili and chocolate in corn and spices telling the story of an ancient and living culture,114,7,13_60_68_79_81_95_98,000000000000100000000000000000000000000000000000000000000001000000010000000000101000000000000010010000000000000000,___ _______ __ M_____ ___ ___ _______ _______ __ _____ ___ _________ __ c___ ___ _p____ ______g _h_ _____ __ __ ___i__t ___ ______ _______
20250601,Happiness is not reaching your goal Happiness is being on the way,54,10,10_14_15_20_23_28_30_32_36_52,000000000100011000010010000101010001000000000000000100,_________ i_ __t r____i__ y___ _o_l _a___n___ __ _____ __ ___ w__
20250602,If I have a thousand ideas and only one turns out to be good I am satisfied,59,9,6_12_18_21_26_27_34_44_52,00000100000100000100100001100000010000000001000000010000000,__ _ __v_ _ ___u____ _d__s ___ _nl_ ___ __r__ ___ __ __ g___ _ __ _a_______
20250603,In my career the push has always been to take another step to try something new,64,9,5_9_11_15_21_23_27_35_59,0000100010100010000010100010000000100000000000000000000000100000,__ __ c___e_ t__ _u__ ___ a_w___ b___ __ __k_ _______ ____ __ ___ ______i__ ___
20250604,By attempting the impossible one can attain the highest level of the possible,65,8,6_19_35_39_46_50_54_64,00000100000000000010000000000000001000100000010001000100000000010,__ ___e______ ___ ___o______ ___ ___ ___a__ _h_ _____s_ __v__ _f ___ ______l_
20250605,Swedens National Day celebrates the election of a king and the adoption of a constitution,75,7,7_24_46_48_54_56_70,000000100000000000000001000000000000000000000101000001010000000000000100000,______s ________ ___ _____r____ ___ ________ __ _ ___g _n_ ___ _d_p____ __ _ ______t_____
20250606,We usually say that you cannot become a legend before death but I am a living legend,68,6,3_6_9_38_43_52,00100100100000000000000000000000000001000010000000010000000000000000,__ u__a__y ___ ____ ___ ______ ______ _ _____d ____r_ _____ __t _ __ _ ______ ______
20250607,To write well and to speak well is mere vanity if one does not live well,57,8,4_6_12_21_28_30_37_38,000101000001000000001000000101000000110000000000000000000,__ _r_t_ ____ a__ __ ____k ____ __ m_r_ _____y i_ ___ ____ ___ ____ ____
20250608,Everything great that ever happened in this world happened first in somebodys imagination,77,9,5_7_25_28_51_59_60_64_72,00001010000000000000000010010000000000000000000000100000001100010000000100000,____y_h___ _____ ____ ____ _a__e___ __ ____ _____ ________ f____ __ _om___d__ _____n_____
20250609,There is no peace so complete as the peace you find in the deep forests of Sweden,65,6,19_21_44_51_57_65,00000000000000000010100000000000000000000001000000100000100000001,_____ __ __ _____ __ __m_l___ __ ___ _____ ___ ____ __ t__ ____ f_____s __ _____n
20250610,Fika is a cherished Swedish tradition involving coffee and pastries,58,11,1_12_14_18_20_31_41_42_51_54_55,1000000000010100010100000000001000000000110000000010011000,F___ __ _ ____i_h__ _w_d___ _______o_ ________g c_____ ___ p__tr___
20250611,We are not permitted to choose the frame of our destiny but what we put into it is ours,69,11,6_9_17_20_27_29_31_41_45_49_58,000001001000000010010000001010100000000010001000100000000100000000000,__ ___ n__ p_______d __ c_____ _h_ f_a__ __ ___ __s___y ___ w___ __ ___ i___ __ __ ____
20250612,Sweden will always be my home since my childhood there was like a fairytale,62,10,2_3_6_20_38_44_51_54_56_59,01100100000000000001000000000000000001000001000000100101001000,_we__n ____ ______ __ _y ____ _____ __ ______o__ ___r_ ___ __k_ _ f_i__t___
20250613,Im not afraid of turning eighty and I have lots of things to do I dont have time for dying,71,9,10_20_41_44_47_60_61_64_68,00000000010000000001000000000000000000001001001000000000000110010001000,__ ___ ____i_ __ ______g ______ ___ _ ____ ____ __ t__n__ t_ __ _ ____ ____ ti__ f__ _y___
20250614,Not everyone is capable of madness and of those lucky enough to be capable not many have the courage for it,87,9,12_22_25_27_35_36_59_79_81,000000000001000000000100101000000011000000000000000000000010000000000000000000101000000,___ ________ i_ _______ _f __d_e__ ___ __ th___ _____ ______ __ __ ____b__ ___ ____ ____ ___ ___r_g_ ___ __
20250615,Getting old is like climbing a mountain You get a little out of breath but the view is much better,79,7,10_18_19_24_26_28_50,0000000001000000011000010101000000000000000000000100000000000000000000000000000,_______ __d __ ____ _li____g _ m_u_____ ___ ___ _ ______ ___ o_ ______ ___ ___ ____ __ ____ ______
20250616,I think the only way I could make something fun and big is if I dont expect it to be,65,9,6_8_18_22_23_24_36_52_65,00000101000000000100011100000000000100000000000000010000000000001,_ ____k _h_ ____ ___ _ c___d ma__ _________ f__ ___ ___ __ __ _ __n_ ______ __ __ _e
20250617,Once we start to act hope is everywhere So instead of looking for hope look for action Then and only then hope will come,97,10,5_24_36_37_39_43_47_50_77_86,0000100000000000000000010000000000011010001000100100000000000000000000000000100000000100000000000,____ w_ _____ __ ___ ____ __ _v________ __ _ns_e__ _f ___k__g ___ ____ ____ ___ ______ ____ __d ____ ____ h___ ____ ____
20250618,Many people make the mistake of confusing information with knowledge,59,10,2_4_30_32_41_43_53_55_58_59,01010000000000000000000000000101000000001010000000001010011,_a_y ______ ____ ___ _______ __ ___f_s___ _____m_t___ ____ __o_l__ge
20250619,Sweden is one of the most forested countries in Europe with forests covering much of its landscape,82,9,1_2_15_17_28_71_74_75_81,1100000000000010100000000001000000000000000000000000000000000000000000100110000010,Sw____ __ ___ __ _h_ m___ _______d _________ __ ______ ____ _______ ________ ____ __ i__ la_____p_
20250620,True charity is the desire to be useful to others with no thought of recompense,65,10,3_11_17_19_21_25_32_35_41_60,00100000001000001010100010000001001000001000000000000000000100000,__u_ ______y __ ___ d_s_r_ __ b_ _____l __ o_____ w___ __ _______ __ ____m_____
20250621,The most dangerous poison is the feeling of achievement The antidote is to every evening think what can be done better tomorrow,106,10,2_8_9_11_31_42_72_87_96_102,0100000110100000000000000000001000000000010000000000000000000000000000010000000000000010000000010000010000,_h_ ____ da_g_____ ______ __ ___ ___l___ __ _____v_____ ___ ________ __ __ _____ ____i__ _____ ____ ___ b_ ____ ___t__ ___o____
20250622,The plant kingdom covers the entire earth offering our senses great pleasure and the delights of summer,87,7,6_9_11_15_16_70_86,000001001010001100000000000000000000000000000000000000000000000000000100000000000000010,___ __a__ k_n___m c_____ ___ ______ _____ ________ ___ ______ _____ ________ ___ _h_ ________ __ ____e_
20250623,Midsummer is one of Swedens most important holidays celebrated with dancing food and flower crowns,84,11,5_9_16_17_18_21_30_47_54_60_62,000010001000000111001000000001000000000000000010000001000001010000000000000000000000,____u___r __ ___ _f Sw__e__ ____ __p______ ________ __l______d ____ _a_c___ ____ ___ ______ ______
20250624,Friendship needs no words It is solitude delivered from the anguish of loneliness,69,9,10_18_24_33_40_47_51_53_54,000000000100000001000001000000001000000100000010001011000000000000000,_________p _____ __ w____ _t __ ______d_ _____e___ ___m ___ a_gu___ __ __________
20250625,Lifes a game made for everyone and love is the prize So wake me up when its all over when Im wiser and Im older,87,9,1_16_20_29_31_39_42_76_78,100000000000000100010000000010100000001001000000000000000000000000000000000101000000000,L____ _ ____ ____ _o_ __e_____ ___ l_v_ __ ___ _r__e __ ____ __ __ ____ ___ ___ ____ ____ __ ___e_ a__ __ _____
20250626,After a forced abdication one of Swedens kings became a pirate of the Baltic Sea,66,9,12_18_19_26_30_38_47_54_58,000000000001000001100000010001000000010000000010000001000100000000,_____ _ _____d _____at___ ___ o_ __e____ ___g_ ______ _ p_____ _f ___ B_____ ___
20250627,Before the Beatles songwriters were very anonymous people and nobody paid any attention to them,81,10,7_10_14_19_32_41_44_48_61_63,000000100100010000100000000000010000000010010001000000000000101000000000000000000,______ t__ B___l__ __n________ ____ v___ _____m__s ___p__ ___ ______ _a_d ___ _________ __ ____
20250628,To grow up is to wonder about things To be grown up is to slowly forget the things you wondered about as a child,89,7,8_45_49_56_58_69_82,00000001000000000000000000000000000000000000100010000001010000000000100000000000010000000,__ ____ _p __ __ ______ _____ ______ __ __ _____ __ __ __ s___l_ _____t _h_ ______ ___ w_______ _____ a_ _ _____
20250629,When people criticize me instead of putting my head down it gives me energy to do even more,74,8,1_7_8_32_37_51_59_73,10000011000000000000000000000001000010000000000000100000001000000000000010,W___ __op__ _________ __ _______ __ _u____g __ ____ ____ __ _i___ __ __e___ __ __ ____ __r_
20250630,If you create a piece of software thats essentially free to reproduce you can keep getting paid over and over perpetually,101,9,2_47_52_55_65_75_87_97_101,01000000000000000000000000000000000000000000001000010010000000001000000000100000000000100000000010001,_f ___ ______ _ _____ __ ________ _____ ___________ ___e __ __p__d___ ___ ___ k___ ______g ____ ____ ___ o___ ______u___y
20250701,Love is the poetry of the senses,26,2,5_17,00001000000000001000000000,____ i_ ___ ______ _f ___ ______
20250702,A good book is an event in my life,26,2,9_25,00000000100000000000000010,_ ____ ___k __ __ _____ __ __ __f_
20250703,Art is the most beautiful of all lies,30,5,2_13_18_24_29,010000000000100001000001000010,_r_ __ ___ ____ b____i___ __ a__ __e_
20250704,Paris is the city of light and of liberty,33,4,2_12_15_20,010000000001001000010000000000000,_a___ __ ___ _i__ o_ ___h_ ___ __ _______
20250705,Freedom is nothing but a chance to be better,36,5,7_14_23_33_36,000000100000010000000010000000001001,______m __ ____i__ ___ _ __a___ __ __ __t__r
20250706,The French know that beauty is in the details,37,3,8_16_27,0000000100000001000000000010000000000,___ ____c_ ____ __a_ ______ __ _n ___ _______
20250707,France mother of arts of warfare and of laws,36,3,6_17_22,000001000000000010000100000000000000,_____e ______ __ __t_ __ _a_____ ___ __ ____
20250708,The French live to eat while others eat to live,38,4,12_21_23_31,00000000000100000000101000000010000000,___ ______ __v_ __ ___ __i_e ______ _a_ __ ____
20250709,The French have style and they do it effortlessly,41,5,5_19_28_30_31,00001000000000000010000000010110000000000,___ _r____ ____ _____ a__ ____ __ i_ ef__________
20250710,Art is not what you see but what you make others see,41,2,6_14,00000100000001000000000000000000000000000,___ __ n__ ____ _o_ ___ ___ ____ ___ ____ ______ ___
20250711,The more things change the more they remain the same,43,5,11_12_23_24_30,0000000000110000000000110000010000000000000,___ ____ ___ng_ ______ ___ mo__ ___y ______ ___ ____
20250712,Life shrinks or expands in proportion to ones courage,45,5,4_6_29_41_42,000101000000000000000000000010000000000011000,___e _h_____ __ _______ __ ______t___ __ ____ __ur___
20250713,The heart has its reasons which reason knows nothing of,46,3,12_44_46,0000000000010000000000000000000000000000000101,___ _____ ___ i__ _______ _____ ______ _____ ______g _f
20250714,In France cooking is like art and art is like cooking,43,6,3_5_18_21_24_29,0010100000000000010010010000100000000000000,__ F_a___ _______ __ l__e __t ___ _r_ __ ____ _______
20250715,The most courageous act is still to think for yourself Aloud,50,7,12_14_17_31_34_38_40,00000000000101001000000000000010010001010000000000,___ ____ ____a_e__s ___ __ _____ __ _h__k ___ y_u_____ _____
20250716,True courage is like a kite a contrary wind raises it higher,49,7,7_9_19_21_26_38_44,0000001010000000001010000100000000000100000100000,____ __u_a__ __ ____ _ k_t_ _ __n_____ ____ __i___ __ h_____
20250717,French is the language of love and Paris is the city of romance,51,6,22_23_24_40_41_51,000000000000000000000111000000000000000110000000001,______ __ ___ ________ __ lov_ ___ _____ __ ___ _it_ __ ______e
20250718,The supreme happiness of life is the conviction that we are loved,54,3,15_47_54,000000000000001000000000000000000000000000000010000001,___ _______ ____i____ __ ____ __ ___ __________ ____ __ a__ ____d
20250719,Only passions great passions can elevate the soul to great things,55,3,19_35_52,0000000000000000001000000000000000100000000000000001000,____ ________ _____ _a______ ___ ______e ___ ____ __ _____ __i___
20250720,Happiness is not something ready made It comes from your own actions,57,5,5_20_23_41_44,000010000000000000010010000000000000000010010000000000000,____i____ __ ___ _____h__g _____ ____ __ _____ _r__ y___ ___ _______
20250721,Life is a tragedy for those who feel and a comedy for those who think,55,5,10_34_36_40_55,0000000001000000000000000000000001010001000000000000001,____ __ _ __a____ ___ _____ ___ ____ ___ _ c_m___ f__ _____ ___ ____k
20250722,It is not enough to have a good mind The main thing is to use it well,53,2,8_12,00000001000100000000000000000000000000000000000000000,__ __ ___ e___g_ __ ____ _ ____ ____ ___ ____ _____ __ __ ___ __ ____
20250723,If you were born without wings do nothing to prevent them from growing,58,2,15_41,0000000000000010000000000000000000000000100000000000000000,__ ___ ____ ____ _i_____ _____ __ _______ __ ____e__ ____ ____ _______
20250724,It is the time you have wasted for your rose that makes your rose so important,63,6,11_25_37_38_57_60,000000000010000000000000100000000000110000000000000000001001000,__ __ ___ ___e ___ ____ ______ f__ ____ ____ _ha_ _____ ____ ____ __ __p__t___
20250725,To be a Parisian is not about being born in Paris its about being reborn there,63,4,12_26_52_54,000000000001000000000000010000000000000000000000000101000000000,__ __ _ ______a_ __ ___ _____ __i__ ____ __ _____ ___ _____ ____g _e____ _____
20250726,In France wine is not just a drink its a culture a philosophy a way of life,59,6,9_34_39_40_42_46,00000000100000000000000000000000010000110100010000000000000,__ ______ w___ __ ___ ____ _ _____ ___ _ __l____ a p_i___o___ _ ___ __ ____
20250727,You cannot swim for new horizons until you have courage to lose sight of the shore,67,4,3_13_26_32,0010000000001000000000000100000100000000000000000000000000000000000,__u ______ ___m ___ ___ ______n_ ____l ___ ____ _______ __ ____ _____ __ ___ _____
20250728,Paris is the fountain of elegance and the repository of all that is beautiful in life,70,3,24_35_49,0000000000000000000000010000000000100000000000001000000000000000000000,_____ __ ___ ________ __ ___g____ ___ ___ r_________ __ __l ____ __ _________ __ ____
20250729,The real voyage of discovery consists not in seeking new landscapes but in having new eyes,75,6,2_6_29_35_56_58,010001000000000000000000000010000010000000000000000000010100000000000000000,_h_ __a_ ______ __ _________ ____i___ __t __ _______ ___ ________e_ b__ __ ______ ___ ____
20250730,Perfection is achieved not when there is nothing more to add but when there is nothing left to take away,85,5,4_8_20_51_52,0001000100000000000100000000000000000000000000000011000000000000000000000000000000000,___f___i__ __ _______d ___ ____ _____ __ _______ ____ __ ___ bu_ ____ _____ __ _______ ____ __ ____ ____
20250731,In Paris there is always something to be discovered something new to fall in love with,71,7,4_19_23_24_32_43_58,00010000000000000010001100000001000000000010000000000000010000000000000,__ _a___ _____ __ ____y_ __me_____ __ b_ _________d _________ ___ __ f___ __ ____ ____
20250801,Art is never finished only abandoned,31,5,3_11_21_25_27,0010000000100000000010001010000,__t __ _____ f_______ __l_ __a_d____
20250802,Wine is sunlight held together by water,33,5,11_12_27_29_30,000000000011000000000000001011000,____ __ ____ig__ ____ ________ b_ wa___
20250803,Life is a combination of magic and pasta,33,5,6_9_10_11_30,000001001110000000000000000001000,____ _s _ _omb_______ __ _____ ___ _a___
20250804,Italy is the land of opera art and passion,34,4,5_27_33_34,0000100000000000000000000010000011,____y __ ___ ____ __ _____ ___ __d _____on
20250805,Every man is the architect of his own fortune,37,3,2_3_6,0110010000000000000000000000000000000,_ve__ m__ __ ___ _________ __ ___ ___ _______
20250806,You may have the universe if I may have Italy,36,3,2_10_24,010000000100000000000001000000000000,_o_ ___ ___e ___ ________ __ I ___ ____ _____
20250807,Time is what we want most but what we use worst,37,3,2_8_32,0100000100000000000000000000000100000,_i__ __ _h__ __ ____ ____ ___ ____ __ __e _____
20250808,The noblest pleasure is the joy of understanding,41,2,8_24,00000001000000000000000100000000000000000,___ ____e__ ________ __ ___ j__ __ _____________
20250809,A room without books is like a body without a soul,40,4,9_16_25_33,0000000010000001000000001000000010000000,_ ____ ___h___ ___k_ __ ____ _ b___ ____o__ _ ____
20250810,Art is the lie that enables us to realize the truth,41,4,7_18_19_28,00000010000000000110000000010000000000000,___ __ _h_ ___ ____ __ab___ __ __ _e_____ ___ _____
20250811,The wise man does at once what the fool does finally,42,5,5_10_22_28_34,000010000100000000000100000100000100000000,___ _i__ __n ____ __ ____ _h__ ___ f___ __e_ _______
20250812,If you do something only for money its not worth doing,44,7,11_12_19_20_21_39_44,00000000001100000011100000000000000000100001,__ ___ __ ___et____ __ly f__ _____ ___ ___ ____h ____g
20250813,It is not titles that honor men but men that honor titles,46,5,5_13_16_18_27,0000100000001001010000000010000000000000000000,__ __ n__ _____s __a_ h____ ___ _u_ ___ ____ _____ ______
20250814,The greater the difficulty the more glory in surmounting it,50,8,7_10_14_17_18_19_27_44,00000010010001001110000000100000000000000001000000,___ ___a__r ___ d__fic____ ___ m___ _____ __ ______n____ __
20250815,The true sign of intelligence is not knowledge but imagination,53,7,5_6_9_31_35_44_45,00001100100000000000000000000010001000000001100000000,___ _ru_ _i__ __ ____________ __ ___ k___l____ ___ _ma________
20250816,Life is what happens to you while youre busy making other plans,52,4,3_27_37_41,0010000000000000000000000010000000001000100000000000,__f_ __ ____ _______ __ ___ ____e _____ ____ m___n_ _____ _____
20250817,Obstacles cannot crush me every obstacle yields to stern resolve,55,7,5_7_12_16_18_31_37,0000101000010001010000000000001000001000000000000000000,____a_l__ __n___ c_u__ __ _____ ___t____ _i____ __ _____ _______
20250818,All our dreams can come true if we have the courage to pursue them,53,4,19_24_26_43,00000000000000000010000101000000000000000010000000000,___ ___ ______ ___ ___e ____ i_ w_ ____ ___ _______ _o ______ ____
20250819,To be Ferrari is to be Italian It is to win with elegance and style,53,3,3_6_32,00100100000000000000000000000001000000000000000000000,__ b_ _e_____ __ __ __ _______ __ __ __ _i_ ____ ________ ___ _____
20250820,There is no greatness where there is no simplicity goodness and truth,58,4,19_26_35_39,0000000000000000001000000100000000100010000000000000000000,_____ __ __ _________ w____ __e__ __ __ __m___c___ ________ ___ _____
20250821,There is no end There is no beginning There is only the passion of life,57,3,3_28_51,001000000000000000000000000100000000000000000000001000000,__e__ __ __ ___ _____ __ __ ______i__ _____ __ ____ ___ ______n __ ____
20250822,Rome is the city of echoes the city of illusions and the city of yearning,59,7,5_20_23_28_40_42_55,00001000000000000001001000010000000000010100000000000010000,____ i_ ___ ____ __ ____e_ _h_ ___y __ _________ a_d ___ ____ __ ___r____
20250823,Failure is only the opportunity to begin again this time more intelligently,64,5,19_33_43_59_60,0000000000000000001000000000000010000000001000000000000000110000,_______ __ ____ ___ __p________ __ ___i_ _____ ___s ____ ____ _______ge____
20250824,In art the hand can never execute anything higher than the heart can imagine,63,3,21_25_33,000000000000000000001000100000001000000000000000000000000000000,__ ___ ___ ____ ___ _____ e___u__ _____i__ ______ ____ ___ _____ ___ _______
20250825,Ive failed over and over and over again in my life and that is why I succeed,60,8,6_14_20_29_37_54_55_57,000001000000010000010000000010000000100000000000000001101000,___ __i___ ____ a__ ___r ___ ____ _g___ __ __ l___ ___ ____ __ ___ _ su_c___
20250826,Venice is a city of infinite beauty where history whispers through the canals,65,6,17_33_36_42_46_64,00000000000000001000000000000000100100000100010000000000000000010,______ __ _ ____ __ _n______ ______ ___r_ _i_____ w___p___ _______ ___ ____l_
20250827,Our deepest fear is not that we are inadequate Our deepest fear is that we are powerful beyond measure,84,5,3_31_44_72_78,001000000000000000000000000000100000000000010000000000000000000000000001000001000000,__r _______ ____ __ ___ ____ __ ___ __a_______ ___ __e____ ____ __ ____ __ ___ ________ b_____ m______
20250828,Dreams are the seeds of change Nothing ever grows without a seed and nothing ever changes without a dream,87,7,1_4_19_20_27_50_66,100100000000000000110000001000000000000000000000010000000000000001000000000000000000000,D__a__ ___ ___ _____ _f c_____ _o_____ ____ _____ _______ _ s___ ___ _______ __e_ _______ _______ _ _____
20250829,Iron rusts from disuse water loses its purity from stagnation Even so does inaction sap the vigor of the mind,90,7,12_20_33_64_72_75_78,000000000001000000010000000000001000000000000000000000000000000100000001001001000000000000,____ _____ __o_ ______ w____ _____ ___ p_____ ____ __________ ____ __ ____ _n______ _a_ _h_ _i___ __ ___ ____
20250830,The real question is not whether life exists after death The real question is whether you are alive before death,93,6,42_66_67_72_81_83,000000000000000000000000000000000000000001000000000000000000000001100001000000001010000000000,___ ____ ________ __ ___ _______ ____ ______ ____r _____ ___ ____ ________ __ _he____ y__ ___ ___v_ b_____ _____
20250831,Venice is a city that exists in defiance of reality a dream that refuses to wake up,67,4,1_19_28_39,1000000000000000001000000001000000000010000000000000000000000000000,V_____ __ _ ____ ____ _x____ __ __f_____ __ ___l___ _ _____ ____ _______ __ ____ __
20250901,Only do what your heart tells you,27,6,3_7_10_15_24_27,001000100100001000000001001,__l_ __ w__t ____ h____ ____s __u
20250902,The pen is mightier than the sword,28,7,9_11_15_19_25_26_28,0000000010100010001000001101,___ ___ __ m_g___e_ __a_ ___ _wo_d
20250903,A day without laughter is a day wasted,31,5,13_15_21_23_30,0000000000001010000010100000010,_ ___ _______ _a_g____ _s _ d__ ____e_
20250904,Intelligence is the ability to adapt to change,39,3,7_30_36,000000100000000000000000000001000001000,______i_____ __ ___ _______ __ ___p_ __ __a___
20250905,We know what we are but know not what we may be,36,6,4_5_8_9_14_18,000110011000010001000000000000000000,__ _no_ _ha_ __ _r_ __t ____ ___ ____ __ ___ __
20250906,I find Cambridge an asylum in every sense of the word,43,8,6_12_13_15_20_21_41_42,0000010000011010000110000000000000000000110,_ ____ C_____dg_ a_ ___lu_ __ _____ _____ __ ___ _or_
20250907,Attitude is a little thing that makes a big difference,45,3,1_4_6,100101000000000000000000000000000000000000000,A__i_u__ __ _ ______ _____ ____ _____ _ ___ __________
20250908,Life is what happens when youre busy making other plans,46,7,13_21_22_33_34_38_42,0000000000001000000011000000000011000100010000,____ __ ____ __p____ ___n y____ ____ __ki__ _t___ p____
20250909,Time is a strange thing it is infinite but feels finite,45,3,3_16_41,001000000000000100000000000000000000000010000,__m_ __ _ _______ _h___ __ __ ________ ___ _____ _i____
20250910,It is not in the stars to hold our destiny but in ourselves,47,5,8_34_35_44_46,00000001000000000000000000000000011000000001010,__ __ ___ i_ ___ _____ __ ____ ___ _______ bu_ __ _____l_e_
20250911,The joy of life comes from our encounters with new experiences,52,8,6_9_16_21_29_38_41_43,0000010010000001000010000000100000000100101000000000,___ __y __ l___ ___e_ ___m ___ ____u_____ ___h __w _x_________
20250912,Youre never too old to set another goal or to dream a new dream,50,5,9_12_14_23_33,00000000100101000000001000000000100000000000000000,_____ ___e_ _o_ o__ __ ___ _n_____ ____ o_ __ _____ _ ___ _____
20250913,Life is a tragedy when seen in closeup but a comedy in longshot,51,6,2_8_10_15_25_28,010000010100001000000000100100000000000000000000000,_i__ __ _ t_a____ w___ ____ __ c__s___ ___ _ ______ __ ________
20250914,All we have to decide is what to do with the time that is given to us,53,3,13_18_47,00000000000010000100000000000000000000000000001000000,___ __ ____ __ _e____ i_ ____ __ __ ____ ___ ____ ____ __ __v__ __ __
20250915,If youre going to have a story have a big bold entertaining story,53,7,5_18_34_41_44_46_49,00001000000000000100000000000000010000001001010010000,__ __u__ _____ __ ___e _ _____ ____ _ ___ _o__ ____r__i_i__ s____
20250916,Instinct is a marvelous thing It can neither be explained nor ignored,58,5,8_41_44_47_55,0000000100000000000000000000000000000000100100100000001000,_______t __ _ _________ _____ __ ___ _______ __ _x__a__e_ ___ ___o___
20250917,Dont be afraid of change because it is leading you to a new beginning,56,2,8_12,00000001000100000000000000000000000000000000000000000000,____ __ _f___d __ ______ _______ __ __ _______ ___ __ _ ___ _________
20250918,Success is stumbling from failure to failure with no loss of enthusiasm,60,7,3_14_18_23_29_48_52,001000000000010001000010000010000000000000000001000100000000,__c____ __ ____b___g ____ f_____e __ _______ ____ __ ___s __ _n________
20250919,It is our choices that show what we truly are far more than our abilities,59,2,16_56,00000000000000010000000000000000000000000000000000000001000,__ __ ___ _______ _h__ ____ ____ __ _____ ___ ___ ____ ____ ___ _____t___
20250920,Everyone needs to be valued Everyone has the potential to give something back,65,8,2_10_19_21_28_36_38_65,01000000010000000010100000010000000101000000000000000000000000001,_v______ _e___ __ __ _a_u__ ____y___ ___ _h_ p________ __ ____ _________ ___k
20250921,The greatest enemy of knowledge is not ignorance it is the illusion of knowledge,67,3,22_39_54,0000000000000000000001000000000000000010000000000000010000000000000,___ ________ _____ __ ___w_____ __ ___ ______n__ __ __ ___ _____i__ __ _________
20250922,The whole point of satire is to make people laugh and by laughing get them to think,67,5,15_20_44_61_66,0000000000000010000100000000000000000000000100000000000000001000010,___ _____ _____ _f ____r_ __ __ ____ ______ _____ ___ b_ ________ ___ ____ t_ ___n_
20250923,If you can meet with triumph and disaster and treat those two impostors just the same,70,2,17_65,0000000000000000100000000000000000000000000000000000000000000000100000,__ ___ ___ ____ ____ t______ ___ ________ ___ _____ _____ ___ _________ ____ _h_ ____
20250924,Some are born great some achieve greatness and some have greatness thrust upon them,70,6,22_24_50_53_63_64,0000000000000000000001010000000000000000000000000100100000000011000000,____ ___ ____ _____ ____ _c_i___ _________ ___ ____ ____ __e__n___ ______ up__ ____
20250925,If more of us valued food and cheer and song above hoarded gold it would be a merrier world,73,6,11_17_25_26_35_54,0000000000100000100000001100000000100000000000000000010000000000000000000,__ ____ __ __ v_____ f___ ___ _he__ ___ ___g _____ _______ ____ __ w____ __ _ _______ _____
20250926,Courage is what it takes to stand up and speak courage is also what it takes to sit down and listen,79,2,4_44,0001000000000000000000000000000000000000000100000000000000000000000000000000000,___r___ __ ____ __ _____ __ _____ __ ___ _____ ______e __ ____ ____ __ _____ __ ___ ____ ___ ______
20250927,Its worth remembering that it is often the small steps not the giant leaps that bring about the most lasting change,95,2,12_48,00000000000100000000000000000000000000000000000100000000000000000000000000000000000000000000000,___ _____ ___e_______ ____ __ __ _____ ___ _____ _____ __t ___ _____ _____ ____ _____ _____ ___ ____ _______ ______
20250928,Comedy is a very personal thing and its based on our experiences and who we are So each of us creates our own sense of humor,99,8,21_26_33_48_66_78_80_99,000000000000000000001000010000001000000000000001000000000000000001000000000001010000000000000000001,______ __ _ ____ _______l ____g ___ ___ b____ __ ___ _____i_____ ___ ___ __ ___ _o ____ __ __ ___a_e_ ___ ___ _____ __ ____r
20250929,Carry out a random act of kindness with no expectation of reward safe in the knowledge that one day someone might do the same for you,108,7,11_28_35_43_67_84_86,000000000010000000000000000100000010000000100000000000000000000000100000000000000001010000000000000000000000,_____ ___ _ _a____ ___ __ _______s ____ __ e_______i__ __ ______ ____ __ ___ ____l____ ____ ___ ___ __m_o__ _____ __ ___ ____ ___ ___
20250930,Writing is not an enjoyable occupation Writing is not something where you get to just sit down and you have tea and some biscuits and relax,114,10,2_3_7_17_28_30_44_48_56_60,011000100000000010000000000101000000000000010001000000010001000000000000000000000000000000000000000000000000000000,_ri___g __ ___ __ __j______ ____p_t___ _______ __ _o_ __m______ _h___ y__ ___ __ ____ ___ ____ ___ ___ ____ ___ ___ ____ ________ ___ _____
20251001,Imagination is the highest form of research,37,5,8_15_24_34_36,0000000100000010000000010000000001010,_______t___ __ _h_ _______ f___ __ ____a_c_
20251002,Music is like a dream One that I cannot hear,35,5,7_8_9_26_31,00000011100000000000000001000010000,_____ _s li__ _ _____ ___ ____ _ c____t ____
20251003,I always thought records were there to be broken,40,4,1_2_4_7,1101001000000000000000000000000000000000,I a_w__s _______ _______ ____ _____ __ __ ______
20251004,Art is the only way to run away without leaving home,42,7,5_23_24_31_38_41_42,000010000000000000000011000000100000010011,___ _s ___ ____ ___ __ ___ __ay ______t ______g __me
20251005,A clever person solves a problem A wise person avoids it,46,3,9_13_39,0000000010001000000000000000000000000010000000,_ ______ _e___n ______ _ _______ _ ____ ______ a_____ __
20251006,Music is a higher revelation than all wisdom and philosophy,50,6,2_5_34_37_43_50,01001000000000000000000000000000010010000010000001,_u__c __ _ ______ __________ ____ ___ __s__m ___ __i______y
20251007,Art does not reproduce what we see rather it makes us see,46,5,7_13_25_29_35,0000001000001000000000001000100000100000000000,___ ___s ___ __p______ ____ _e ___ r_____ i_ _____ __ ___
20251008,When one burns ones bridges what a very nice fire it makes,47,6,18_30_39_44_45_46,00000000000000000100000000000100000000100001110,____ ___ _____ ____ _r_____ ____ _ _e__ ____ __r_ __ _ake_
20251009,In Germany opera is not just an art form its a way of life,45,6,11_21_29_33_38_42,000000000010000000001000000010001000010001000,__ _______ _p___ __ ___ _u__ __ ___ f___ i__ _ _a_ __ l___
20251010,Germany has always been a center for art music and football,49,6,8_11_37_41_42_43,0000000100100000000000000000000000001000111000000,_______ h__ a_____ ____ _ ______ ___ ___ ___i_ __d fo______
20251011,The book is a film that takes place in the mind of the reader,48,2,15_34,000000000000001000000000000000000100000000000000,___ ____ __ _ ____ t___ _____ _____ __ ___ m___ __ ___ ______
20251012,You must have chaos within you to give birth to a dancing star,50,6,15_21_36_40_43_46,00000000000000100000100000000000000100010010010000,___ ____ ____ ___o_ ____i_ ___ __ ____ ____h __ _ d__c__g ____
20251013,The German football mentality is one of strength and resilience,54,6,4_7_8_12_44_48,000100110001000000000000000000000000000000010001000000,___ G__ma_ __o_____ _________ __ ___ __ ________ __d ___i______
20251014,An artist never really finishes his work he merely abandons it,52,9,6_8_13_31_34_42_44_48_50,0000010100001000000000000000001001000000010100010100,__ ___i_t ____r ______ ________ ___ w__k __ _____y _b___o_s __
20251015,If I were not a German footballer I would be a German composer,50,3,31_41_42,00000000000000000000000000000010000000001100000000,__ _ ____ ___ _ ______ __________ _ __u__ __ _ ____an ________
20251016,Music is in the soul of Germany just as football is in its heart,51,6,1_18_24_25_26_33,100000000000000001000001110000001000000000000000000,M____ __ __ ___ ____ _f _____ny j___ __ _o______ __ __ ___ _____
20251017,Dare to err and to dream Deep meaning often lies in childish play,53,5,13_26_35_46_50,00000000000010000000000001000000001000000000010001000,____ __ ___ ___ t_ _____ ____ __a____ ____n ____ __ ____d___ p___
20251018,All theory is gray my friend But forever green is the tree of life,53,3,1_29_31,10000000000000000000000000001010000000000000000000000,A__ ______ __ ____ __ ______ ___ __r_v__ _____ __ ___ ____ __ ____
20251019,In football everything is possible from the impossible to the probable,60,5,8_11_23_44_45,000000010010000000000010000000000000000000011000000000000000,__ _____a__ e_________ __ p_______ ____ ___ ______ib__ __ ___ ________
20251020,The greatest composer in Germany is without a doubt Johann Sebastian Bach,62,4,12_14_39_53,00000000000101000000000000000000000000100000000000001000000000,___ ________ c_m_____ __ _______ __ _______ _ d____ ______ ___a_____ ____
20251021,German football has a history of winning through perseverance and precision,65,5,34_36_45_53_63,00000000000000000000000000000000010100000000100000001000000000100,______ ________ ___ _ _______ __ ______g _h_____ ___s_______e ___ ______i__
20251022,The only way to deal with this life meaningfully is to find joy in the journey,63,5,19_31_33_55_59,000000000000000000100000000000101000000000000000000000100010000,___ ____ ___ __ ____ __t_ ____ ____ __a_i_______ __ __ ____ ___ __ _h_ __u____
20251023,One must still have chaos in oneself to be able to give birth to a dancing star,63,8,4_10_15_28_30_54_55_59,000100000100001000000000000101000000000000000000000001100010000,___ m___ __i__ __v_ _____ __ ____e_f __ __ ____ __ ____ _____ __ _ _an___g ____
20251024,Talent hits a target no one else can hit genius hits a target no one else can see,64,4,8_17_33_46,0000000100000000100000000000000010000000000001000000000000000000,______ _i__ _ _____t __ ___ ____ ___ ___ g_____ ____ _ __r___ __ ___ ____ ___ ___
20251025,There is always some madness in love But there is also always some reason in madness,69,2,64_67,000000000000000000000000000000000000000000000000000000000000000100100,_____ __ ______ ____ _______ __ ____ ___ _____ __ ____ ______ ____ ______ __ _a__e__
20251026,You cannot always control what goes on outside But you can always control what goes on inside,77,2,68_72,00000000000000000000000000000000000000000000000000000000000000000001000100000,___ ______ ______ _______ ____ ____ __ _______ ___ ___ ___ ______ _______ ____ __e_ __ i_____
20251027,And those who were seen dancing were thought to be insane by those who could not hear the music,77,5,9_13_21_26_61,00000000100010000000100001000000000000000000000000000000000010000000000000000,___ _____ w__ _e__ ____ _a____g ____ _______ __ __ ______ __ _____ ___ ___l_ ___ ____ ___ _____
20251028,Science arose from poetry when times change the two can meet again on a higher level as friends,78,4,18_34_42_77,000000000000000001000000000000000100000001000000000000000000000000000000000010,_______ _____ ____ _o____ ____ _____ __a___ ___ _w_ ___ ____ _____ __ _ ______ _____ __ _____d_
20251029,Germany with its tradition of music and football is where both my heart and my mind find balance,79,5,1_12_39_48_67,1000000000010000000000000000000000000010000000010000000000000000001000000000000,G______ ____ i__ _________ __ _____ ___ _____a__ __ ____e ____ __ _____ ___ __ __n_ ____ _______
20251030,Berlin is more a part of the world than a city It is a place of exile refuge a place for creativity,78,5,31_34_50_71_72,000000000000000000000000000000100100000000000000010000000000000000000011000000,______ __ ____ _ ____ __ ___ _____ ___n _ _i__ __ __ _ _____ __ _x___ ______ _ _____ ___ __ea______
20251031,Whoever fights monsters should see to it that in the process he does not become a monster And if you gaze long enough into an abyss the abyss will gaze back into you,133,5,36_44_86_90_104,0000000000000000000000000000000000010000000100000000000000000000000000000000000000000100010000000000000100000000000000000000000000000,_______ ______ ________ ______ ___ __ __ _h__ __ ___ p______ __ ____ ___ ______ _ _______ ___ __ ___ ____ l___ e_____ ____ __ __y__ ___ _____ ____ ____ ____ ____ ___
20251101,The future depends on what you do today,32,2,6_32,00000100000000000000000000000001,___ __t___ _______ __ ____ ___ __ ____y
20251102,Liberty is the breath of life to nations,33,4,24_27_28_29,000000000000000000000001001110000,_______ __ ___ ______ __ ___e __ nat____
20251103,Art is not what you see but what you make others see,41,5,4_7_11_18_39,00010010001000000100000000000000000000100,___ i_ _o_ __a_ ___ __e ___ ____ ___ ____ ______ s__
20251104,An eye for an eye will only make the whole world blind,43,3,24_26_38,0000000000000000000000010100000000000100000,__ ___ ___ __ ___ ____ ____ __k_ t__ _____ ____d _____
20251105,Life is bigger than death hope is stronger than despair,46,5,1_3_7_9_43,1010001010000000000000000000000000000000001000,L_f_ __ b_g___ ____ _____ ____ __ ________ ____ ___p___
20251106,A good artist has less time than you think Use it wisely,45,6,4_6_21_33_39_41,000101000000000000001000000000001000001010000,_ __o_ a_____ ___ ____ __m_ ____ ___ ___n_ ___ _t _i____
20251107,Books are the means by which we build bridges between cultures,52,5,4_14_33_44_47,0001000000000100000000000000000010000000000100100000,___k_ ___ ___ __a__ __ _____ __ _____ __i____ ______n __l_____
20251108,Freedom of speech and expression is the foundation of democracy,54,5,36_41_47_48_53,000000000000000000000000000000000001000010000011000010,_______ __ ______ ___ __________ __ ___ __u____i__ __ _em____c_
20251109,Success and failure are both part of life Both are not permanent,53,3,1_12_16,10000000000100010000000000000000000000000000000000000,S______ ___ _a___r_ ___ ____ ____ __ ____ ____ ___ ___ _________
20251110,I have always believed that process is more important than results,56,5,17_37_39_47_52,00000000000000001000000000000000000010100000001000010000,_ ____ ______ _____v__ ____ _______ __ ____ i_p______ _h__ __s____
20251111,You cant cross the sea merely by standing and staring at the water,54,6,2_3_9_19_31_40,011000001000000000100000000000100000000100000000000000,_ou ____ _r___ ___ ___ m_____ __ ____d___ ___ __a____ __ ___ _____
20251112,The sword of revolution is sharpened on the whetting stone of ideas,56,3,15_25_36,00000000000000100000000010000000000100000000000000000000,___ _____ __ ____l_____ __ __a______ __ __e ________ _____ __ _____
20251113,Take the stones people throw at you and use them to build a monument,55,7,3_19_27_30_42_46_51,0010000000000000001000000010010000000000010001000010000,__k_ ___ ______ _____e _____ __ y__ a__ ___ ____ __ b___d _ ___u____
20251114,It is very easy to defeat someone but it is very hard to win someone,54,6,10_17_28_29_37_45,000000000100000010000000000110000000100000001000000000,__ __ ____ _a__ __ __f___ _______ bu_ __ __ __r_ ____ __ w__ _______
20251115,Live as if you were to die tomorrow Learn as if you were to live forever,57,2,9_34,000000001000000000000000000000000100000000000000000000000,____ __ __ y__ ____ __ ___ ________ _____ a_ __ ___ ____ __ ____ _______
20251116,The fire that warms us can also consume us it is not the fault of the fire,58,4,5_6_30_48,0000110000000000000000000000010000000000000000010000000000,___ _ir_ ____ _____ __ ___ ____ ____u__ __ __ __ ___ ___ ___l_ __ ___ ____
20251117,Dreams are not what you see in sleep but the ones which dont let you sleep,59,2,2_4,01010000000000000000000000000000000000000000000000000000000,_r_a__ ___ ___ ____ ___ ___ __ _____ ___ ___ ____ _____ ____ ___ ___ _____
20251118,I dont count my sitar as a musical instrument but as an extension of my soul,61,4,23_34_53_61,0000000000000000000000100000000001000000000000000000100000001,_ ____ _____ __ _____ __ _ __s____ ______m___ ___ __ __ ________n __ __ ___l
20251119,Strength does not come from physical capacity It comes from an indomitable will,67,8,25_28_33_34_47_55_62_64,0000000000000000000000001001000011000000000000100000001000000101000,________ ____ ___ ____ ____ _h__i___ _ap_____ __ _____ f___ __ __d______l_ w___
20251120,For an artist understanding the soul of the culture is as important as the art itself,70,4,19_21_43_49,0000000000000000001010000000000000000000001000001000000000000000000000,___ __ ______ _______a_d___ ___ ____ __ ___ ______e __ __ _m_______ __ ___ ___ ______
20251121,I measure the progress of a community by the degree of progress which women have achieved,74,3,17_37_70,00000000000000001000000000000000000010000000000000000000000000000000010000,_ _______ ___ _____e__ __ _ _________ __ ___ d_____ __ ________ _____ _____ ____ ___i____
20251122,Revolution is an inalienable right of mankind Freedom is an imperishable birthright of all,77,4,22_50_54_66,00000000000000000000010000000000000000000000000001000100000000000100000000000,__________ __ __ _______a___ _____ __ _______ _______ __ _n ___e________ ___t______ __ ___
20251123,At the stroke of the midnight hour when the world sleeps India will awake to life and freedom,76,5,10_43_45_58_68,0000000001000000000000000000000000000000001010000000000001000000000100000000,__ ___ ____k_ __ ___ ________ ____ ____ ___ _____ __e_p_ _____ ____ __a__ __ ____ _n_ _______
20251124,A countrys greatness lies in its undying ideals of love and sacrifice that inspire the mothers of the race,88,8,12_22_29_46_56_67_74_87,0000000000010000000001000000100000000000000001000000000100000000001000000100000000000010,_ ________ __e______ ___s __ ___ _n_____ ______ __ ___e ___ ______i__ ____ ____i__ ___ _o_____ __ ___ __c_
20251125,From the majestic Himalayas to the backwaters of Kerala India is a land where every landscape tells a story,89,8,3_7_10_13_66_69_73_85,00100010010010000000000000000000000000000000000000000000000000000100100010000000000010000,__o_ __e __j__t__ _________ __ ___ __________ __ ______ _____ __ _ ____ _____ _v__y ___d_____ _____ _ s____
20251126,The Indian way of life is like a rainbow where every color represents a different culture tradition and community,95,7,2_8_17_59_64_79_95,01000001000000001000000000000000000000000000000000000000001000010000000000000010000000000000001,_h_ ____a_ ___ __ __f_ __ ____ _ _______ _____ _____ _____ __________ _ d____r___ _______ ____i____ ___ ________y
20251127,They may kill me but they cannot kill my ideas They can crush my body but they will not be able to crush my spirit,90,4,8_72_82_87,000000010000000000000000000000000000000000000000000000000000000000000001000000000100001000,____ ___ k___ __ ___ ____ ______ ____ __ _____ ____ ___ _____ __ ____ ___ ____ ____ ___ __ a___ __ ____h __ __i___
20251128,Indian cuisine is as diverse as its culture and each dish tells a story of the region its people and their history,93,5,4_66_78_79_93,000100000000000000000000000000000000000000000000000000000000000001000000000001100000000000001,___i__ _______ __ __ _______ __ ___ _______ ___ ____ ____ _____ _ _____ __ ___ __g___ ___ _____e a__ _____ ______y
20251129,There is no country like India It is the land of religions a cradle of spirituality and the birthplace of knowledge,95,2,74_87,00000000000000000000000000000000000000000000000000000000000000000000000001000000000000100000000,_____ __ __ _______ ____ _____ __ __ ___ ____ __ _________ _ ______ __ ____________ ___ __e __________ __ k________
20251130,India is an oasis of civilization where culture religion and tradition come together to create a unique tapestry of life,101,7,20_34_43_45_53_70_91,00000000000000000001000000000000010000000010100000001000000000000000010000000000000000000010000000000,_____ __ __ _____ __ ___i________ _____ c______ __l_g___ ___ _r_______ ____ _____h__ __ ______ _ ______ ___e____ __ ____
20251201,In Canada nature shapes the culture,30,5,6_9_18_24_30,000001001000000001000001000001,__ ___a__ n_____ ___p__ ___ c_____e
20251202,Fiction is the truth inside the lie,29,4,2_6_16_23,01000100000000010000001000000,_i___o_ __ ___ ___t_ _____e ___ ___
20251203,In the end well all become stories,28,6,4_8_14_18_24_27,0001000100000100010000010010,__ _h_ __d ____ _l_ __c___ __o__e_
20251204,Canada is a symphony of cultures,27,5,1_5_13_15_27,100010000000101000000000001,C___d_ __ _ ___p_o__ __ _______s
20251205,Nothing is impossible if you dare to try,33,5,3_10_14_21_28,001000000100010000001000000100000,__t____ __ i___s_____ _f ___ ___e __ ___
20251206,Only in the darkness can you see the stars,34,4,3_8_12_32,0010000100010000000000000000000100,__l_ __ _h_ __r_____ ___ ___ ___ ___ __a__
20251207,Canadas diversity is its strength and soul,36,5,2_5_12_23_25,010010000001000000000010100000000000,_a__d__ ____r____ __ ___ _t_e____ ___ ____
20251208,Its the ordinary things that seem important to me,41,5,9_13_16_25_31,00000000100010010000000010000010000000000,___ ___ __d___r_ _h____ ____ s___ __p______ __ __
20251209,The past is not a package one can lay away,33,5,6_12_17_25_33,000001000001000010000000100000001,___ __s_ __ __t _ ___k___ ___ _a_ ___ ___y
20251210,Canadas identity is a quiet confidence,33,5,6_9_14_21_30,000001001000010000001000000001000,_____a_ _d____t_ __ _ __i__ ______e___
20251211,Memory is the way we keep telling ourselves our stories,46,7,2_6_19_23_34_43_44,0100010000000000001000100000000001000000001100,_e___y __ ___ ___ __ __e_ __l____ ______v__ ___ ___ri__
20251212,Canada is the land of the open mind and the open heart,43,5,1_13_14_26_42,1000000000001100000000000100000000000000010,C_____ __ ___ _an_ __ ___ ____ _i__ ___ ___ ____ ___r_
20251213,Nothing makes you happier than doing something worthwhile,50,7,4_10_22_25_33_40_47,00010000010000000000010010000000100000010000001000,___h___ __k__ ___ ______r __a_ _____ _o______g ______h___
20251214,To understand Canada start with its winters,37,5,7_9_12_19_35,0000001010010000001000000000000000100,__ ____r_t__d ______ s____ ____ ___ ____e__
20251215,There are no passengers on spaceship earth We are all crew,48,7,1_10_16_20_26_34_43,100000000100000100010000010000000100000000100000,T____ ___ _o _____n___s __ ___c_____ __r__ __ ___ _l_ ____
20251216,Canada is the homeland of equality justice and tolerance,48,9,4_14_19_24_26_28_34_44_46,000100000000010000100001010100000100000000010100,___a__ __ ___ __m____d __ __u_l_t_ ____i__ ___ ____r_n__
20251217,Never underestimate the power of stories to bring us together,52,6,3_6_9_12_23_47,0010010010010000000000100000000000000000000000100000,__v__ u__e__s______ ___ _o___ __ _______ __ _____ __ __g_____
20251218,Its not what the world holds for you Its what you bring to it,48,5,5_8_18_41_43,000010010000000001000000000000000000000010100000,___ _o_ _h__ ___ ____d _____ ___ ___ ___ ____ ___ _r_n_ __ __
20251219,To me Canada is a place where hope lives,32,6,2_7_16_25_27_32,01000010000000010000000010100001,_o __ __n___ __ _ __a__ _____ _o_e ____s
20251220,Family is not an important thing Its everything,40,6,1_2_5_15_18_33,1100100000000010010000000000000010000000,Fa__l_ __ ___ __ _m__r____ _____ ___ __e_______
20251221,Every story has a beginning a middle and an end but not always in that order,61,6,3_8_21_27_46_55,0010000100000000000010000010000000000000000001000000001000000,__e__ __o__ ___ _ ______i__ _ __d___ ___ __ ___ ___ ___ _l____ __ __a_ _____
20251222,A truly great book should be read in youth again in maturity and once more in old age,68,7,2_9_20_31_34_36_55,01000000100000000001000000000010010100000000000000000010000000000000,_ t____ __e__ ____ ____l_ __ ____ __ _o__h _g___ __ ________ ___ __c_ ____ __ ___ ___
20251223,Canada is a country so beautiful it seems like it was created by an artist,60,7,2_11_16_20_23_32_36,010000000010000100010010000000010001000000000000000000000000,_a____ __ _ _o____y __ _e__t____ __ __e__ _i__ __ ___ _______ __ __ ______
20251224,We should regret our mistakes and learn from them but never carry them forward into the future with us,84,11,4_11_15_20_23_48_50_57_62_63_80,000100000010001000010010000000000000000000000001010000001000011000000000000000010000,__ _h____ __g___ o__ __s__k__ ___ _____ ____ ____ ___ ___e_ c____ __e_ ___wa__ ____ ___ ______ _i__ __
20251225,Every young player is hungry to play and to win titles as they have seen their idols do it,72,11,3_7_11_13_19_36_40_42_53_59_67,001000100010100000100000000000000001000101000000000010000010000000100000,__e__ _o___ p_a___ __ h_____ __ ____ ___ __ w__ _i_l__ __ ____ __v_ ____ t____ ___l_ __ __
20251226,You dont pay an actor to act An actor will do that for free because we love to act You pay an actor to wait,83,8,5_9_15_31_44_49_72_80,00001000100000100000000000000010000000000001000010000000000000000000000100000001000,___ _o__ _a_ __ __t__ __ ___ __ _____ _i__ __ ____ ___ _r__ __c____ __ ____ __ ___ ___ ___ _n _____ __ w___
20251227,I am happy because I am grateful I choose to be grateful That gratitude allows me to be happy,75,7,5_11_20_23_49_56_73,000010000010000000010010000000000000000000000000100000010000000000000000100,_ __ _a___ __c____ _ __ _r__e___ _ ______ __ __ ________ ___t ______u__ ______ __ __ __ __p__
20251228,When you have expectations you are setting yourself up for disappointment,63,8,2_9_14_15_19_30_38_60,010000001000011000100000000001000000010000000000000000000001000,_h__ ___ _a__ __pe___t____ ___ ___ s______ _o______ __ ___ __________m___
20251229,Even before youve earned it treat yourself and your career with the level of respect that you hope to one day deserve,96,10,13_16_29_36_52_57_67_79_88_92,000000000000100100000000000010000001000000000000000100001000000000100000000000100000000100010000,____ ______ __u__ e_____ __ _____ y______f ___ ____ ______ __t_ ___ l____ __ ___p___ ____ ___ _o__ __ ___ _a_ __s____
20251230,Different is good and being different is what makes us stand out in the world,63,7,15_19_21_35_42_47_61,000000000000001000101000000000000010000001000010000000000000100,_________ __ ___d ___ b_i__ _________ __ w___ ___e_ __ _t___ ___ __ ___ __r__
20251231,Dont give up no matter how hard it is Things are going to be tough down the road but the more work you put in the more achievement you are going to get out of it,126,10,11_15_23_31_37_49_96_98_99_113,000000000010001000000010000000100000100000000000100000000000000000000000000000000000000000000001011000000000000010000000000000,____ ____ __ n_ __t___ ___ _a__ __ __ _h____ _r_ _____ __ __ _o___ ____ ___ ____ ___ ___ ____ ____ ___ ___ __ ___ ____ ___i_ve____ ___ ___ ___n_ __ ___ ___ __ __
20260101,Norway once knighted a penguin named Nils Olav,39,8,3_5_20_21_24_29_37_39,001010000000000000011001000010000000101,__r_a_ ____ ________ _ pe__u__ __m__ ____ _l_v
20260102,We build our paths step by step discovering direction only as we walk forward,64,9,6_9_17_20_30_32_34_49_57,0000010010000000100100000000010101000000000000001000000010000000,__ ___l_ _u_ _____ _t__ b_ ____ ____o_e_i__ _________ ___y __ __ ___k _______
20260103,A winter day can be warmed by a single word spoken with honesty and true intention,67,8,11_14_37_38_42_43_51_56,0000000000100100000000000000000000001100011000000010000100000000000,_ ______ ___ c__ b_ ______ __ _ ______ ____ __ok__ _it_ ______y ___ _r__ _________
20260104,The sea waits for no one and it reminds us to respect it,44,8,2_3_12_16_22_28_29_32,01100000000100010000010000011001000000000000,_he ___ _____ f__ _o ___ __d __ ___in__ u_ __ _______ __
20260105,In chess and in life you learn far more from your losses than from your victories if you are willing to listen,89,8,4_9_10_33_56_61_65_86,00010000110000000000000000000000100000000000000000000001000010001000000000000000000001000,__ _h___ _nd __ ____ ___ _____ ___ ____ _r__ ____ ______ ____ ____ __u_ ___t___e_ __ ___ ___ _______ __ __s___
20260106,I am not afraid of dying I am afraid of not doing enough,44,6,6_10_11_25_29_39,00000100011000000000000010001000000000100000,_ __ __t ___ai_ __ _____ _ __ __r___ o_ ___ _____ e_____
20260107,Light returns slowly after winter teaching us that patience is a quiet form of strength,73,7,3_4_17_21_24_31_38,0011000000000000100010010000001000000100000000000000000000000000000000000,__gh_ _______ ____l_ __t__ w_____ _e______ u_ ____ ________ __ _ _____ ____ __ ________
20260108,It is illegal to die in Longyearbyen due to permafrost,45,4,14_20_37_38,000000000000010000010000000000000000110000000,__ __ _______ __ d__ __ _o__________ ___ __ _er_______
20260109,We choose how to remember our lives shaping memory into something that guides our future steps,79,11,11_19_30_32_34_42_49_51_61_69_73,0000000000100000001000000000010101000000010000001010000000001000000010001000000,__ ______ __w __ _____b__ ___ _____ s_a_i__ _____y ____ __m_t____ ____ _u____ ___ f___r_ _____
20260110,The universe reminds us that wonder is essential urging us to keep exploring beyond fear,74,10,7_8_24_25_40_41_42_45_52_64,00000011000000000000000110000000000000011100100000010000000000010000000000,___ ___ve___ _______ __ ___t w_____ __ _______al u__i__ __ __ k___ ________g ______ ____
20260111,Skiing originated in Norway over four thousand years ago,48,5,1_10_33_34_38,100000000100000000000000000000001100010000000000,S_____ ___g______ __ ______ ____ ____ th___a__ _____ ___
20260112,Music connects people across borders and languages it reminds us that we are more alike than we think,84,5,2_15_42_57_72,010000000000001000000000000000000000000001000000000000001000000000000001000000000000,_u___ ________ _e____ ______ _______ ___ ______g__ __ _______ __ _h__ __ ___ ____ ___k_ ____ __ _____
20260113,All we need is a little courage and someone who believes in us,50,6,16_17_18_23_36_39,00000000000000011100001000000000000100100000000000,___ __ ____ __ _ ___tle ____a__ ___ _______ w__ b_______ __ __
20260114,In Northern Norway the sun stays up for months in summer and doesnt rise for weeks in winter creating both the midnight sun and the polar night,117,11,7_24_25_26_30_41_43_45_50_85_109,000000100000000000000001110001000000000010101000010000000000000000000000000000000000100000000000000000000000100000000,__ ____h___ ______ ___ ___ _tay_ __ f__ ______ __ s_m_e_ ___ d_____ ____ ___ _____ __ ______ ________ _o__ ___ ________ ___ ___ ___ _o___ _____
20260115,Silence gives space for meaning letting every spoken word carry deeper weight,66,10,5_14_18_23_25_27_28_36_40_49,000010000000010001000010101100000001000100000000100000000000000000,____n__ _____ _p___ f__ __a_i_g l______ _v___ s_____ ___d _____ ______ ______
20260116,Dont waste your time looking back Youre not going that way,48,6,16_20_22_34_42_45,000000000000000100010100000000000100000001001000,____ _____ ____ __m_ __o_i__ ____ _____ n__ _____ t__t ___
20260117,I always try to improve because the moment you stop pushing yourself is the moment someone else becomes better than you,99,10,6_15_16_18_21_23_34_49_54_61,000001000000001101001010000000000100000000000000100001000000100000000000000000000000000000000000000,_ ____y_ ___ __ __pr_v_ _e_a___ ___ ____n_ ___ ____ ______g ____s___ __ _h_ ______ _______ ____ _______ ______ ____ ___
20260118,No one can help everyone but everyone can help someone along the way,56,4,25_31_33_54,00000000000000000000000010000010100000000000000000000100,__ ___ ___ ____ ________ ___ _v_____e _a_ ____ _______ _____ ___ w__
20260119,Art comes from joy and pain and the deeper that pain is felt the more powerful and lasting the expression becomes,93,8,2_13_15_18_24_45_58_83,010000000000101001000001000000000000000000001000000000000100000000000000000000000010000000000,_r_ _____ ____ j_y __d ____ _n_ ___ ______ ____ ____ __ f___ ___ ____ __w_____ ___ _______ ___ ______s___ _______
20260120,A voyage is not measured by the miles behind you but by the courage that carried you toward lands once thought unreachable,101,7,2_16_35_53_78_96_97,01000000000000010000000000000000001000000000000000001000000000000000000000000100000000000000000110000,_ v_____ __ ___ ___s____ __ ___ _____ ____n_ ___ ___ __ ___ _____g_ ____ _______ ___ ______ ___d_ ____ _______ _____ch____
20260121,Courage means doing whats right even when the outcome is uncertain,56,8,3_4_13_26_30_34_51_56,00110000000010000000000001000100010000000000000000100001,__ur___ _____ d____ _____ ___h_ __e_ __e_ ___ _______ __ ___e____n
20260122,You cannot rely on talent alone you must challenge yourself constantly or someone hungrier will overtake you,92,9,13_31_49_50_65_73_75_83_88,00000000000010000000000000000010000000000000000011000000000000001000000010100000001000010000,___ ______ ___y __ ______ _____ ___ _u__ _________ ______lf __________ __ __m____ ___g_i__ ____ _v____k_ ___
20260123,There is a town in Norway that installed giant mirrors on a mountain to reflect sunlight into the village during winter when the sun never rises above the mountains,136,11,23_30_34_50_59_61_100_112_128_130_134,0000000000000000000000100000010001000000000000000100000000101000000000000000000000000000000000000001000000000001000000000000000101000100,_____ __ _ ____ __ ______ __a_ _____l___ g____ _______ __ _ _o______ __ r_f____ ________ ____ ___ _______ ______ ______ w___ ___ ___ __v__ _____ _____ ___ m_u___i__
20260124,You never choose your destiny all at once you choose it through many small moments,68,7,6_8_17_24_51_54_67,00000101000000001000000100000000000000000000000000100100000000000010,___ __v_r ______ __u_ _____n_ ___ __ ____ ___ ______ __ _____g_ _a__ _____ _____t_
20260125,Courage is not the absence of fear but the quiet decision to face tomorrow even when today has broken your heart,92,6,17_37_63_67_70_72,00000000000000001000000000000000000010000000000000000000000000100010010100000000000000000000,_______ __ ___ ___ _b_____ __ ____ ___ ___ __i__ ________ __ ____ ________ _v__ _h__ t_d__ ___ ______ ____ _____
20260126,We grow stronger together because shared purpose turns ordinary people into remarkable allies,81,7,3_6_25_38_71_74_79,001001000000000000000000100000000000010000000000000000000000000000000010010000100,__ g__w ________ ________ __c____ ______ __r____ _____ ________ ______ ____ _____k__l_ ___i__
20260127,The road to understanding is slow forming like moss on stone yet it lasts for generations,74,8,5_7_17_22_28_33_36_65,00001010000000001000010000010000100100000000000000000000000000001000000000,___ _o_d __ _______a____g __ ___w ____i__ l___ ____ __ _____ ___ __ _____ ___ _e_________
20260128,Adventure is only dangerous to the unprepared to those who plan well it is simply the next step into the unknown,92,10,2_10_33_36_45_47_64_66_67_87,01000000010000000000000000000000100100000000101000000000000000010110000000000000000000100000,_d_______ i_ ____ _________ __ ___ ___r__a___ __ ___s_ w__ ____ ____ __ __ __m_ly ___ ____ ____ ____ ___ _n_____
20260129,Life is a collection of choices regrets and hopes and we spend our years learning how to live with all three while still finding the courage to move forward,128,5,20_70_95_107_127,00000000000000000001000000000000000000000000000000000000000000000000010000000000000000000000001000000000001000000000000000000010,____ __ _ __________ __ c______ _______ ___ _____ ___ __ _____ ___ _____ ________ __w __ ____ ____ ___ _____ _____ _t___ _______ _h_ _______ __ ____ _____r_
20260130,We survive storms not because we are unafraid but because we find reasons to keep moving forward,80,8,12_33_39_46_61_68_73_77,00000000000100000000000000000000100000100000010000000000000010000001000010001000,__ _______ __o___ ___ _______ __ ___ __a_____ b__ ____u__ __ ____ ______s __ ____ m____g ___w___
20260131,Behind every mask theres a story and behind every story theres a person trying to express something real,87,5,42_43_55_65_85,000000000000000000000000000000000000000001100000000000100000000010000000000000000000100,______ _____ ____ ______ _ _____ ___ ______ _____ st___ ______ _ _e____ _____g __ _______ _________ _e__
20260201,Sometimes a letter can change two lives forever,40,8,7_9_19_20_21_26_29_38,0000001010000000001110000100100000000100,______m_s _ ______ __n ch____ t__ l____ ____v__
20260202,When you truly want something all the universe conspires to help you achieve it,66,5,12_33_38_56_65,000000000001000000000000000000001000010000000000000000010000000010,____ ___ ____y ____ _________ ___ ___ _n____s_ _________ __ ____ _o_ _______ i_
20260203,Imagine a man without lungs Imagine earth without the Amazon Rainforest,61,8,9_12_18_39_41_53_56_58,0000000010010000010000000000000000000010100000000000100101000,_______ _ m__ w_____t _____ _______ _____ ___h_u_ ___ ______ _a__f_r___
20260204,Around sixty percent of the Amazon Rainforest lies in Brazil making it one of the most biodiverse places on Earth,94,8,9_18_46_49_54_57_63_68,0000000010000000010000000000000000000000000001001000010010000010000100000000000000000000000000,______ __x__ ______t __ ___ ______ __________ ____ __ B__z__ __k__g __ ___ o_ ___ m___ __________ ______ __ _____
20260205,Football is about joy Its about dribbling I favour every idea that makes the game beautiful,76,11,7_9_36_40_42_47_48_54_57_61_71,0000001010000000000000000000000000010001010000110000010010001000000000100000,______l_ i_ _____ ___ ___ _____ _________ I ___o_r ____y i___ __a_ _a___ t__ ____ ___u_____
20260206,Between stars and stones I still choose words because they carry memories across invisible distances,86,6,4_31_49_53_76_78,00010000000000000000000000000010000000000000000010001000000000000000000000010100000000,___w___ _____ ___ ______ _ _____ ___o__ _____ _______ ___y ___r_ ________ ______ _______l_ d________
20260207,Songs are bridges between stories carrying emotions farther than ordinary talks ever could,78,7,6_9_30_36_40_76_78,000001001000000000000000000001000001000100000000000000000000000000000000000101,_____ a__ b______ _______ _______ c_____n_ __o_____ _______ ____ ________ _____ ____ __u_d
20260208,I dont like to lose at anything Yet Ive grown most not from victories but setbacks,67,9,2_26_35_37_48_54_60_62_66,0100000000000000000000000100000000101000000000010000010000010100010,_ d___ ____ __ ____ __ ________ Y__ ___ ___w_ m___ ___ ____ v_____i__ ___ s_t___k_
20260209,Love can be complicated messy and unexpected yet it still finds room to grow inside the most ordinary lives,89,7,3_13_17_44_56_71_78,00100000000010001000000000000000000000000001000000000001000000000000001000000100000000000,__v_ ___ __ ___p___a___ _____ ___ __________ ___ __ s____ _____ __o_ __ ____ ______ _h_ ____ _r______ _____
20260210,Brazil has a floating post office in the Amazon River so remote communities can still send mail by boat,85,11,7_18_19_27_38_42_55_57_58_62_67,0000001000000000011000000010000000000100010000000000001011000100001000000000000000000,______ h__ _ _______g p___ ____c_ __ ___ ____o_ __v__ __ ______ __m_un___e_ ___ s____ ____ ____ __ ____
20260211,Success is built quietly through discipline repetition and respect for the work when nobody is watching,88,6,21_26_29_38_44_68,0000000000000000000010000100100000000100000100000000000000000000000100000000000000000000,_______ __ _____ ______y ____u__ d________e _____i____ ___ _______ ___ ___ ___k ____ ______ __ ________
20260212,In this world opportunity belongs to those who refuse to wait,51,4,16_18_24_27,000000000000000101000001001000000000000000000000000,__ ____ _____ ____r_u____ _e__n__ __ _____ ___ ______ __ ____
20260213,In a place where survival feels louder than hope every small choice can change the direction of an entire life,91,9,4_17_22_45_47_51_74_86_88,0001000000000000100001000000000000000000000010100010000000000000000000000100000000000101000,__ _ p____ _____ ___v____ f____ ______ ____ ____ ____y _m___ c_____ ___ ______ ___ _____t___ __ __ ____r_ l___
20260214,If you stop chasing improvement you also stop discovering what you are truly capable of becoming,81,8,1_7_22_39_48_59_65_78,100000100000000000000100000000000000001000000001000000000010000010000000000001000,I_ ___ _t__ _______ _____v_____ ___ ____ ____ d________n_ ____ ___ __e _____ c______ __ ____m___
20260215,Building design will always express the technical and social progress of the country in which it is carried out,93,9,1_2_26_38_53_62_66_67_69,110000000000000000000000010000000000010000000000000010000000010001101000000000000000000000000,Bu______ ______ ____ ______ _x_____ ___ ___h_____ ___ ______ p_______ _f ___ co_n___ __ _____ __ __ _______ ___
20260216,Science is beautiful and deeply esthetic therefore we should exhibit it to society,70,6,15_18_25_43_52_54,0000000000000010010000001000000000000000001000000001010000000000000000,_______ __ _____i__l ___ ___p__ ________ _______r_ __ _____d _x_____ __ __ _______
20260217,As the island of knowledge grows so do the shores of our ignorance the boundary between the known and the unknown,93,6,6_7_66_72_87_89,000001100000000000000000000000000000000000000000000000000000000001000001000000000000001010000,__ ___ is____ __ _________ _____ __ __ ___ ______ __ ___ _________ ___ ________ b_____n ___ _____ ___ ___ u_k____
20260218,I was born to play football just like Beethoven was born to write music and Picasso was born to paint,82,6,23_32_39_41_62_74,0000000000000000000000100000000100000010100000000000000000000100000000000100000000,_ ___ ____ __ ____ ________ j___ ____ _e______n _a_ ____ __ _____ _____ ___ P______ ___ __r_ __ _____
20260219,Brazil is the only country to play in every FIFA World Cup since the tournament began and theyve won it a record five times,100,5,4_5_38_39_56,0001100000000000000000000000000000000110000000000000000100000000000000000000000000000000000000000000,___zi_ __ ___ ____ _______ __ ____ __ _____ __FA _____ ___ _____ ___ t_________ _____ ___ ______ ___ __ _ ______ ____ _____
20260220,Because our territory is our body our spirit destroying indigenous forests and territories is the same as destroying ourselves,108,7,12_33_47_81_82_96_105,000000000001000000000000000000001000000000000010000000000000000000000000000000001100000000000001000000001000,_______ ___ _e_______ __ ___ ____ ___ _p____ _________g __________ _______ ___ ___________ __ th_ ____ __ ______y___ _____l___
20260221,Waiting hurts Forgetting hurts But not knowing which decision to take hurts the most,71,7,13_14_15_28_41_47_57,00000000000011100000000000010000000000001000001000000000100000000000000,_______ _____ For_______ _____ B__ ___ _______ w____ _e______ __ _a__ _____ ___ ____
20260222,Brazil is bigger than the continental United States Its the largest country in South America and the th largest in the world,103,4,4_49_59_64,0001000000000000000000000000000000000000000000001000000000100001000000000000000000000000000000000000000,___z__ __ ______ ____ ___ ___________ ______ ______ ___ _h_ _______ _o____y __ _____ _______ ___ ___ __ _______ __ ___ _____
20260223,At first I thought I was fighting to save rubber trees then I thought I was fighting to save the Amazon Rainforest Now I realize I am fighting for humanity,126,4,3_9_60_96,001000001000000000000000000000000000000000000000000000000001000000000000000000000000000000000001000000000000000000000000000000,__ f____ _ t______ _ ___ ________ __ ____ ______ _____ ____ _ _______ _ __s ________ __ ____ ___ ______ __________ __w _ _______ _ __ ________ ___ ________
20260224,Even mistakes can be wonderful discoveries when we allow ourselves to learn from them,72,10,4_5_10_28_30_52_54_58_65_70,000110000100000000000000000101000000000000000000000101000100000010000100,___n m____k__ ___ __ _________ _i_c_______ ____ __ _____ ___s_l___ t_ _____ f___ _h__
20260225,Brazil is my way to see the world Being born in that country means you dont have a wall separating physical reality from magical reality,112,11,11_18_45_57_62_64_75_96_104_105_110,0000000000100000010000000000000000000000000010000000000010000101000000000010000000000000000000010000000110000100,______ __ __ w__ __ __e ___ _____ _____ ____ __ ____ ___n___ _____ ___ d___ _a_e _ ____ _____a____ ________ _______ _r__ _____al ____i__
20260226,Ronaldo Nazario was my hero He was the best striker Ive ever seen so fast he could score from nothing,82,10,13_19_30_41_47_62_64_67_75_82,0000000000001000001000000000010000000000100000100000000000000101001000000010000001,_______ _____i_ ___ _y ____ __ ___ _h_ ____ _____e_ ___ _v__ ____ __ ____ __ c_u__ s____ ___m ______g
20260227,Carnival in Rio is the biggest festival on the planet attracting millions of people every year with parades samba and street parties,111,8,4_19_32_34_37_58_80_109,000100000000000000100000000000010100100000000000000000000100000000000000000000010000000000000000000000000000100,___n____ __ ___ __ ___ b______ ______a_ o_ _h_ ______ __________ ___l____ __ ______ _____ ____ w___ _______ _____ ___ ______ ____i__
20260228,Football specially Brazilian football is about being happy and thats what tricks do,71,10,4_5_9_19_23_24_43_54_61_62,00011000100000000010001100000000000000000010000000000100000011000000000,___tb___ s________ _r___li__ ________ __ _____ _e___ _____ __d _____ _ha_ ______ __
20260301,Few places on Earth speak so powerfully of the past as the ruins of Peru,58,5,13_21_22_42_50,0000000000001000000011000000000000000000010000000100000000,___ ______ __ _a___ ____k s_ __________ __ ___ ___t __ ___ __i__ __ ____
20260302,Surfing is about reading the ocean and accepting that control is never absolute,67,5,4_37_41_62_66,0001000000000000000000000000000000001000100000000000000000000100010,___f___ __ _____ _______ ___ _____ ___ ____p___g ____ _______ __ _____ __s___t_
20260303,Social change begins when people question what they were taught to accept,62,7,15_22_27_32_35_42_57,00000000000000100000010000100001001000000100000000000000100000,______ ______ __g___ ___n ____l_ ___s__o_ ____ _h__ ____ ______ __ a_____
20260304,Machu Picchu is the most impressive urban creation of the Inca Empire at its height,69,8,6_15_22_29_40_42_45_66,000001000000001000000100000010000000000101001000000000000000000001000,_____ P_____ __ _h_ ____ _m______v_ _____ ____t_o_ _f ___ ____ ______ __ ___ __i___
20260305,Democracy grows stronger when citizens participate beyond elections and demand answers,76,8,5_7_20_24_29_57_58_66,0000101000000000000100010000100000000000000000000000000011000000010000000000,____c_a__ _____ _____g__ _h__ __t_____ ___________ ______ _____io__ ___ __m___ _______
20260306,Peru is one of the few countries where you can see penguins near the equator,62,5,3_12_13_19_35,00100000000110000010000000000000001000000000000000000000000000,__r_ __ ___ __ th_ ___ _o_______ _____ ___ c__ ___ ________ ____ ___ _______
20260307,The Inca road system was one of the greatest engineering feats of the premodern world,71,8,11_13_32_35_36_40_47_61,00000000001010000000000000000001001100010000001000000000000010000000000,___ ____ ___d _y____ ___ ___ __ ___ ___a__st ___i______g _____ __ ___ ___m_____ _____
20260308,To understand a country you must understand the stories people choose to remember and repeat,78,7,2_4_21_45_67_69_78,010100000000000000001000000000000000000000001000000000000000000000101000000001,_o _n________ _ _______ y__ ____ __________ ___ ____i__ ______ ______ __ _____b_r ___ _____t
20260309,Endurance sports teach patience because progress happens long before results appear,73,5,4_12_46_62_65,0001000000010000000000000000000000000000000001000000000000000100100000000,___u_____ __o___ _____ ________ _______ ________ __p____ ____ ______ _e__l__ ______
20260310,Art is born from struggle and from the need to understand the world,55,9,3_6_25_38_43_45_46_50_51,0010010000000000000000001000000000000100001011000110000,__t __ b___ ____ ________ ___ f___ ___ ____ __ u____s_an_ __e w____
20260311,Peru is a country where history does not remain in museums but continues to shape everyday life,79,9,12_13_14_24_47_52_56_73_76,0000000000011100000000010000000000000000000000100001000100000000000000001001000,____ __ _ ____try _____ ____o__ ____ ___ ______ __ _____m_ ___ c___i____ __ _____ _____d__ l___
20260312,The Amazon River begins in the Peruvian Andes and flows east across South America to the Atlantic Ocean,86,7,5_11_19_30_36_46_74,00001000001000000010000000000100000100000000010000000000000000000000000001000000000000,___ _m____ _i___ ____n_ __ ___ ____v___ __d__ ___ ____s ____ ______ _____ _______ __ ___ A_______ _____
20260313,The Incas developed knowledge of agriculture that allowed life in extreme environment,74,11,1_5_15_18_21_28_29_33_47_66_68,10001000000000100100100000011000100000000000001000000000000000000101000000,T__ _n___ ______p__ k__w_____ _f a___c______ ____ ___o___ ____ __ _______ __v_r______
20260314,The protection of cultural heritage requires active support from communities groups and future generations,93,5,61_63_76_77_93,000000000000000000000000000000000000000000000000000000000000101000000000000110000000000000001,___ __________ __ ________ ________ ________ ______ _______ ____ ____u_i____ ______ __d f_____ __________s
20260315,Poetry is the testimony of the human spirit facing existence,51,4,1_47_49_50,100000000000000000000000000000000000000000000010110,P_____ __ ___ _________ __ ___ _____ ______ ______ ____t_nc_
20260316,Peru is home to llamas and alpacas animals that have been kept by people in the Andes for thousands of years,88,7,3_21_29_31_34_48_51,0010000000000000000010000000101001000000000000010010000000000000000000000000000000000000,__r_ __ ____ __ ______ __d _______ a_i__l_ ____ ____ ____ k__t __ ______ __ ___ _____ ___ _________ __ _____
20260317,Education transforms societies because it allows people to question inherited limits and imagine new ideas,92,6,3_8_15_25_29_83,00100001000000100000000010001000000000000000000000000000000000000000000000000000001000000000,__u____o_ _____f____ _____t___ b______ __ ______ ______ __ ________ _________ ______ ___ _____n_ ___ _____
20260318,The forest is not a resource for us it is the space where knowledge culture and identity live,76,5,16_19_23_59_72,0000000000000001001000100000000000000000000000000000000000100000000000010000,___ ______ __ ___ _ r__o___e ___ __ __ __ ___ _____ _____ _________ ____u__ ___ _______y ____
20260319,The Andes of Peru remain one of the clearest examples of how geography shapes cultural evolution across millennia,96,7,27_41_58_68_69_82_84,000000000000000000000000001000000000000010000000000000000100000000011000000000000101000000000000,___ _____ __ ____ ______ ___ __ _h_ ________ ____p___ __ ___ ________y ______ ___tu___ _________ a_r___ _________
20260320,Discipline matters more than talent when you want a long career in football,63,9,11_17_31_33_47_48_56_57_60,000000000010000010000000000000101000000000000011000000011001000,__________ m_____s ____ ____ _____t _h__ ___ ____ _ ___g c_____ __ fo__b___
20260321,Rainbow Mountain in Peru gets its bright colors from mineral layers formed naturally over millions of years,91,8,10_12_14_19_35_47_63_72,0000000001010100001000000000000000100000000000100000000000000010000000010000000000000000000,_______ __u_t_i_ __ _e__ ____ ___ ______ c_____ ____ __n____ ______ _____d ________y ____ ________ __ _____
20260322,The Inca created governing systems across Peru that allowed vast territories to function without markets currency or written language,115,8,36_37_46_48_58_69_72_98,0000000000000000000000000000000000011000000001010000000001000000000010010000000000000000000000000100000000000000000,___ ____ _______ _________ _______ _____s P___ ____ _l_o___ ____ __r________ __ f__c____ _______ _______ _______y __ _______ ________
20260323,The earth does not belong to us we belong to the earth and our actions must respect that balance,78,6,20_21_48_51_61_74,000000000000000000011000000000000000000000000001001000000000100000000000010000,___ _____ ____ ___ ____ng __ __ __ ______ __ ___ _____ ___ _u_ _c_____ ____ r______ ____ __l____
20260324,Mountains teach patience because growth happens slowly through observation practice shared wisdom and time across many seasons daily,115,6,37_48_54_56_82_96,0000000000000000000000000000000000001000000000010000010100000000000000000000000001000000000000010000000000000000000,_________ _____ ________ _______ ______ _a_____ _____y _____g_ o__________ ________ ______ _i____ ___ ____ __r___ ____ _______ _____
20260325,The Incas had no written language but ran one of the largest empires in the Americas,69,5,24_34_48_63_66,000000000000000000000001000000000100000000000001000000000000001001000,___ _____ ___ __ _______ ___g____ ___ __n ___ __ ___ _____s_ _______ __ ___ _m__i___
20260326,Playing for Peru means carrying history pride duty and the dreams of people while training discipline resilience teamwork and belief guide every match,128,10,8_11_31_32_40_54_65_79_90_91,00000001001000000000000000000011000000010000000000000100000000001000000000000010000000000110000000000000000000000000000000000000,_______ f__ P___ _____ ________ ___to__ _____ d___ ___ ___ ____m_ __ ______ _h___ ________ __s_______ ___il_____ ________ ___ ______ _____ _____ _____
20260327,The Amazon teaches balance because survival depends on knowing nature rather than controlling it,83,11,2_7_16_28_35_41_48_49_51_72_75,01000010000000010000000000010000001000001000000110100000000000000000000100100000000,_h_ ___z__ ______s _______ ____u__ ____i___ __p____ __ kn_w___ ______ ______ ____ _o__r______ __
20260328,Little by little people walk far because patience persistence shared effort and steady learning create lasting progress over time,111,9,9_17_18_39_40_55_74_83_103,000000001000000011000000000000000000001100000000000000100000000000000000010000000010000000000000000000100000000,______ __ l_____ __op__ ____ ___ _______ ____en__ ___________ _h____ ______ ___ _____y ________ c_____ _______ _______s ____ ____
20260329,Training every day builds consistency strengthens teamwork improves reaction speed and prepares players for difficult matches,110,6,29_33_47_67_97_107,00000000000000000000000000001000100000000000001000000000000000000010000000000000000000000000000010000000001000,________ _____ ___ ______ ______t___y ___________ __a_____ ________ ______o_ _____ ___ ________ _______ ___ __f______ ___c___
20260330,When you travel through Peru history feels alive in every stone and every quiet mountain path,78,6,9_19_21_27_73_78,000000001000000000101000001000000000000000000000000000000000000000000000100001,____ ___ _r____ _____g_ P___ __s____ _____ _____ __ _____ _____ ___ _____ _____ ______i_ ___h
20260331,History matters because it explains inequality opportunity and the choices societies continue to make,88,5,39_40_55_81_87,0000000000000000000000000000000000000011000000000000001000000000000000000000000010000010,_______ _______ _______ __ ________ _______it_ ___________ __d ___ _______ _________ ______u_ __ __k_
20260401,Thailand is the only nation in Southeast Asia that remained independent and was never under colonial rule by foreign powers,104,10,17_28_50_54_57_70_78_84_97_101,00000000000000001000000000010000000000000000000001000100100000000000010000000100000100000000000010001000,________ __ ___ ___y ______ __ __u______ ____ ____ _______d ___e__n____ ___ ___ __v__ _____ c_____a_ ____ __ _____g_ __w___
20260402,Being confident in who you are helps you grow and reach your full potential over time,70,11,11_26_29_30_34_46_49_50_61_64_69,0000000000100000000000000100110001000000000001001100000000001001000010,_____ _____d___ __ ___ ___ ___ h__ps ___ g___ ___ _____ y__r f___ _______a_ _v__ __m_
20260403,True strength in sport comes from discipline focus and the ability to remain calm under constant pressure,89,8,25_29_30_40_50_56_74_80,00000000000000000000000010001100000000010000000001000001000000000000000001000001000000000,____ ________ __ _____ _____ f___ di________ _o___ ___ ___ a_____y __ ______ ____ _____ c_____n_ ________
20260404,Real reform requires courage to question power and defend human dignity,61,5,8_10_44_46_54,0000000101000000000000000000000000000000000101000000010000000,____ ___o_m ________ _______ __ ________ _____ ___ d_f___ ____n _______
20260405,Peace arises when the mind understands change and lets go of attachment through steady awareness in everyday life,96,5,49_60_78_86_93,000000000000000000000000000000000000000000000000100000000001000000000000000001000000010000001000,_____ ______ ____ ___ ____ ___________ ______ ___ ____ __ o_ _________t _______ ______ ____e____ __ _v______ l___
20260406,Buddhist influence in Thailand shapes how people approach life with calm awareness and respect for others,90,7,1_12_13_47_49_62_65,100000000001100000000000000000000000000000000010100000000000010010000000000000000000000000,B_______ ___lu____ __ ________ ______ ___ ______ ____o_c_ ____ ____ ___m __a______ ___ _______ ___ ______
20260407,Sufficiency means living with moderation and resilience in daily life,60,7,11_14_19_22_25_40_49,000000000010010000100100100000000000000100000000100000000000,__________y __a__ __v__g __t_ __________ ___ r________e __ _____ ____
20260408,Thai cuisine reflects balance harmony and cultural identity through ingredients preparation and regional diversity,101,9,24_25_27_41_46_53_62_70_95,00000000000000000000000110100000000000001000010000001000000001000000010000000000000000000000001000000,____ _______ ________ ____nc_ h______ ___ ____u___ _d______ t______ __g_______s ___________ ___ ________ __v______
20260409,The Thai greeting called wai involves pressing the hands together and bowing slightly as a sign of respect,89,7,30_37_54_60_62_82_83,00000000000000000000000000000100000010000000000000000100000101000000000000000000011000000,___ ____ ________ ______ ___ _____v__ ____s___ ___ _____ _____h__ ___ b_w___ ________ __ _ ____ _f r______
20260410,Growth in sport comes from learning from losses and improving over time,60,6,6_21_29_41_46_49,000001000000000000001000000010000000000010000100100000000000,_____h __ _____ _____ __o_ ______n_ ____ ______ a__ __p__v___ ____ ____
20260411,Music brings people together by creating shared feelings that connect hearts across different backgrounds and generations,106,9,1_27_39_45_46_48_59_92_98,1000000000000000000000000010000000000010000011010000000000100000000000000000000000000000000100000100000000,M____ ______ ______ ________ _y ________ ___r__ ___li_g_ ____ _____c_ ______ ______ _________ __________s ___ __n________
20260412,Songs express feelings that words alone cannot fully convey allowing listeners to connect with deeper emotional meaning,103,9,7_8_26_28_44_59_75_78_101,0000001100000000000000000101000000000000000100000000000000100000000000000010010000000000000000000000100,_____ _xp____ ________ ____ _o_d_ _____ ______ ___l_ ______ _______g _________ __ ____e__ w___ ______ _________ ____i__
20260413,Knowledge strengthens nations when applied with integrity awareness and long term vision for development,91,8,4_20_67_78_83_85_87_88,0001000000000000000100000000000000000000000000000000000000000000001000000000010000101011000,___w_____ __________s _______ ____ _______ ____ _________ _________ ___ ___g ____ ______ f__ __v_l_pm___
20260414,Thailand was formerly known as Siam until the year nineteen thirty nine when the country officially adopted its present name,105,7,15_17_26_33_64_85_91,000000000000001010000000010000001000000000000000000000000000000100000000000000000000100000100000000000000,________ ___ ___m_r__ _____ _s ____ __t__ ___ ____ ________ ______ ____ ___n ___ _______ __________ a_____d ___ _______ ____
20260415,True development begins when people understand their needs and use resources wisely with care for future generations,100,9,7_12_16_23_37_87_90_92_98,0000001000010001000000100000000000001000000000000000000000000000000000000000000000000010010100000100,____ __v____m___ b_____ _h__ ______ _____s____ _____ _____ ___ ___ _________ ______ ____ ____ ___ ___u__ g_n_____o__
20260416,Challenges help you improve and become stronger with every experience,60,8,1_10_19_25_27_47_53_55,100000000100000000100000101000000000000000000010000010100000,C________s ____ ___ _m_____ a_d ______ ________ ____ _v___ __p_r_____
20260417,Wat Phra Kaew houses the Emerald Buddha which is a highly revered sacred image located within the Grand Palace complex in Bangkok,108,10,22_28_29_47_56_64_70_78_80_87,000000000000000000000100000110000000000000000010000000010000000100000100000001010000001000000000000000000000,___ ____ ____ ______ ___ _m_____ Bu____ _____ __ _ _____y _______ _a____ ___g_ ____t__ _____n _h_ _____ P_____ _______ __ _______
20260418,Growth in any creative field comes from hard work persistence and the courage to take on new and challenging roles over time,103,10,11_14_20_23_27_31_46_61_68_81,0000000000100100000100100010001000000000000001000000000000001000000100000000000010000000000000000000000,______ __ __y __e_____ f__l_ __m__ _r__ ____ ____ ____i______ ___ ___ __u____ __ t___ __ ___ ___ _h_________ _____ ____ ____
20260419,Bangkok has an extensive network of canals which is why it was once called the Venice of the East,79,6,4_8_20_40_46_57,0001000100000000000100000000000000000001000001000000000010000000000000000000000,___g___ h__ __ _______v_ _______ __ ______ ___c_ __ __y __ ___ ____ _a____ ___ ______ __ ___ ____
20260420,Thailand presents a cultural richness where tradition religion and daily life blend into a unique and deeply engaging experience,110,5,10_22_28_41_46,00000000010000000000010000010000000000001000010000000000000000000000000000000000000000000000000000000000000000,________ _r______ _ ____u___ __c_____ _____ __a____o_ ________ ___ _____ ____ _____ ____ _ ______ ___ ______ ________ __________
20260421,Stories told through film can connect past and present while revealing unseen layers of experience and thought,94,6,11_32_40_60_62_69,0000000000100000000000000000000100000001000000000000000000010100000010000000000000000000000000,_______ ___d _______ ____ ___ ______t ____ ___ p______ _____ ________g _n____ __y___ __ __________ ___ _______
20260422,Happiness comes from balance between need and mindful use of available resources,69,8,7_9_29_36_41_44_53_67,000000101000000000000000000010000001000010010000000010000000000000100,______e_s _____ ____ _______ ___w___ ___d ___ _i__f__ ___ __ _v_______ ______c__
20260423,Training teaches patience focus and control helping a person grow stronger not just physically but also mentally over time,104,8,21_24_57_62_74_82_85_89,00000000000000000000100100000000000000000000000000000000100001000000000001000000010010001000000000000000,________ _______ _____n__ f____ ___ _______ _______ _ ______ ____ s____g__ ___ ____ __y_______ b__ a___ m_______ ____ ____
20260424,Fashion is a form of expression where creativity discipline and identity come together to create something meaningful and lasting,111,7,19_42_48_72_74_77_92,000000000000000000100000000000000000000001000001000000000000000000000001010010000000000000010000000000000000000,_______ __ _ ____ __ __p_______ _____ __________ d_____l___ ___ ________ ____ _____h_r __ c_____ _________ m_________ ___ _______
20260425,The grace and warmth found in Thai culture reflect deep values shaped by tradition and shared social harmony,91,6,1_12_18_30_56_87,1000000000010000010000000000010000000000000000000000000100000000000000000000000000000010000,T__ _____ ___ w_____ f____ __ ____ _u_____ _______ ____ ______ ___p__ __ _________ ___ ______ ______ __r____
20260426,Songkran is the Thai New Year festival held in April which marks the traditional start of the year and is celebrated with water rituals,112,12,4_21_30_40_44_47_55_60_65_71_91_95,0001000000000000000010000000010000000001000100100000001000010000100000100000000000000000001000100000000000000000,___g____ __ ___ ____ ___ Y___ _____v__ ____ __ _p___ w__c_ _____ _h_ ___d____n__ ___r_ __ ___ ____ ___ __ ____b___e_ ____ _____ _______
20260427,Success comes from constant practice strong belief in yourself and the courage to chase dreams beyond comfort zones,98,7,1_23_42_63_64_66_87,10000000000000000000001000000000000000000100000000000000000000110100000000000000000000100000000000,S______ _____ ____ ______n_ ________ ______ ___i__ __ ________ ___ ___ __ur_g_ __ _____ ______ ______ c______ _____
20260428,True peace grows when people act with compassion and respect for others in daily life,71,7,1_16_35_42_54_66_67,10000000000000010000000000000000001000000100000000000100000000000110000,T___ _____ _____ _h__ ______ ___ ____ ___p______ a__ _______ __r ______ __ ___ly ____
20260429,Thailand has over forty thousand Buddhist temples across the country reflecting its strong religious traditions and cultural heritage,116,7,29_39_62_75_80_81_87,00000000000000000000000000001000000000100000000000000000000001000000000000100001100000100000000000000000000000000000,________ ___ ____ _____ ________ B_______ __m____ ______ ___ _______ __f_______ ___ __r___ _el_____s __________ ___ ________ ________
20260430,Stability grows when individuals focus on effort patience and mindful use of resources in their daily actions,93,8,13_16_20_54_60_66_69_89,000000000000100100010000000000000000000000000000000001000001000001001000000000000000000010000,_________ ___w_ _h__ _n_________ _____ __ ______ ________ ___ m_____l ___ __ r__o_____ __ _____ _____ __t____
