level,quote,num_letters,num_revealed,revealed_positions,mask,start_board
1,Not all those who wander are lost,27,23,1_2_3_4_6_7_8_10_11_12_13_15_16_17_18_19_20_21_22_23_25_26_27,111101110111101111111110111,Not a_l th_se wh_ wander are _ost
2,Whatever you are be a good one,24,12,1_2_4_6_11_12_14_15_18_21_22_23,110101000011011001001110,Wh_t_v__ __u a_e b_ _ g__d on_
3,There is no friend as loyal as a book,29,12,1_2_4_7_10_12_13_14_18_19_21_29,11010010010111000110100000001,Th_r_ _s __ f_ien_ __ lo_a_ __ _ ___k
4,Change your thoughts and you change your world,39,11,3_6_7_11_15_18_21_25_35_37_38,001001100010001001001000100000000010110,__a__e y___ t___g__s __d ___ c_____ ____ w_rl_
5,Success is not in what you have but who you are,37,10,1_4_5_14_15_24_27_30_33_35,1001100000000110000000010010010010100,S__ce__ __ ___ _n w___ ___ __v_ _u_ _h_ _o_ a__
6,If opportunity doesnt knock build a door,34,8,3_10_14_17_19_20_25_27,0010000001000100101100001010000000,__ o______n___ d__s_t k____ b_i__ _ ____
7,Success is not final failure is not fatal it is the courage to continue that counts,68,7,6_16_22_30_35_50_63,00000100000000010000010000000100001000000000000001000000000000100000,_____s_ __ ___ ___a_ ____u__ __ ___ f____ i_ __ ___ _______ _o ________ ____ c_____
8,The secret of getting ahead is getting started,39,3,11_13_33,000000000010100000000000000000001000000,___ ______ _f _e_____ _____ __ _______ s______
9,The only way to make sense out of change is to plunge into it move with it and join the dance,73,9,6_7_21_24_36_37_41_62_70,0000011000000000000010010000000000011000100000000000000000000100000001000,___ __ly ___ __ ____ ____e __t __ ______ __ _o p___g_ ____ __ ____ ____ __ ___ j___ ___ _a___
10,Dont judge each day by the harvest you reap but by the seeds that you plant,60,9,13_25_26_29_40_48_57_58_60,000000000000100000000000110010000000000100000001000000001101,____ _____ ___h ___ __ ___ ___ve__ y__ ____ ___ _y ___ ____s ____ ___ _la_t
11,The future belongs to those who believe in the beauty of their dreams,57,7,5_8_9_12_24_41_46,000010011001000000000001000000000000000010000100000000000,___ _u__re __l____ __ _____ w__ _______ __ ___ __a___ _f _____ ______
12,Always forgive your enemies nothing annoys them so much,47,9,2_4_8_10_12_16_21_29_46,01010001010100010000100000001000000000000000010,_l_a__ _o_g_v_ __u_ ___m___ ____i__ ______ ____ __ __c_
13,The only thing necessary for the triumph of evil is for good men to do nothing,63,9,17_20_31_33_35_40_50_51_62,000000000000000010010000000000101010000100000000011000000000010,___ ____ _____ ____s__r_ ___ ___ ___u_p_ o_ ___l __ ___ ____ me_ __ __ _____n_
14,Do not pity the dead Harry Pity the living and above all those who live without love,68,9,1_2_30_34_42_43_49_54_63,11000000000000000000000000000100010000000110000010000100000000100000,Do ___ ____ ___ ____ _____ ____ ___ _i___g ___ ____e a__ ___s_ ___ l___ _____u_ ____
15,Believe you can and youre halfway there,33,5,3_6_7_19_31,001001100000000000100000000000100,__l__ve ___ ___ ___ __u__ _______ __e__
16,Success is not how high you have climbed but how you make a positive difference to the world,75,10,3_18_34_36_46_48_49_56_61_74,001000000000000001000000000000000101000000000101100000010000100000000000010,__c____ __ ___ ___ __g_ ___ ____ _______ b_t ___ ___ ___e _ po______ d____r____ __ ___ ___l_
17,The only thing we have to fear is fear itself,36,5,4_26_27_30_32,000100000000000000000000011001010000,___ o___ _____ __ ____ __ ____ _s f__r _t____
18,Time you enjoy wasting is not wasted time,34,7,7_9_10_13_23_27_30,0000001011001000000000100010010000,____ __u _nj__ w______ __ _o_ __s__d ____
19,Life is really simple but we insist on making it complicated,50,8,12_14_22_39_41_46_49_50,00000000000101000000010000000000000000101000010011,____ __ _____y _i____ ___ w_ ______ __ ______ _t _o____c__ed
20,I am not a product of my circumstances I am a product of my decisions,55,7,19_20_21_24_27_39_53,0000000000000000001110010010000000000010000000000000100,_ __ ___ _ _______ __ __ cir__m__a____ _ __ _ ___d___ __ __ ______o__
21,Be who you are and say what you feel because those who mind dont matter and those who matter dont mind,82,8,1_7_28_31_33_34_37_81,1000001000000000000000000001001011001000000000000000000000000000000000000000000010,B_ ___ _o_ ___ ___ ___ ____ ___ ___l __c_us_ _h___ ___ ____ ____ ______ ___ _____ ___ ______ ____ __n_
22,If you tell the truth you dont have to remember anything,46,8,2_14_21_22_34_40_42_45,0100000000000100000011000000000001000001010010,_f ___ ____ ___ _r___ ___ do__ ____ __ ___e____ _n_t__n_
23,It always seems impossible until its done,35,6,5_7_19_24_34_35,00001010000000000010000100000000011,__ __w_y_ _____ _____s____ u____ ___ __ne
24,You may say Im a dreamer but Im not the only one I hope someday youll join us And the world will live as one,84,8,23_43_52_54_58_63_64_81,000000000000000000000010000000000000000000100000000101000100001100000000000000001000,___ ___ ___ __ _ _______ ___ I_ ___ ___ ____ ___ _ ____ s______ __u_l ___n __ __d t__ _____ ____ ____ _s ___
25,To love and be loved is to feel the sun from both sides,43,5,3_7_33_34_35,0010001000000000000000000000000011100000000,__ l___ a__ __ _____ __ __ ____ ___ ___ __om b___ _____
26,I like nonsense it wakes up the brain cells Fantasy is a necessary ingredient in living,72,4,26_41_67_68,000000000000000000000000010000000000000010000000000000000000000000110000,_ ____ ________ __ _____ __ ___ b____ _____ _____s_ __ _ _________ __________ __ li____
27,The only person you are destined to become is the person you decide to be,59,5,2_18_21_27_37,01000000000000000100100000100000000010000000000000000000000,_h_ ____ ______ ___ _r_ _e_____d __ ______ _s ___ ______ ___ ______ __ __
28,Success is walking from failure to failure with no loss of enthusiasm,58,7,3_17_26_32_37_52_57,0010000000000000100000000100000100001000000000000001000010,__c____ __ _______ f___ _____r_ __ __i____ w___ __ ____ __ ___h____s_
29,Do not go where the path may lead go instead where there is no path and leave a trail,67,5,23_26_43_44_60,0000000000000000000000100100000000000000001100000000000000010000000,__ ___ __ _____ ___ ____ ___ l__d __ _______ _____ __er_ __ __ ____ ___ ___v_ _ _____
30,Success is how high you bounce when you hit bottom,41,4,1_10_12_24,10000000010100000000000100000000000000000,S______ __ h_w ____ ___ ____c_ ____ ___ ___ ______
31,Failure is simply the opportunity to begin again this time more intelligently,66,4,20_50_59_64,000000000000000000010000000000000000000000000000010000000010000100,_______ __ ______ ___ _p_________ __ _____ _____ ____ ____ m___ _____l____t__
32,Dont count the days make the days count,32,3,5_20_24,00001000000000000001000100000000,____ c____ ___ ____ ___e ___ d___ _____
33,Dont cry because its over smile because it happened,43,6,1_2_7_26_40_43,1100001000000000000000000100000000000001001,Do__ __y _______ ___ ____ ____e _______ __ ____e__d
34,There are three things all wise men fear the sea in storm a night with no moon and the anger of a gentle man,85,3,8_22_43,0000000100000000000001000000000000000000001000000000000000000000000000000000000000000,_____ __e _____ ______ __l ____ ___ ____ ___ ___ __ _t___ _ _____ ____ __ ____ ___ ___ _____ __ _ ______ ___
35,Your time is limited so dont waste it living someone elses life,52,6,15_22_26_34_37_46,0000000000000010000001000100000001001000000001000000,____ ____ __ ____t__ __ __n_ __s__ __ ___i__ s______ __s__ ____
36,The greatest mistake you can make in life is to be continually fearing you will make one,72,8,2_5_15_42_50_51_52_62,010010000000001000000000000000000000000001000000011100000000010000000000,_h_ _r______ ___t___ ___ ___ ____ __ ____ __ __ __ _o_______ly f______ ___ w___ ____ ___
37,Do not let what you cannot do interfere with what you can do,48,6,1_10_11_20_28_43,100000000110000000010000000100000000000000100000,D_ ___ ___ _ha_ ___ ____o_ __ ____r____ ____ ____ __u ___ __
38,Our greatest glory is not in never falling but in rising every time we fall,61,6,8_29_37_41_56_60,0000000100000000000000000000100000001000100000000000000100010,___ ____t___ _____ __ ___ __ _____ f______ _u_ __ r_____ _____ ____ w_ __l_
39,You only live once but if you do it right once is enough,44,7,6_16_21_30_34_36_38,00000100000000010000100000000100010101000000,___ __l_ ____ ____ b__ __ y__ __ __ __g__ _n_e _s ______
40,Life is what happens when youre busy making other plans,46,9,3_6_13_24_26_34_39_40_41,0010010000001000000000010100000001000011100000,__f_ _s ____ __p____ ____ __u_e ____ ___i__ __her _____
41,And when you want something all the universe conspires in helping you to achieve it,69,7,23_31_35_42_46_51_62,000000000000000000000010000000100010000001000100001000000000010000000,___ ____ ___ ____ ________g ___ ___ _n___r__ ____p___s __ __l____ ___ __ _c_____ __
42,The only way to achieve the impossible is to believe it is possible,55,7,5_6_11_13_14_36_53,0000110000101100000000000000000000010000000000000000100,___ _nl_ ___ t_ ac_____ ___ __________ __ _o _______ __ __ _____b__
43,Success is liking yourself liking what you do and liking how you do it,57,9,2_4_15_22_23_30_45_54_57,010100000000001000000110000001000000000000001000000001001,_u_c___ __ _____g ______lf ______ w___ ___ __ ___ ___i__ ___ ___ d_ _t
44,In the end we will remember not the words of our enemies but the silence of our friends,70,8,4_9_32_42_46_49_57_60,0001000010000000000000000000000100000000010001001000000010010000000000,__ _h_ ___ w_ ____ ________ ___ ___ ___d_ __ ___ ___m___ b__ t__ _____c_ _f ___ _______
45,We accept the love we think we deserve,31,7,4_8_12_13_20_21_29,0001000100011000000110000000100,__ _c___t ___ lo__ __ __in_ __ ____r__
46,You have brains in your head You have feet in your shoes You can steer yourself any direction you choose,85,8,8_15_60_63_64_72_74_82,0000000100000010000000000000000000000000000000000000000000010011000000010100000001000,___ ____ b_____ _n ____ ____ ___ ____ ____ __ ____ _____ ___ ___ _____ ___r__lf ___ ____c_i__ ___ __o___
47,So I love you because the entire universe conspired to help me find you,58,9,19_30_35_36_37_44_49_50_55,0000000000000000001000000000010000111000000100001100001000,__ _ ____ ___ _______ _h_ ______ ___v____ con______ t_ ___p m_ ___d ___
48,The best way to predict your future is to create it,41,5,2_7_16_23_25,01000010000000010000001010000000000000000,_h_ ___t ___ __ ___d___ ___r _u____ __ __ ______ __
49,The greatest glory in living lies not in never falling but in rising every time we fall,71,9,7_10_20_21_23_47_64_66_71,00000010010000000001101000000000000000000000001000000000000000010100001,___ ___a__s_ _____ __ _iv_n_ ____ ___ __ _____ _______ _u_ __ ______ _____ __m_ w_ ___l
50,The way to get started is to quit talking and begin doing,46,7,4_6_10_12_22_24_32,0001010001010000000001010000000100000000000000,___ w_y __ _e_ s______ __ _o _u__ _____n_ ___ _____ _____
51,Insanity is doing the same thing over and over again but expecting different results,71,10,1_3_14_21_24_31_48_49_51_56,10100000000001000000100100000010000000000000000110100001000000000000000,I_s_____ __ ___n_ ___ __m_ _h___ ___r ___ ____ _____ ___ _xp_c____ d________ _______
52,Try not to become a man of success Rather become a man of value,50,7,3_6_9_18_20_31_49,00100100100000000101000000000010000000000000000010,__y __t __ b_____ _ __n _f _______ ___h__ ______ _ ___ __ ___u_
53,If you cannot do great things do small things in a great way,48,7,3_5_6_12_28_37_44,001011000001000000000000000100000000100000010000,__ y_u c_____ d_ _____ ______ __ _m___ _____s __ _ ___a_ ___
54,There is only one thing that makes a dream impossible to achieve the fear of failure,69,6,8_11_26_30_51_64,000000010010000000000000010001000000000000000000001000000000000100000,_____ __ o__y ___ _____ ____ __k__ _ d____ __________ __ ____e__ ___ ____ __ _a_____
55,Time is an illusion Lunchtime doubly so,33,7,16_18_20_21_22_29_32,000000000000000101011100000010010,____ __ __ _______n _u_cht___ ___b__ s_
56,The two most important days in your life are the day you are born and the day you find out why,74,6,17_22_32_49_59_72,00000000000000001000010000000001000000000000000010000000001000000000000100,___ ___ ____ ______a__ __y_ __ ____ __f_ ___ ___ ___ ___ ___ b___ ___ ___ d__ ___ ____ ___ w__
57,We are all in the gutter but some of us are looking at the stars,50,8,12_15_28_34_39_40_41_50,00000000000100100000000000010000010000111000000001,__ ___ ___ __ _h_ _u____ ___ ____ _f __ ___ l____ng a_ ___ ____s
58,The only real mistake is the one from which we learn nothing,49,6,15_16_25_27_31_34,0000000000000011000000001010001001000000000000000,___ ____ ____ ___ta__ __ ___ _n_ f___ w__c_ __ _____ _______
59,A lie can travel half way around the world while the truth is putting on its shoes,66,8,16_17_20_23_29_34_35_56,000000000000000110010010000010000110000000000000000000010000000000,_ ___ ___ ______ __lf __y __o___ __e ____d w____ ___ _____ __ ______g __ ___ _____
60,The only way to do great work is to love what you do,40,5,2_6_12_17_23,0100010000010000100000100000000000000000,_h_ __l_ ___ _o __ __e__ ___k __ __ ____ ____ ___ __
61,What lies behind us and what lies before us are tiny matters compared to what lies within us,75,7,13_28_30_34_45_48_51,000000000000100000000000000101000100000000001001001000000000000000000000000,____ ____ ____n_ __ ___ ____ ____ b_f___ u_ ___ ____ __t__r_ _o______ __ ____ ____ ______ __
62,Keep your face always toward the sunshine and shadows will fall behind you,62,8,1_13_17_23_30_43_48_54,10000000000010001000001000000100000000000010000100000100000000,K___ ____ ____ a___y_ ____r_ ___ __n_____ ___ ____o__ __l_ ____ b_____ ___
63,I dont think of all the misery but of the beauty that still remains,54,6,2_20_22_29_35_45,010000000000000000010100000010000010000000001000000000,_ d___ _____ __ ___ ___ _i_e__ ___ _f ___ __a___ ____ __i__ _______
64,You dont have to burn books to destroy a culture Just get people to stop reading them,69,9,6_11_29_36_41_43_48_62_64,000001000010000000000000000010000001000010100001000000000000010100000,___ __n_ ___e __ ____ _____ __ ____r__ _ ___t___ _u_t ___ _e____ __ ____ ___d_n_ ____
65,Never trust anyone who has not brought a book with them,45,8,8_13_16_22_30_34_37_45,000000010000100100000100000001000100100000001,_____ __u__ __y__e ___ __s ___ ____g__ _ b__k ____ ___m
66,It is said that your life flashes before your eyes just before you die That is true its called Life,80,8,13_18_37_46_49_55_64_72,00000000000010000100000000000000000010000000010010000010000000010000000100000000,__ __ ____ ____ y___ _i__ _______ ______ ___r ____ ____ b__o__ ___ d__ ____ __ t___ ___ _a____ ____
67,Your life does not get better by chance it gets better by change,52,8,1_2_4_7_8_13_19_31,1101001100001000001000000000001000000000000000000000,Yo_r __fe ____ n__ ___ b_____ __ ____c_ __ ____ ______ __ ______
68,If you judge people you have no time to love them,39,4,13_15_20_23,000000000000101000010010000000000000000,__ ___ _____ __o_l_ ___ h__e __ ____ __ ____ ____
69,Libraries were full of ideas perhaps the most dangerous and powerful of all weapons,70,7,4_15_21_37_38_52_53,0001000000000010000010000000000000001100000000000001100000000000000000,___r_____ ____ _u__ __ _d___ _______ ___ __st _________ ___ _ow_____ __ ___ _______
70,Count your age by friends not years Count your life by smiles not tears,58,7,17_20_23_30_42_45_56,0000000000000000100100100000010000000000010010000000000100,_____ ____ ___ __ __i__d_ _o_ _____ C____ ____ ___e __ s_____ ___ __a__
71,Success is not the absence of failure its the persistence through failure,62,4,1_27_41_51,10000000000000000000000000100000000000001000000000100000000000,S______ __ ___ ___ _______ __ __i____ ___ ___ ___s_______ __r____ _______
72,It is better to be hated for what you are than to be loved for what you are not,61,8,4_10_15_17_27_36_43_45,0001000001000010100000000010000000010000001010000000000000000,__ _s _____r __ __ h_t__ ___ ____ y__ ___ ___n __ __ __v_d ___ ____ ___ ___ ___
73,Tis better to have loved and lost than never to have loved at all,52,6,1_2_20_21_26_32,1100000000000000000110000100000100000000000000000000,Ti_ ______ __ ____ ____d a__ __s_ ____ n____ __ ____ _____ __ ___
74,Nobody realizes that some people expend tremendous energy merely to be normal,66,9,3_5_10_12_23_43_44_46_65,001010000101000000000010000000000000000000110100000000000000000010,__b_d_ ___l_z__ ____ ____ p_____ ______ ________us _n____ ______ __ __ ____a_
75,Were all human arent we Every human life is worth the same and worth saving,61,6,16_26_29_31_39_60,0000000000000001000000000100101000000010000000000000000000010,____ ___ _____ ___n_ __ _____ _u__n _i__ __ ___t_ ___ ____ ___ _____ ____n_
76,Let us read and let us dance these two amusements will never do any harm to the world,68,7,6_18_21_22_43_45_55,00000100000000000100110000000000000000000010100000000010000000000000,___ __ r___ ___ ___ __ d__ce _____ ___ __________ __l_ n____ __ ___ h___ __ ___ _____
77,It is not a lack of love but a lack of friendship that makes unhappy marriages,63,8,5_15_30_32_34_48_54_61,000010000000001000000000000001010100000000000001000001000000100,__ __ n__ _ ____ __ l___ ___ _ ____ __ _r_e_d____ ____ _____ u_____y ______g__
78,In three words I can sum up everything Ive learned about life it goes on,58,5,7_25_27_50_57,0000001000000000000000001010000000000000000000000100000010,__ ____e _____ _ ___ ___ __ ___r_t____ ___ _______ _____ ___e __ ____ o_
79,The only thing standing between you and your goal is the story you keep telling yourself,73,6,13_23_24_25_50_73,0000000000001000000000111000000000000000000000000100000000000000000000001,___ ____ _____ s_______ __twe__ ___ ___ ____ ____ __ ___ ___r_ ___ ____ _______ _______f
80,Success is the sum of small efforts repeated day in and day out,51,6,4_14_25_30_39_41,000100000000010000000000100001000000001010000000000,___c___ __ ___ _u_ __ _____ __f____ r_______ _a_ i_ ___ ___ ___
81,Unless someone like you cares a whole awful lot Nothing is going to get better Its not,70,7,7_9_20_21_27_32_36,0000001010000000000110000010000100010000000000000000000000000000000000,______ s_m____ ____ __u c____ _ w____ a___l ___ _______ __ _____ __ ___ ______ ___ ___
82,The world is a book and those who do not travel read only one page,52,6,10_17_24_26_32_34,0000000001000000100000010100000101000000000000000000,___ _____ _s _ ____ _n_ _____ w_o __ ___ t_a___ ____ ____ ___ ____
83,Be the change that you wish to see in the world,37,8,8_10_11_12_16_17_18_20,0000000101110001110100000000000000000,__ ___ __a_ge t___ you _i__ __ ___ __ ___ _____
84,Sometimes people dont want to hear the truth because they dont want their illusions destroyed,79,6,22_40_60_67_75_79,0000000000000000000001000000000000000001000000000000000000010000001000000010001,_________ ______ ____ __n_ __ ____ ___ _____ __c____ ____ ____ ____ ___i_ _____i___ ____r___d
85,Thats the thing about books They let you travel without moving your feet,60,9,2_12_18_20_24_36_48_52_53,010000000001000001010001000000000001000000000001000110000000,_h___ ___ ___n_ ____t _o___ T___ ___ ___ __a___ _______ _o___g y___ ____
86,There are too many books I havent read too many places I havent seen too many memories I havent kept long enough,91,10,1_15_20_22_31_37_39_42_68_89,1000000000000010000101000000001000001010010000000000000000000000000100000000000000000000100,T____ ___ ___ ___y ____s _ h_____ ___d ___ __n_ p__c__ _ ______ ____ ___ ____ _____i__ _ ______ ____ ____ ___u__
87,The only way to have a friend is to be one,32,6,1_14_15_18_21_25,10000000000001100100100010000000,T__ ____ ___ __ _av_ _ f__e__ _s __ __ ___
88,It is sometimes an appropriate response to reality to go insane,53,4,31_32_40_42,00000000000000000000000000000011000000010100000000000,__ __ _________ __ ___________ ____on__ __ ___l_t_ __ __ ______
89,You miss hundred percent of the shots you dont take,42,5,8_10_16_31_41,000000010100000100000000000000100000000010,___ ____ h_n____ _e_____ __ ___ ____s ___ ____ __k_
90,You cant use up creativity The more you use the more you have,49,5,6_17_27_28_47,0000010000000000100000000011000000000000000000100,___ __n_ ___ __ ____t_____ ___ _or_ ___ ___ ___ ____ ___ _a__
91,The worst part of holding the memories is not the pain Its the loneliness of it Memories need to be shared,86,6,13_25_30_41_52_70,00000000000010000000000010000100000000001000000000010000000000000000010000000000000000,___ _____ ____ o_ _______ ___ m____i__ __ ___ ___ p___ ___ ___ _o________ __ __ _____i__ ____ __ __ ______
92,Indifference and neglect often do much more damage than outright dislike,62,7,8_11_15_31_48_58_59,00000001001000100000000000000010000000000000000100000000011000,_______r__c_ __d _______ _____ __ _u__ ____ ______ ____ o_______ __sl___
93,Some old wounds never truly heal and bleed again at the slightest word,58,8,2_3_16_28_37_48_50_52,0110000000000001000000000001000000001000000000010101000000,_om_ ___ ______ __v__ _____ ____ a__ _____ _g___ __ ___ __i_h_e__ ____
94,Talent hits a target no one else can hit Genius hits a target no one else can see,64,3,29_40_63,0000000000000000000000000000100000000001000000000000000000000010,______ ____ _ ______ __ ___ ____ __n ___ ______ _i__ _ ______ __ ___ ____ ___ _e_
95,Sarcasm is the last refuge of the imaginatively bankrupt,48,5,4_15_22_39_45,000100000000001000000100000000000000001000001000,___c___ __ ___ __s_ _____e __ ___ ___________l_ ____r___
96,The purpose of life is not to be happy It is to be useful to be honorable to be compassionate,74,6,30_47_54_64_67_69,00000000000000000000000000000100000000000000001000000100000000010010100000,___ _______ __ ____ __ ___ __ __ ____y __ __ __ __ ______ __ b_ _____a___ __ __ __m__s_i_____
97,Love is like the wind you cant see it but you can feel it,44,7,6_14_18_19_20_22_40,00000100000001000111010000000000000000010000,____ _s ____ ___ w___ you _a__ ___ __ ___ ___ ___ _e__ __
98,Angry and half in love with her and tremendously sorry I turned away,56,8,4_9_12_37_38_42_52_54,00010000100100000000000000000000000011000100000000010100,___r_ ___ h__f __ ____ ____ ___ ___ ________us__ _o___ _ _____d _w__
99,The best preparation for tomorrow is doing your best today,49,4,7_12_26_32,0000001000010000000000000100000100000000000000000,___ ___t ____a______ ___ ____r___ __ d____ ____ ____ _____
100,It does not do to dwell on dreams and forget to live,41,2,13_41,00000000000010000000000000000000000000001,__ ____ ___ __ _o _____ __ ______ ___ ______ __ ___e
101,Be yourself Everyone else is already taken,36,7,6_12_15_17_21_26_29,000001000001001010001000010010000000,__ ___r____ _v__y_n_ __s_ __ _l__a__ _____
102,Im selfish impatient and a little insecure I make mistakes I am out of control and at times hard to handle But if you cant handle me at my worst then you sure as hell dont deserve me at my best,153,5,12_35_41_62_102,000000000001000000000000000000000010000010000000000000000000010000000000000000000000000000000000000001000000000000000000000000000000000000000000000000000,__ _______ __p______ ___ _ ______ ______r_ _ ___e ________ _ __ ___ __ ____r__ ___ __ _____ ____ __ ______ ___ __ ___ ____ ___d__ __ __ __ _____ ____ ___ ____ __ ____ ____ _______ __ __ __ ____
103,So many books so little time,23,5,4_6_11_17_22,00010100001000001000010,__ _a_y ____s __ ___t__ __m_
104,Two things are infinite the universe and human stupidity and Im not sure about the universe,76,5,15_33_35_49_59,0000000000000010000000000000000010100000000000001000000000100000000000000000,___ ______ ___ __f_____ ___ ________ _n_ h____ _________ a__ __ ___ __r_ _____ ___ ________
105,A room without books is like a body without a soul,40,7,9_22_23_27_28_37_40,0000000010000000000001100011000000001001,_ ____ ___h___ _____ __ __ke _ __dy _______ _ s__l
106,Youve gotta dance like theres nobody watching Love like youll never be hurt Sing like theres nobody listening And live like its heaven on earth,119,8,11_29_52_71_81_87_91_117,00000000001000000000000000001000000000000000000000010000000000000000001000000000100000100010000000000000000000000000100,_____ _____ d____ ____ ______ ___o__ ________ ____ ____ ____l _____ __ ____ ____ ___e ______ ___o__ ___t___n_ ___ ____ ____ ___ ______ __ __r__
107,If you want to know what a mans like take a good look at how he treats his inferiors not his equals,78,6,12_25_35_38_53_57,000000000001000000000000100000000010010000000000000010001000000000000000000000,__ ___ ____ __ k___ ____ _ ____ l___ ____ _ _o__ l___ __ ___ __ ____t_ __s _________ ___ ___ ______
108,Dont walk in front of me I may not follow Dont walk behind me I may not lead Walk beside me just be my friend,85,9,6_40_53_70_73_74_75_79_80,0000010000000000000000000000000000000001000000000000100000000000000001001110001100000,____ _a__ __ _____ __ __ _ ___ ___ ______ ____ ___k ______ __ _ ___ n__ ____ ____ ______ m_ _ust __ _y f_____
109,Ive learned that people will forget what you said people will forget what you did but people will never forget how you made them feel,109,8,29_39_61_76_84_93_98_106,0000000000000000000000000000100000000010000000000000000000001000000000000001000000010000000010000100000001000,___ _______ ____ ______ ____ ____e_ ____ ___ _a__ ______ ____ ______ ___t ___ ___ ___ _____e ____ ___e_ ______ _o_ ___ m___ ____ f___
110,A friend is someone who knows all about you and still loves you,51,6,18_20_35_41_46_50,000000000000000001010000000000000010000010000100010,_ ______ __ _______ _h_ k____ ___ _____ __u ___ __i__ __v__ _o_
111,To live is the rarest thing in the world Most people exist that is all,56,5,16_23_27_36_41,00000000000000010000001000100000000100001000000000000000,__ ____ __ ___ ____s_ _____ i_ __e _____ ___t ____l_ _____ ____ __ ___
112,Darkness cannot drive out darkness only light can do that Hate cannot drive out hate only love can do that,87,8,11_14_19_25_26_33_38_74,000000000010010000100000110000001000010000000000000000000000000000000000010000000000000,________ __n__t ____e ___ __rk____ __l_ ___h_ ___ __ ____ ____ ______ _____ ___ ____ ___y ____ ___ __ ____
113,Live as if you were to die tomorrow Learn as if you were to live forever,57,7,10_11_31_33_35_51_56,000000000110000000000000000000101010000000000000001000010,____ __ __ _ou ____ __ ___ ________ __a_n _s __ ___ ____ __ ____ f____e_
114,Without music life would be a mistake,31,7,2_3_8_10_12_15_30,0110000101010010000000000000010,_it____ m_s_c __f_ _____ __ _ _____k_
115,I am so clever that sometimes I dont understand a single word of what I am saying,65,8,6_9_17_20_22_31_53_59,00000100100000001001010000000010000000000000000000001000001000000,_ __ __ c__v__ ____ _o__t_m__ _ ____ _n________ _ ______ ____ __ w___ _ _m ______
116,Whether you think you can or you think you cant youre right,48,4,4_23_36_40,000100000000000000000010000000000001000100000000,___t___ ___ _____ ___ ___ _r ___ _____ ___ _a__ _o___ _____
117,Twenty years from now you will be more disappointed by the things that you didnt do than by the ones you did do So throw off the bowlines Sail away from the safe harbor Catch the trade winds in your sails Explore Dream Discover,184,8,19_24_33_36_42_120_160_161,0000000000000000001000010000000010010000010000000000000000000000000000000000000000000000000000000000000000000000000000010000000000000000000000000000000000000001100000000000000000000000,______ _____ ____ ___ y__ __l_ __ ____ _i__p_____e_ __ ___ ______ ____ ___ _____ __ ____ __ ___ ____ ___ ___ __ __ _____ ___ ___ ________ ____ ____ _r__ ___ ____ ______ _____ ___ _____ _____ __ ____ sa___ _______ _____ ________
118,The person be it gentleman or lady who has not pleasure in a good novel must be intolerably stupid,80,7,7_12_17_24_29_30_55,00000010000100001000000100001100000000000000000000000010000000000000000000000000,___ ___s__ __ i_ ___t_____ _r ____ wh_ ___ ___ ________ __ _ ____ __v__ ____ __ ___________ ______
119,It is our choices Harry that show what we truly are far more than our abilities,64,4,27_31_50_54,0000000000000000000000000010001000000000000000000100010000000000,__ __ ___ _______ _____ ____ ___w ___t __ _____ ___ ___ ____ _h__ _u_ _________
120,Imperfection is beauty madness is genius and its better to be absolutely ridiculous than absolutely boring,91,9,6_11_21_23_43_61_68_77_86,0000010000100000000010100000000000000000001000000000000000001000000100000000100000000100000,_____f____o_ __ ______ m_d____ __ ______ ___ ___ _e____ __ __ _________y ______l___ ____ _b________ b_____
121,There are only two ways to live your life One is as though nothing is a miracle The other is as though everything is a miracle,101,8,1_6_32_38_44_48_57_91,10000100000000000000000000000001000001000001000100000000100000000000000000000000000000000010000000000,T____ a__ ____ ___ ____ __ ____ ____ __f_ ___ _s __ ___u__ _o_____ __ _ m______ ___ _____ __ __ ______ _________g __ _ _______
122,Good friends good books and a sleepy conscience this is the ideal life,58,9,16_19_29_32_33_41_42_53_57,0000000000000001001000000000100110000000110000000000100010,____ _______ ____ b__k_ ___ _ ____p_ _on_______ th__ __ ___ ___a_ __f_
123,As he read I fell in love the way you fall asleep slowly and then all at once,60,9,5_13_14_39_42_44_47_48_55,000010000000110000000000000000000000001001010011000000100000,__ __ r___ _ ___l i_ ____ ___ ___ ___ ____ ______ s__w_y __d t___ ___ a_ ____
124,Fairy tales are more than true not because they tell us that dragons exist but because they tell us that dragons can be beaten,103,6,34_42_47_65_67_103,0000000000000000000000000000000001000000010000100000000000000000101000000000000000000000000000000000001,_____ _____ ___ ____ ____ ____ ___ _____s_ ____ __l_ __ _h__ _______ _____ ___ b_c____ ____ ____ __ ____ _______ ___ __ _____n
125,The fool doth think he is wise but the wise man knows himself to be a fool,58,7,3_19_41_42_43_45_49,0010000000000000001000000000000000000000111010001000000000,__e ____ ____ _____ __ i_ ____ ___ ___ ____ ___ ___ws h_m___f __ __ _ ____
126,It is better to remain silent at the risk of being thought a fool than to talk and remove all doubt of it,83,9,15_23_33_40_70_72_78_81_82,00000000000000100000001000000000100000010000000000000000000000000000010100000100110,__ __ ______ __ __m___ ____n_ __ ___ ___k __ ____g _______ _ ____ ____ __ ____ ___ ____v_ a__ ___b_ _f i_
127,Life is what happens to us while we are making other plans,47,6,3_11_15_42_43_46,00100000001000100000000000000000000000000110010,__f_ __ ____ h___e__ __ __ _____ __ ___ ______ ____r p__n_
128,Yesterday is history tomorrow is a mystery today is a gift of God which is why we call it the present,81,8,16_30_34_41_61_71_73_80,000000000000000100000000000001000100000010000000000000000000100000000010100000010,_________ __ ____o__ ________ __ _ m___e__ ____y __ _ ____ __ ___ _____ __ w__ __ ____ _t _h_ _____n_
129,The opposite of love is not hate its indifference The opposite of art is not ugliness its indifference The opposite of faith is not heresy its indifference And the opposite of life is not death its indifference,174,7,56_75_83_116_149_157_169,000000000000000000000000000000000000000000000000000000010000000000000000001000000010000000000000000000000000000000010000000000000000000000000000000010000000100000000000100000,___ ________ __ ____ __ ___ ____ ___ ____________ ___ ________ __ _r_ __ ___ ________ ___ _n_______n__ ___ ________ __ _____ __ ___ ______ _t_ ____________ ___ ___ ________ __ ___e __ ___ __a__ ___ ______e_____
130,The man who does not read has no advantage over the man who cannot read,57,5,5_28_51_52_53,000010000000000000000000000100000000000000000000001110000,___ _a_ ___ ____ ___ ____ ___ __ __v______ ____ ___ ___ ___ ___not ____
131,Dont watch the clock do what it does Keep going,38,4,1_2_16_23,11000000000000010000001000000000000000,Do__ _____ ___ ___c_ __ ___t __ ____ ____ _____
132,I may not have gone where I intended to go but I think I have ended up where I needed to be,70,5,2_20_27_36_53,0100000000000000000100000010000000010000000000000000100000000000000000,_ m__ ___ ____ ____ ____e _ _____d__ __ __ __t _ _____ _ ____ _____ u_ _____ _ ______ __ __
133,Outside of a dog a book is mans best friend Inside of a dog its too dark to read,62,4,7_15_36_42,00000010000000100000000000000000000100000100000000000000000000,______e __ _ ___ _ b___ __ ____ ____ ______ _n____ _f _ ___ ___ ___ ____ __ ____
134,I solemnly swear that I am up to no good,31,8,5_8_9_13_14_21_22_28,0000100110001100000011000001000,_ ___e__ly ___ar ____ _ _m u_ __ __ g___
135,I am enough of an artist to draw freely upon my imagination Imagination is more important than knowledge Knowledge is limited Imagination encircles the world,133,6,24_43_88_95_129_133,0000000000000000000000010000000000000000001000000000000000000000000000000000000000000001000000100000000000000000000000000000000010001,_ __ ______ __ __ ______ __ __a_ ______ ____ __ _____n_____ ___________ __ ____ _________ ____ _________ K______g_ __ _______ ___________ _________ ___ w___d
136,Love all trust a few Do wrong to none be able for thine enemy Rather in power than use and keep thy friend Under thy own lifes key be checkd for silence But never taxd for speech,142,8,7_20_23_28_48_66_110_117,0000001000000000000100100001000000000000000000010000000000000000010000000000000000000000000000000000000000000100000010000000000000000000000000,____ __l _____ _ ___ __ _r__g __ __n_ __ ____ ___ _____ ____y ______ __ _____ ____ u__ ___ ____ ___ ______ _____ ___ ___ _____ ___ __ ____k_ ___ __l____ ___ _____ ____ ___ ______
137,Have you ever been in love Horrible isnt it It makes you so vulnerable It opens your chest and it opens up your heart and it means that someone can get inside you and mess you up,142,9,12_20_31_41_70_91_103_126_140,0000000000010000000100000000001000000000100000000000000000000000000001000000000000000000001000000000001000000000000000000000010000000000000100,____ ___ ____ b___ __ __v_ ________ _s__ __ __ ___e_ ___ __ __________ __ _____ ____ _h___ ___ __ _____ __ ____ _e___ ___ __ ___n_ ____ _______ ___ ___ ____d_ ___ ___ ____ __u __
138,A reader lives a thousand lives before he dies said Jojen The man who never reads lives only one,78,6,17_24_32_54_57_75,000000000000000010000001000000010000000000000000000001001000000000000000001000,_ ______ _____ _ ___u____ __v__ _____e __ ____ ____ _____ ___ ___ w__ n____ _____ _____ ___y ___
139,A day without sunshine is like you know night,37,5,3_5_11_27_35,0010100000100000000000000010000000100,_ _a_ w_____t ________ __ ____ _o_ ____ __g__
140,Never put off till tomorrow what may be done day after tomorrow just as well,62,4,26_42_43_54,00000000000000000000000001000000000000000110000000000100000000,_____ ___ ___ ____ ________ __a_ ___ __ ____ ___ __te_ ________ _u__ __ ____
141,Being deeply loved by someone gives you strength while loving someone deeply gives you courage,80,3,29_47_49,00000000000000000000000000001000000000000000001010000000000000000000000000000000,_____ ______ _____ __ _______ ___e_ ___ ________ _____ l_v___ _______ ______ _____ ___ _______
142,That which does not kill us makes us stronger,37,8,1_9_18_21_23_24_36_37,1000000010000000010010110000000000011,T___ ____h ____ ___ _i__ u_ ma___ __ ______er
143,It is never too late to be what you might have been,40,5,7_15_19_26_30,0000001000000010001000000100010000000000,__ __ __v__ ___ __t_ __ b_ ____ _o_ __g__ ____ ____
144,For every minute you are angry you lose sixty seconds of happiness,55,8,23_29_35_36_43_48_49_53,0000000000000000000000100000100000110000001000011000100,___ _____ ______ ___ ___ __g__ ___ l___ __xt_ _____d_ __ _ap___e__
145,The mind is everything What you think you become,40,5,10_14_20_28_35,0000000001000100000100000001000000100000,___ ____ __ e___y_____ W___ ___ _h___ ___ b_____
146,I love deadlines I love the whooshing noise they make as they go by,54,7,2_8_23_24_26_43_50,010000010000000000000011010000000000000000100000010000,_ l___ __a______ _ ____ ___ wh_o_____ _____ ____ __k_ __ ___y __ __
147,Im not upset that you lied to me Im upset that from now on I cant believe you,60,9,1_4_9_18_21_31_40_45_49,100100001000000001001000000000100000000100001000100000000000,I_ _o_ ___e_ ____ ___ l__d __ __ __ ___e_ ____ ___m ___ _n _ __n_ _______ ___
148,There is no greater agony than bearing an untold story inside you,54,5,2_4_14_27_35,010100000000010000000000001000000010000000000000000000,_h_r_ __ __ ____t__ _____ ____ _e_____ __ u_____ _____ ______ ___
149,If you cant explain it to a six year old you dont understand it yourself,58,6,3_6_15_29_41_46,0010010000000010000000000000100000000000100001000000000000,__ y__ c___ _____i_ __ __ _ ___ ____ o__ ___ ____ __d____a__ __ ________
150,If you only read the books that everyone else is reading you can only think what everyone else is thinking,87,10,1_22_23_27_28_42_43_45_46_50,100000000000000000000110001100000000000001101100010000000000000000000000000000000000000,I_ ___ ____ ____ ___ _____ th__ _ve_____ ____ __ __ad_ng ___ c__ ____ _____ ____ ________ ____ __ ________
151,Love is that condition in which the happiness of another person is essential to your own,73,7,3_13_31_46_47_62_72,0010000000001000000000000000001000000000000001100000000000000100000000010,__v_ __ ____ __n______ __ _____ ___ _a_______ __ _____er ______ __ ______i__ __ ____ _w_
152,A book is a gift you can open again and again A library is not a luxury but one of the necessities of life,83,6,10_12_39_63_68_77,00000000010100000000000000000000000000100000000000000000000000100001000000001000000,_ ____ __ _ _i_t ___ ___ ____ _____ ___ _____ _ __b____ __ ___ _ ______ ___ ___ _f ___ _e________s __ ____
153,Everything you can imagine is real,29,7,2_4_5_7_10_18_25,01011010010000000100000010000,_v_ry_h__g ___ ___ _m_____ _s ____
154,I have always imagined that Paradise will be a kind of library,51,9,4_14_15_19_20_24_30_44_47,000100000000011000110001000001000000000000010010000,_ __v_ ______ __ag___d t___ P_____s_ ____ __ _ ____ _f __b____
155,If you want to lift yourself up lift up someone else,42,4,10_26_34_38,000000000100000000000000010000000100010000,__ ___ ____ t_ ____ ________ __ l___ __ __m___e ____
156,We dont see things as they are we see them as we are,40,3,4_22_25,0001000000000000000001001000000000000000,__ _o__ ___ ______ __ ____ a__ w_ ___ ____ __ __ ___
157,Sometimes the questions are complicated and the answers are simple,57,5,5_8_27_32_53,000010010000000000000000001000010000000000000000000010000,____t__e_ ___ _________ ___ __m____a___ ___ ___ _______ ___ _i____
158,You can never get a cup of tea large enough or a book long enough to suit me,59,9,1_2_7_16_18_38_49_54_57,11000010000000010100000000000000000001000000000010000100100,Yo_ ___ n____ ___ _ c_p __ ___ _____ ______ __ _ b___ ____ ___u__ __ s__t __
159,We read to know were not alone,24,4,9_11_12_20,000000001011000000010000,__ ____ __ k_ow ____ ___ a____
160,Sometimes you read a book and it fills you with this weird evangelical zeal and you become convinced that the shattered world will never be put back together unless and until all living humans read the book,170,10,15_32_34_48_59_76_78_83_100_125,00000000000000100000000000000001010000000000000100000000001000000000000000010100001000000000000000010000000000000000000000001000000000000000000000000000000000000000000000,_________ ___ __a_ _ ____ ___ __ _____ y_u ____ ____ _____ e__________ z___ ___ ___ ______ _o_v____d ____ ___ _________ w____ ____ _____ __ ___ ____ __g_____ ______ ___ _____ ___ ______ ______ ____ ___ ____
161,Life isnt about finding yourself Life is about creating yourself,55,8,15_16_18_26_36_42_48_55,0000000000000011010000000100000000010000010000010000001,____ ____ _____ _in_i__ _____e__ ____ __ _b___ __e_____ y______f
162,All you need is love But a little chocolate now and then doesnt hurt,55,4,13_31_33_44,0000000000001000000000000000001010000000000100000000000,___ ___ ____ __ l___ ___ _ ______ ____o_a__ ___ ___ __e_ ______ ____
163,You are never too old to set another goal or to dream a new dream,51,3,6_23_24,000001000000000000000011000000000000000000000000000,___ __e _____ ___ ___ __ ___ an_____ ____ __ __ _____ _ ___ _____
164,Of course it is happening inside your head Harry but why on earth should that mean that it is not real,82,7,2_6_10_26_46_62_72,0100010001000000000000000100000000000000000001000000000000000100000000010000000000,_f ___r__ _t __ _________ ____d_ ____ ____ _____ ___ __y __ _____ ______ __a_ ____ ____ i_ __ ___ ____
165,Today you are You that is truer than true There is no one alive who is Youer than You,67,5,28_35_40_43_47,0000000000000000000000000001000000100001001000100000000000000000000,_____ ___ ___ ___ ____ __ _____ __a_ ____ _h___ _s __ o__ _l___ ___ __ _____ ____ ___
166,Im not afraid of death I just dont want to be there when it happens,53,6,8_9_18_30_36_51,00000001100000000100000000000100000100000000000000100,__ ___ __ra__ __ ____h _ ____ ____ __n_ __ __ t____ ____ __ ____e__
167,If one cannot enjoy reading a book over and over again there is no use in reading it at all,72,10,6_22_25_30_41_46_55_62_63_72,000001000000000000000100100001000000000010000100000000100000011000000001,__ ___ c_____ _____ _____n_ _ b___ _v__ ___ ____ _g___ _h___ __ __ _s_ __ ___di__ __ __ __l
168,It is impossible to live without failing at something unless you live so cautiously that you might as well not have lived at all In which case you fail by default,132,8,6_11_21_40_42_80_117_129,000001000010000000001000000000000000000101000000000000000000000000000000000000010000000000000000000000000000000000001000000000001000,__ __ _m____i___ __ ____ w______ _______ __ ___e_h___ ______ ___ ____ __ __________ ____ ___ __g__ __ ____ ___ ____ _____ __ ___ __ _____ ____ y__ ____ __ ___a___
169,If you want your children to be intelligent read them fairy tales If you want them to be more intelligent read them more fairy tales,108,9,6_24_32_38_51_68_72_83_99,000001000000000000000001000000010000010000000000001000000000000000010001000000000010000000000000001000000000,__ ___ w___ ____ ________ __ b_ ______i____ _e__ ____ _____ _a___ __ ___ ____ ____ t_ __ m___ _______g___ ____ ____ ____ f____ _____
170,Logic will get you from A to Z imagination will get you everywhere,54,6,6_7_16_25_31_45,000001100000000100000000100000100000000000001000000000,_____ wi__ ___ ___ f___ _ __ _ _m_____t___ ____ ___ ___ e_________
171,Whenever I feel the need to exercise I lie down until it goes away,53,9,2_6_22_35_46_48_49_51_53,01000100000000000000010000000000001000000000010110101,_h___v__ _ ____ ___ ____ _o ________ _ ___ d___ _____ __ g_es _w_y
172,The truth is everyone is going to hurt you You just got to find the ones worth suffering for,74,7,13_19_38_50_58_62_65,00000000000010000010000000000000000001000000000001000000010001001000000000,___ _____ __ __e_____ i_ _____ __ ____ ___ ___ j___ ___ __ ___d ___ ____ w___h __f______ ___
173,Sometimes people are beautiful Not in looks Not in what they say Just in what they are,70,7,2_8_9_17_23_36_54,0100000110000000100000100000000000010000000000000000010000000000000000,_o_____es ______ _r_ ____t____ ___ __ ___k_ ___ __ ____ ____ ___ J___ __ ____ ____ ___
174,You dont get to choose if you get hurt in this world but you do have some say in who hurts you I like my choices,87,8,19_21_30_38_39_42_80_81,000000000000000000101000000001000000011001000000000000000000000000000000000000011000000,___ ____ ___ __ ______ i_ y__ ___ ___t __ ____ _or__ b__ ___ __ ____ ____ ___ __ ___ _____ ___ _ ____ _y c______
175,Folks are usually about as happy as they make their minds up to be,53,7,5_11_37_38_41_42_45,00001000001000000000000000000000000011001100100000000,____s ___ __u____ _____ __ _____ __ ____ ___e t__ir __n__ __ __ __
176,Do what you can with what you have where you are,38,4,2_5_7_12,01001010000100000000000000000000000000,_o __a_ y__ __n ____ ____ ___ ____ _____ ___ ___
177,The more that you read the more things you will know The more that you learn the more places youll go,81,6,18_21_27_28_47_69,000000000000000001001000001100000000000000000010000000000000000000001000000000000,___ ____ ____ ___ ___d __e ____ _hi___ ___ ____ ____ ___ _o__ ____ ___ _____ ___ ____ p_____ _____ __
178,One good thing about music when it hits you you feel no pain,48,7,5_13_16_18_21_36_42,000010000000100101001000000000000001000001000000,___ _o__ _____ a__u_ m__i_ ____ __ ____ ___ y__ ___l __ ____
179,I find television very educating Every time somebody turns on the set I go into the other room and read a book,89,8,2_8_12_35_44_46_71_83,01000001000100000000000000000000001000000001010000000000000000000000001000000000001000000,_ f___ __l___s___ ____ _________ _____ _i__ ______d_ t____ __ ___ ___ _ __ ____ ___ __h__ ____ ___ __a_ _ ____
180,So this is my life And I want you to know that I am both happy and sad and Im still trying to figure out how that could be,94,9,5_44_45_63_77_78_80_89_94,0000100000000000000000000000000000000000000110000000000000000010000000000000110100000000100001,__ __i_ __ __ ____ ___ _ ____ ___ __ ____ ____ _ __ ____ _ap__ ___ ___ ___ __ ____l ______ __ _____e o_t ___ ____ _o___ _e
181,When one door of happiness closes another opens but often we look so long at the closed door that we do not see the one which has been opened for us,118,6,4_47_98_99_113_117,0001000000000000000000000000000000000000000000100000000000000000000000000000000000000000000000000110000000000000100010,___n ___ ____ __ _________ ______ _______ _____ ___ ___e_ __ ____ __ ____ __ ___ ______ ____ ____ __ __ ___ ___ ___ ___ __ic_ ___ ____ _____d ___ u_
182,There is nothing I would not do for those who are really my friends I have no notion of loving people by halves it is not my nature,104,8,12_16_18_30_64_82_100_104,00000000000100010100000000000100000000000000000000000000000000010000000000000000010000000000000000010001,_____ __ ____i__ _ w_u__ ___ __ ___ _h___ ___ ___ ______ __ _______ _ ____ __ __t___ __ ______ ______ b_ ______ __ __ ___ __ _a___e
183,Not all of us can do great things But we can do small things with great love,60,8,5_7_8_14_17_38_54_55,000010110000010010000000000000000000010000000000000001100000,___ _l_ of __ ___ d_ _r___ ______ ___ __ ___ __ _m___ ______ ____ __ea_ ____
184,Listen to the mustnts child Listen to the donts Listen to the shouldnts the impossibles the wonts Listen to the never haves then listen close to me Anything can happen child Anything can be,156,7,56_58_73_80_82_96_135,000000000000000000000000000000000000000000000000000000010100000000000000100000010100000000000001000000000000000000000000000000000000001000000000000000000000,______ __ ___ _______ _____ ______ __ ___ _____ ______ __ ___ _____d_t_ ___ __________s ___ ___t_ L_____ __ ___ ___e_ _____ ____ ______ _____ __ __ ________ ___ __p___ _____ ________ ___ __
185,Some people never go crazy What truly horrible lives they must lead,56,6,3_7_28_37_44_46,00100010000000000000000000010000000010000001010000000000,__m_ __o___ _____ __ _____ ____ _r___ _____b__ ____s _h__ ____ ____
186,Life is like riding a bicycle To keep your balance you must keep moving,58,8,13_14_15_47_48_53_55_58,0000000000001110000000000000000000000000000000110000101001,____ __ ____ __din_ _ _______ __ ____ ____ _______ ___ __st ____ m_v__g
187,If you live to be a hundred I want to live to be a hundred minus one day so I never have to live without you,83,9,2_4_8_17_18_55_65_73_74,01010001000000001100000000000000000000000000000000000010000000001000000011000000000,_f _o_ __v_ __ __ _ __nd___ _ ____ __ ____ __ __ _ _______ _____ ___ __y __ _ _____ _a__ __ ___e w______ ___
188,You dont love someone because theyre perfect you love them in spite of the fact that theyre not,78,6,9_20_52_55_58_64,000000001000000000010000000000000000000000000000000100100100000100000000000000,___ ____ _o__ _______ _e_____ ______ _______ ___ ____ ____ __ s__t_ _f ___ __c_ ____ ______ ___
189,What really knocks me out is a book that when youre all done reading it you wish the author that wrote it was a terrific friend of yours and you could call him up on the phone whenever you felt like it That doesnt happen much though,186,9,17_54_71_99_117_144_146_167_175,000000000000000010000000000000000000000000000000000001000000000000000010000000000000000000000000001000000000000000001000000000000000000000000001010000000000000000000010000000100000000000,____ ______ ______ m_ ___ __ _ ____ ____ ____ _____ ___ ____ _____n_ __ ___ ____ ___ ___h__ ____ _____ __ ___ _ ________ __i___ __ _____ ___ ___ _o___ ____ ___ __ __ ___ _____ ____e_e_ ___ ____ ____ __ ____ __e___ ____e_ ____ ______
190,It matters not what someone is born but what they grow to be,48,5,6_26_27_28_41,000001000000000000000000011100000000000010000000,__ ___t___ ___ ____ _______ __ bor_ ___ ____ ____ g___ __ __
191,The difference between genius and stupidity is genius has its limits,58,8,2_9_12_14_17_21_28_57,0100000010010100100010000001000000000000000000000000000010,_h_ _____r__c_ b__w___ g_____ _n_ _________ __ ______ ___ ___ ____t_
192,If I had a flower for every time I thought of you I could walk through my garden forever,70,8,11_33_44_46_53_57_63_69,0000000000100000000000000000000010000000000101000000100010000010000010,__ _ ___ _ ___w__ ___ _____ ____ _ ______t __ ___ _ ____d _a__ ____u__ _y _____n _____e_
193,It is what you read when you dont have to that determines what you will be when you cant help it,76,6,4_24_31_55_57_72,0001000000000000000000010000001000000000000000000000001010000000000000010000,__ _s ____ ___ ____ ____ ___ _o__ ____ t_ ____ __________ ____ ___ _i_l __ ____ ___ ____ _e__ __
194,The trouble with having an open mind of course is that people will insist on coming along and trying to put things in it,97,9,1_30_32_46_54_57_63_65_73,1000000000000000000000000000010100000000000001000000010010000010100000001000000000000000000000000,T__ _______ ____ ______ __ ____ ___d _f ______ __ ____ _e____ ___l __s___ __ c_m___ ____g ___ ______ __ ___ ______ __ __
195,Do one thing every day that scares you,31,6,7_9_17_24_28_29,0000001010000000100000010001100,__ ___ _h_n_ _____ _a_ ____ _c___s y__
196,Some infinities are bigger than other infinities,42,6,2_4_21_25_39_40,010100000000000000001000100000000000001100,_o_e __________ ___ ___g__ _h__ _____ ______ti__
197,You dont have a soul Doctor You are a soul You have a body temporarily,56,9,6_11_30_33_39_42_46_49_51,00000100001000000000000000000100100000100100010010100000,___ __n_ ___e _ ____ ______ ___ ___ _ s__l ___ __v_ _ b___ t__p_r_____
198,Reality continues to ruin my life,28,3,1_15_26,1000000000000010000000000100,R______ _______e_ __ ____ __ _i__
199,All we have to decide is what to do with the time that is given us,51,6,8_12_14_35_37_50,000000010001010000000000000000000010100000000000010,___ __ __v_ __ d_c___ __ ____ __ __ ____ ___ t_m_ ____ __ _____ u_
200,Things change And friends leave Life doesnt stop for anybody,51,6,5_7_16_17_18_22,000010100000000111000100000000000000000000000000000,____g_ c_____ ___ fri___s _____ ____ ______ ____ ___ _______
201,If theres a book that you want to read but it hasnt been written yet then you must write it,72,7,6_9_11_19_35_46_68,000001001010000000100000000000000010000000000100000000000000000000010000,__ ___r__ a _o__ ____ _o_ ____ __ ____ ___ _t _____ ____ _r_____ ___ ____ ___ ____ __i__ __
202,The only way out of the labyrinth of suffering is to forgive,49,4,21_23_28_49,0000000000000000000010100001000000000000000000001,___ ____ ___ ___ __ ___ __b_r____ o_ _________ __ __ ______e
203,When someone loves you the way they talk about you is different You feel safe and comfortable,77,10,1_2_5_10_13_14_32_33_69_70,11001000010011000000000000000001100000000000000000000000000000000000110000000,Wh__ s____n_ _ov__ ___ ___ ___ ____ __lk _____ ___ __ _________ ___ ____ ____ ___ __mf_______
204,Act as if what you do makes a difference It does,38,5,2_13_22_23_24,01000000000010000000011100000000000000,_c_ __ __ ____ _o_ __ _____ a di________ __ ____
205,The reason I talk to myself is because Im the only one whose answers I accept,62,7,17_21_40_44_51_59_62,00000000000000001000100000000000000000010001000000100000001001,___ ______ _ ____ __ m___l_ __ _______ __ ___ ___y ___ w____ __s____ _ __c__t
206,The books that the world calls immoral are books that show the world its own shame,67,8,7_21_27_31_41_56_60_62,0000001000000000000010000010001000000000100000000000000100010100000,___ ___k_ ____ ___ _____ c____ _m___a_ ___ _____ t___ ____ ___ ____d ___ o_n _____
207,Hes like a drug for you Bella,23,7,4_6_13_14_17_20_22,00010100000011001001010,___ l_k_ _ ____ fo_ _o_ _e_l_
208,There is nothing to writing All you do is sit down at a typewriter and bleed,61,7,2_7_12_17_29_46_56,0100001000010000100000000000100000000000000001000000000100000,_h___ _s ____i__ __ w______ ___ __u __ __ ___ ____ __ _ __p_______ __d _____
209,Limit your always and your nevers,28,4,3_4_10_14,0011000001000100000000000000,__mi_ ____ a___y_ ___ ____ ______
210,Classic a book which people praise and dont read,40,6,2_3_11_13_35_38,0110000000101000000000000000000000100100,_la____ _ __o_ w____ ______ ______ ___ __n_ _e__
211,You dont forget the face of the person who was your last hope,49,8,1_8_13_19_25_26_35_40,1000000100001000001000001100000000100001000000000,Y__ ____ f____t ___ __c_ __ __e p_____ ___ w__ __u_ ____ ____
212,I am good but not an angel I do sin but I am not the devil I am just a small girl in a big world trying to find someone to love,96,7,4_5_8_37_80_81_84,000110010000000000000000000000000000100000000000000000000000000000000000000000011001000000000000,_ __ go__ b__ ___ __ _____ _ __ ___ ___ _ __ ___ _h_ _____ _ __ ____ _ _____ ____ __ _ ___ _____ ______ __ fi__ s______ __ ____
213,I am free of all prejudice I hate everyone equally,41,7,9_14_16_25_27_28_37,00000000100001010000000010110000000010000,_ __ ____ _f ___ _r_j_____ _ __t_ ev______ __u____
214,You must do the things you think you cannot do,37,4,6_11_20_30,0000010000100000000100000000010000000,___ __s_ __ _h_ ______ _o_ _____ ___ c_____ __
215,You never really understand a person until you consider things from his point of view Until you climb inside of his skin and walk around in it,116,10,11_21_26_40_49_76_84_97_103_109,00000000001000000000100001000000000000010000000010000000000000000000000000010000000100000000000010000010000010000000,___ _____ __a___ ______t___ _ p_____ _____ ___ c_______ _h____ ____ ___ _____ __ ____ ____l ___ ____b ______ __ ___ _k__ ___ w___ __o___ __ __
216,I have never let my schooling interfere with my education,48,7,4_7_16_18_25_30_42,000100100000000101000000100001000000000001000000,_ __v_ _e___ ___ __ s_h______ i____f___ ____ __ __u______
217,The marks humans leave are too often scars,35,4,9_20_29_32,00000000100000000001000000001001000,___ _____ h_____ _____ a__ ___ ___e_ _c___
218,With the new day comes new strength and new thoughts,43,4,2_5_25_32,0100100000000000000000001000000100000000000,_i__ t__ ___ ___ _____ ___ ___e____ __d ___ ________
219,Some day you will be old enough to start reading fairy tales again,54,8,1_21_22_24_36_37_40_43,100000000000000000001101000000000001100100100000000000,S___ ___ ___ ____ __ ___ _no_g_ __ _____ ___di__ f__r_ _____ _____
220,Remember were madly in love so its all right to kiss me anytime you feel like it,64,10,3_6_16_19_23_36_38_41_47_57,0010010000000001001000100000000000010100100000100000000010000000,__m__b__ ____ ___l_ _n ___e __ ___ ___ ____t _o __s_ __ __y____ ___ __e_ ____ __
221,We are what we pretend to be so we must be careful about what we pretend to be,61,5,23_41_49_51_53,0000000000000000000000100000000000000000100000001010100000000,__ ___ ____ __ _______ __ __ s_ __ ____ __ _______ _b___ ____ w_ p_e____ __ __
222,To die will be an awfully big adventure,32,4,5_24_28_31,00001000000000000000000100010010,__ __e ____ __ __ _______ ___ a___n__r_
223,Books are a uniquely portable magic,30,6,2_4_12_17_26_30,010100000001000010000000010001,_o_k_ ___ _ __i____y ________ m___c
224,And in that moment I swear we were infinite,35,6,1_3_6_19_28_30,10100100000000000010000000010100000,A_d __ t___ ______ _ __e__ __ ____ i_f_____
225,Anyone who has never made a mistake has never tried anything new,53,6,19_23_29_33_37_46,00000000000000000010001000001000100010000000010000000,______ ___ ___ _____ _a__ _ m_____e ___ n___r _____ ___t____ ___
226,Its no use going back to yesterday because I was a different person then,59,5,42_44_48_50_53,00000000000000000000000000000000000000000101000101001000000,___ __ ___ _____ ____ __ _________ _______ _ ___ _ _i_f___n_ p__s__ ____
227,The truth is rarely pure and never simple,34,4,12_13_23_32,0000000000011000000000100000000100,___ _____ __ _ar___ ____ __d _____ ___p__
228,Im the one thats got to die when its time for me to die so let me live my life the way I want to,72,6,13_16_25_35_59_61,000000000000100100000000100000000010000000000000000000000010100000000000,__ ___ ___ ____s __t __ ___ ___n ___ ____ __r __ __ ___ __ ___ __ ____ __ ___e _h_ ___ _ ____ __
229,It takes courage to grow up and become who you really are,46,4,3_9_11_25,0010000010100000000000001000000000000000000000,__ t____ _o_r___ __ ____ __ __d ______ ___ ___ ______ ___
230,But better to get hurt by the truth than comforted with a lie,49,5,31_36_39_42_47,0000000000000000000000000000001000010010010000100,___ ______ __ ___ ____ __ ___ _____ __a_ ___f__t__ w___ _ l__
231,You have to write the book that wants to be written And if the book will be too difficult for grownups then you write it for children,107,9,5_18_26_64_76_83_87_97_104,00001000000000000100000001000000000000000000000000000000000000010000000000010000001000100000000010000001000,___ _a__ __ _____ ___ b___ ____ w____ __ __ _______ ___ __ ___ ____ ____ __ ___ _i_______ ___ _r______ t___ y__ _____ __ f__ ____d___
232,Hardships often prepare ordinary people for an extraordinary destiny The task of the modern educator is not to cut down jungles but to irrigate deserts,127,5,26_46_67_75_84,0000000000000000000000000100000000000000000001000000000000000000001000000010000000010000000000000000000000000000000000000000000,_________ _____ _______ ____n___ ______ ___ __ _____o_______ _______ ___ ___k __ ___ __d___ _____t__ __ ___ __ ___ ____ _______ ___ __ ________ _______
233,The fear of death follows from the fear of life A man who lives fully is prepared to die at any time,79,4,20_28_69_73,0000000000000000000100000001000000000000000000000000000000000000000010001000000,___ ____ __ _____ _____w_ ____ __e ____ __ ____ _ ___ ___ _____ _____ __ ________ __ _i_ __ a__ ____
234,We believe in ordinary acts of bravery in the courage that drives one person to stand up for another,82,9,8_26_32_38_43_58_69_79_81,0000000100000000000000000100000100000100001000000000000001000000000010000000001010,__ _____v_ __ ________ ____ __ b_____y __ ___ c____g_ ____ ______ ___ p_____ __ ___n_ __ ___ ___t_e_
235,Books are the ultimate Dumpees put them down and theyll wait for you forever pay attention to them and they always love you back,105,6,45_47_67_77_88_104,000000000000000000000000000000000000000000001010000000000000000000100000000010000000000100000000000000010,_____ ___ ___ ________ _______ ___ ____ ____ ___ ____l_ w___ ___ ___ _______ ___ a________ _o ____ ___ ___y ______ ____ ___ __c_
236,There is nothing better than a friend unless it is a friend with chocolate,61,6,3_9_15_23_47_49,0010000010000010000000100000000000000000000000101000000000000,__e__ __ _o_____ b_____ __a_ _ ______ ______ __ __ _ ____n_ w___ _________
237,Memories warm you up from the inside But they also tear you apart,53,5,18_28_30_48_53,00000000000000000100000000010100000000000000000100001,________ ____ ___ __ f___ ___ ___i_e ___ ____ ____ ____ __u ____t
238,The truth is a beautiful and terrible thing and should therefore be treated with great caution,79,4,66_68_70_78,0000000000000000000000000000000000000000000000000000000000000000010101000000010,___ _____ __ _ _________ ___ ________ _____ ___ ______ _________ __ _______ __t_ g_e__ _____o_
239,Never tell the truth to people who are not worthy of it,44,3,17_43_44,00000000000000001000000000000000000000000011,_____ ____ ___ ____h __ ______ ___ ___ ___ ______ __ it
240,I love you as certain dark things are to be loved in secret between the shadow and the soul,73,7,2_7_16_22_49_51_68,0100001000000001000001000000000000000000000000001010000000000000000100000,_ l___ _o_ __ _____i_ ____ t_____ ___ __ __ _____ __ ______ _e_w___ ___ ______ ___ _h_ ____
241,Knowing yourself is the beginning of all wisdom,40,7,5_6_8_14_19_32_37,0000110100000100001000000000000100001000,____in_ y_____l_ __ _h_ _________ __ a__ __s___
242,Remember if the time should come when you have to make a choice between what is right and what is easy remember what happened to a boy who was good and kind and brave because he strayed across the path of Lord Voldemort Remember Cedric Diggory,198,6,2_40_58_147_164_194,010000000000000000000000000000000000000100000000000000000100000000000000000000000000000000000000000000000000000000000000000000000000000000000000001000000000000000010000000000000000000000000000010000,_e______ __ ___ ____ ______ ____ ____ ___ ____ _o ____ _ ______ ______n ____ __ _____ ___ ____ __ ____ ________ ____ ________ __ _ ___ ___ ___ ____ ___ ____ ___ _____ _______ __ ____y__ ______ ___ ____ _f ____ _________ ________ ______ __g____
243,Its the possibility of having a dream come true that makes life interesting,63,5,9_11_47_59_63,000000001010000000000000000000000000000000000010000000000010001,___ ___ __s_i______ __ ______ _ _____ ____ ____ ____ ___e_ ____ ______s___g
244,Only the very weakminded refuse to be influenced by literature and poetry,62,10,6_10_14_15_23_26_39_44_51_57,00000100010001100000001001000000000000100001000000100000100000,____ _h_ __r_ __ak______ _e__s_ __ __ _______c__ __ l______u__ ___ p_____
245,Just when you think it cant get any worse it can And just when you think it cant get any better it can,80,9,3_11_14_16_24_31_37_51_77,00100000001001010000000100000010000010000000000000100000000000000000000000001000,__s_ ____ __u __i_k __ ____ _e_ ___ __r__ __ _a_ ___ ____ ____ _o_ _____ __ ____ ___ ___ ______ _t ___
246,Its so hard to forget pain but its even harder to remember sweetness We have no scar to show for happiness We learn so little from peace,110,4,1_46_56_97,10000000000000000000000000000000000000000000010000000001000000000000000000000000000000000000000010000000000000,I__ __ ____ __ ______ ____ ___ ___ ____ ______ __ ______e_ ________s __ ____ __ ____ __ ____ ___ _________ __ _____ __ _i____ ____ _____
247,Perhaps one did not want to be loved so much as to be understood,51,6,10_12_17_29_33_34,000000000101000010000000000010001100000000000000000,_______ __e _i_ ___ w___ __ __ ____d __ _uc_ __ __ __ __________
248,Be nice to nerds You may end up working for them We all could,48,9,1_7_19_21_22_23_31_34_47,100000100000000000101110000000100100000000000010,B_ ____ t_ _____ ___ __y _nd u_ ______g __r ____ __ ___ ___l_
249,Be not afraid of greatness Some are born great some achieve greatness and others have greatness thrust upon them,94,9,11_30_40_52_57_83_84_88_94,0000000000100000000000000000010000000001000000000001000010000000000000000000000000110001000001,__ ___ _____d __ _________ ____ ___ b___ _____ _o__ _______ __e____s_ ___ ______ ____ _________ __ru__ _p__ ___m
250,The only true wisdom is in knowing you know nothing,42,7,8_14_15_17_22_31_41,000000010000011010000100000000100000000010,___ ____ t___ __sd_m __ __ k______ __u ____ _____n_
251,What youre supposed to do when you dont like a thing is change it If you cant change it change the way you think about it Dont complain,108,10,9_16_29_39_41_52_64_91_94_105,000000001000000100000000000010000000001010000000000100000000000100000000000000000000000000100100000000001000,____ ____e ______e_ __ __ ____ ___ d___ ____ _ _h_n_ __ ______ _t __ ___ ____ __a___ __ ______ ___ ___ ___ _____ _b__t __ ____ ____l___
252,Happiness in intelligent people is the rarest thing I know,49,7,4_9_25_35_37_40_46,0001000010000000000000001000000000101001000001000,___p____s __ ___________ __o___ __ ___ _a_e__ t____ _ k___
253,A day without laughter is a day wasted,31,7,4_5_7_12_15_16_30,0001101000010011000000000000010,_ __y w_t____ l__gh___ __ _ ___ ____e_
254,Yes I am a dreamer For a dreamer is one who can only find his way by moonlight and his punishment is that he sees the dawn before the rest of the world,119,10,14_21_22_23_52_54_57_97_99_108,00000000000001000000111000000000000000000000000000010100100000000000000000000000000000000000000010100000000100000000000,___ _ __ _ ______r ___ _ __eam__ __ ___ ___ ___ ____ ____ ___ ___ _y _o__l____ ___ ___ __________ __ ____ __ ____ ___ ____ b_f___ ___ __s_ __ ___ _____
255,A persons a person no matter how small,31,5,16_19_21_27_31,0000000000000001001010000010001,_ _______ _ ______ n_ _a_t__ ___ s___l
256,You can never be overdressed or overeducated,38,4,22_34_36_37,00000000000000000000010000000000010110,___ ___ _____ __ ________s__ __ _______c_te_
257,Thomas Edisons last words were Its very beautiful over there I dont know where there is but I believe its somewhere and I hope its beautiful,115,8,2_4_26_60_80_91_101_106,0101000000000000000000000100000000000000000000000000000000010000000000000000000100000000001000000000100001000000000,_h_m__ _______ ____ _____ ___e ___ ____ _________ ____ _____ _ ____ ___w _____ _____ __ ___ _ ___i___ ___ ____w____ ___ _ _o__ __s _________
258,I became insane with long intervals of horrible sanity,46,8,6_8_11_19_30_33_45_46,0000010100100000001000000000010010000000000011,_ ____m_ i__a__ ____ _o__ ________s __ h_______ ____ty
259,Oh I wouldnt mind Hazel Grace It would be a privilege to have my heart broken by you,67,10,8_36_38_43_48_51_53_58_60_66,0000000100000000000000000000000000010100001000010010100001010000010,__ _ ____d__ ____ _____ _____ __ _____ __ _ _r_v____e __ __v_ _y _e___ _r_k__ __ _o_
260,It is one of the blessings of old friends that you can afford to be stupid with them,67,10,10_13_17_35_38_45_48_51_56_67,0000000001001000100000000000000000100100000010010010000100000000001,__ __ ___ __ t__ b___s____ __ ___ _______ _h__ y__ ___ _f__r_ _o __ __u___ ____ ___m
261,Numbing the pain for a while will make it worse when you finally feel it,58,8,17_30_34_35_40_46_55_56,0000000000000000100000000000010001100001000001000000001100,_______ ___ ____ __r _ _____ ____ __k_ __ wo___ _h__ ___ f______ __el __
262,The one you love and the one who loves you are never ever the same person,58,7,9_16_23_26_27_28_53,0000000010000001000000100111000000000000000000000000100000,___ ___ __u ____ __d ___ ___ w__ lov__ ___ ___ _____ ____ ___ ____ p_____
263,I finally understood what true love meant love meant that you care for another persons happiness more than your own no matter how painful the choices you face might be,138,6,6_11_90_104_111_138,000001000010000000000000000000000000000000000000000000000000000000000000000000000000000001000000000000010000001000000000000000000000000001,_ ____l__ __d_______ ____ ____ ____ _____ ____ _____ ____ ___ ____ ___ _______ _______ _________ ____ ____ y___ ___ __ _____r ___ ___n___ ___ _______ ___ ____ _____ _e
264,Books are the quietest and most constant of friends they are the most accessible and wisest of counselors and the most patient of teachers,115,10,4_7_8_20_42_59_65_80_95_102,0001001100000000000100000000000000000000010000000000000000100000100000000000000100000000000000100000010000000000000,___k_ _re ___ ________ a__ ____ ________ __ _____d_ ____ ___ ___ ____ _c_____b__ ___ ______ __ _o________ ___ ___ m___ ___i___ __ ________
265,Opportunities dont happen You create them,36,3,8_10_12,000000010101000000000000000000000000,_______n_t_e_ ____ ______ ___ ______ ____
266,The saddest aspect of life right now is that science gathers knowledge faster than society gathers wisdom,89,9,13_54_55_61_69_71_76_82_89,00000000000010000000000000000000000000000000000000000110000010000000101000010000010000001,___ _______ __p___ __ ____ _____ ___ __ ____ _______ _______ ___wl____ _a____ ___n _o____y _____r_ _____m
267,Those who dont believe in magic will never find it,41,5,2_6_20_24_25,01000100000000000001000110000000000000000,_h___ w__ ____ _______ i_ __gi_ ____ _____ ____ __
268,Be careful about reading health books Some fine day youll die of a misprint,62,9,3_4_6_13_28_39_44_49_57,00110100000010000000000000010000000000100001000010000000100000,__ ca_e___ ___u_ _______ ______ b____ ____ __n_ ___ y____ d__ __ _ __s_____
269,Music expresses that which cannot be put into words and that which cannot remain silent,73,7,1_3_7_30_42_53_60,1010001000000000000000000000010000000000010000000000100000010000000000000,M_s__ _x_______ ____ _____ ______ b_ ___ ____ ___d_ ___ ____ __i__ ____o_ ______ ______
270,Just because you have the emotional range of a teaspoon doesnt mean we all have,65,4,5_22_25_32,00001000000000000000010010000001000000000000000000000000000000000,____ b______ ___ ____ ___ e__t_____ _a___ __ _ ________ ______ ____ __ ___ ____
271,You will never be happy if you continue to search for what happiness consists of You will never live if you are looking for the meaning of life,116,9,11_13_25_49_56_63_73_97_108,00000000001010000000000010000000000000000000000010000001000000100000000010000000000000000000000010000000000100000000,___ ____ ___e_ b_ _____ __ ___ c_______ __ ______ ___ ____ _a______s ______t_ __ ___ ___l _____ ____ __ ___ ___ ______g ___ ___ ____i__ __ ____
272,An eye for an eye will only make the whole world blind,43,4,6_17_21_31,0000010000000000100010000000001000000000000,__ ___ f__ __ ___ ___l ___y ____ ___ __o__ _____ _____
273,I am no bird and no net ensnares me I am a free human being with an independent will,66,6,5_20_32_45_57_62,000010000000000000010000000000010000000000001000000000001000010000,_ __ _o ____ ___ __ ___ __s_____ __ _ __ _ f___ _____ ____g ____ __ _____e____t ____
274,You cant live your life for other people Youve got to do whats right for you even if it hurts some people you love,91,10,17_19_37_39_49_51_62_77_80_87,0000000000000000101000000000000000001010000000001010000000000100000000000000100100000010000,___ ____ ____ ____ _i_e ___ _____ ______ ___v_ g__ __ __ ___t_ r____ ___ ___ e___ __ __ _____ __m_ _e____ __u ____
275,Until I feared I would lose it I never loved to read One does not love breathing,64,5,10_16_29_48_62,0000000001000001000000000000100000000000000000010000000000000100,_____ _ ___r__ _ __u__ ____ __ _ ___e_ _____ __ ____ ___ ___s ___ ____ ______i__
276,When we love we always strive to become better than we are When we strive to become better than we are everything around us becomes better too,116,7,2_14_33_63_66_94_98,01000000000001000000000000000000100000000000000000000000000000100100000000000000000000000000010001000000000000000000,_h__ __ ____ __ _l____ ______ __ ______ b_____ ____ __ ___ ____ __ ______ __ _e__m_ ______ ____ __ ___ __________ _r___d __ _______ ______ ___
277,I speak to everyone in the same way whether he is the garbage man or the president of the university,81,10,10_23_24_35_46_58_63_72_78_79,000000000100000000000011000000000010000000000100000000000100001000000001000001100,_ _____ __ _v______ __ ___ _am_ ___ ______r __ __ ___ ___b___ ___ __ ___ p____d___ __ ___ u_____si__
278,If youre gonna be twofaced at least make one of them pretty,48,8,9_12_14_16_26_41_44_45,000000001001010100000000010000000000000010011000,__ _____ _o__a _e _w______ __ _e___ ____ ___ __ __e_ _re___
279,I dont hate people I just feel better when theyre not around,49,5,4_26_32_42_46,0001000000000000000000000100000100000000010001000,_ __n_ ____ ______ _ ____ ____ _e____ _h__ ______ _o_ __o___
280,I would rather walk with a friend in the dark than alone in the light,55,3,11_24_29,0000000000100000000000010000100000000000000000000000000,_ _____ ____e_ ____ ____ _ __i___ _n ___ ____ ____ _____ __ ___ _____
281,How wonderful it is that nobody need wait a single moment before starting to improve the world,78,6,4_11_17_25_45_54,000100000010000010000000100000000000000000001000000001000000000000000000000000,___ w______u_ __ __ t___ ____d_ ____ ____ _ ______ ___e__ ______ s_______ __ _______ ___ _____
282,A childrens story that can only be enjoyed by children is not a good childrens story in the slightest,83,7,5_21_28_54_61_62_66,00001000000000000000100000010000000000000000000000000100000011000100000000000000000,_ ___l_____ _____ ____ _a_ ____ _e _______ __ ________ __ ___ _ __o_ _____re__ _t___ __ ___ _________
283,A great book should leave you with many experiences and slightly exhausted at the end You live several lives while reading,102,7,29_33_52_54_56_91_101,000000000000000000000000000010001000000000000000000101010000000000000000000000000000000000100000000010,_ _____ ____ ______ _____ ___ ____ m___ e__________ ___ _____t_y _x_______ __ ___ ___ ___ ____ _______ _____ w____ _____n_
284,The truth will set you free but first it will piss you off,46,4,19_27_29_33,0000000000000000001000000010100010000000000000,___ _____ ____ ___ ___ f___ ___ _i_s_ __ w___ ____ ___ ___
285,So I walked back to my room and collapsed on the bottom bunk thinking that if people were rain I was drizzle and she was a hurricane,106,11,15_21_37_39_41_47_54_62_63_78_91,0000000000000010000010000000000000001010100000100000010000000110000000000000010000000000001000000000000000,__ _ ______ ____ _o __ ___m ___ _________ __ _h_ b_t___ __n_ _____i__ ____ _f p_____ ____ ____ _ w__ _______ ___ s__ ___ _ _________
286,Fate is like a strange unpopular restaurant filled with odd little waiters who bring you things you never asked for and dont always like,113,5,1_8_32_36_68,10000001000000000000000000000001000100000000000000000000000000000001000000000000000000000000000000000000000000000,F___ __ _i__ _ _______ _________ ____a___n_ ______ ____ ___ ______ _______ ___ _r___ ___ ______ ___ _____ _____ ___ ___ ____ ______ ____
287,Creativity is knowing how to hide your sources,39,5,2_10_15_18_27,010000000100001001000000001000000000000,_r_______y __ __o__n_ ___ __ __d_ ____ _______
288,Give a man a fire and hes warm for a day but set fire to him and hes warm for the rest of his life,74,6,11_25_48_49_54_57,00000000001000000000000010000000000000000000000110000100100000000000000000,____ _ ___ _ _i__ ___ ___ ____ _o_ _ ___ ___ ___ ____ __ ___ __d h__ __r_ _o_ ___ ____ __ ___ ____
289,Never forget what you are for surely the world will not Make it your strength Then it can never be your weakness Armour yourself in it and it will never be used to hurt you,138,7,50_71_85_88_102_104_130,000000000000000000000000000000000000000000000000010000000000000000000010000000000000100100000000000001010000000000000000000000000100000000,_____ ______ ____ ___ ___ ___ ______ ___ _____ ____ ___ ____ i_ ____ ________ ____ __ _a_ _____ __ ____ _e__n___ ______ ____s_l_ __ __ ___ __ ____ _____ __ ____ t_ ____ ___
290,I wish I could freeze this moment right here right now and live in it forever,62,9,2_7_9_26_29_48_57_60_62,01000010100000000000000001001000000000000000000100000000100101,_ w___ _ c_u__ ______ ____ ____n_ _i___ ____ _____ ___ ___ l___ __ __ _o__v_r
291,Happiness is when what you think what you say and what you do are in harmony,61,8,2_4_14_15_23_25_28_46,0101000000000110000000101001000000000000000001000000000000000,_a_p_____ __ __en ____ ___ t_i__ w___ ___ ___ ___ ____ _o_ __ ___ __ _______
292,I never dreamed about success I worked for it,37,5,12_20_21_26_27,0000000000010000000110000110000000000,_ _____ _____e_ _____ _uc____ I w_____ ___ __
293,Life is an awful ugly place to not have a best friend,42,5,17_20_24_41_42,000000000000000010010001000000000000000011,____ __ __ _____ ___y __a__ _o ___ ____ _ ____ ____nd
294,If we find ourselves with a desire that nothing in this world can satisfy the most probable explanation is that we were made for another world,117,10,30_59_60_70_77_78_79_81_82_99,000000000000000000000000000001000000000000000000000000000011000000000100000011101100000000000000001000000000000000000,__ __ ____ _________ ____ _ ______ _h__ _______ __ ____ _____ ___ _____fy ___ ____ __o_____ _xpl_na____ __ ____ __ ____ m___ ___ _______ _____
295,Lock up your libraries if you like but there is no gate no lock no bolt that you can set upon the freedom of my mind,91,8,3_15_19_41_48_58_70_90,0010000000000010001000000000000000000000100000010000000001000000000001000000000000000000010,__c_ __ ____ ____a___s __ ___ ____ ___ _____ __ __ g___ __ _o__ __ ____ _h__ ___ ___ ___ u___ ___ _______ __ __ __n_
296,So we beat on boats against the current borne back ceaselessly into the past,63,6,19_27_31_37_41_58,000000000000000000100000001000100000100010000000000000000100000,__ __ ____ __ _____ ___i___ ___ _u___n_ ____e ___k ___________ ____ _h_ ____
297,One is loved because one is loved No reason is needed for loving,52,6,2_7_11_30_33_49,0100001000100000000000000000010010000000000000001000,_n_ __ _o___ b______ ___ __ _____ __ r__s__ __ ______ ___ __v___
298,Everyone thinks of changing the world but no one thinks of changing himself,63,7,2_5_7_24_30_49_62,010010100000000000000001000001000000000000000000100000000000010,_v__y_n_ ______ __ _______g ___ __r__ ___ __ ___ ______ __ c_______ _____l_
299,Dont be pushed around by the fears in your mind Be led by the dreams in your heart,65,4,18_50_51_53,00000000000000000100000000000000000000000000000001101000000000000,____ __ ______ _____d __ ___ _____ __ ____ ____ __ ___ __ ___ _re_m_ __ ____ _____
300,Tell your heart that the fear of suffering is worse than the suffering itself And that no heart has ever suffered when it goes in search of its dreams because every second of the search is a seconds encounter with God and with eternity,192,5,58_86_148_158_180,000000000000000000000000000000000000000000000000000000000100000000000000000000000000010000000000000000000000000000000000000000000000000000000000000100000000010000000000000000000001000000000000,____ ____ _____ ____ ___ ____ __ _________ __ _____ ____ ___ ________g ______ ___ ____ __ _____ ___ ____ s_______ ____ __ ____ __ ______ __ ___ ______ _______ _____ ______ __ ___ __a___ __ _ ___o___ _________ ____ ___ __d ____ ________
301,I dont know half of you half as well as I should like and I like less than half of you half as well as you deserve,88,8,3_12_13_26_33_49_87_88,0010000000011000000000000100000010000000000000001000000000000000000000000000000000000011,_ _o__ ____ __lf __ ___ ____ __ _e__ __ _ _h____ ____ ___ _ ___e ____ ____ ____ __ ___ ____ __ ____ __ ___ _____ve
302,Hes more myself than I am Whatever our souls are made of his and mine are the same,65,6,9_24_31_36_43_48,00000000100000000000000100000010000100000010000100000000000000000,___ ____ _y____ ____ _ __ ___t____ __r ____s ___ ___e __ __s ___ ____ ___ ___ ____
303,In vain have I struggled It will not do My feelings will not be repressed You must allow me to tell you how ardently I admire and love you,110,9,16_44_49_57_70_72_85_86_90,00000000000000010000000000000000000000000001000010000000100000000000010100000000000011000100000000000000000000,__ ____ ____ _ ____g____ __ ____ ___ __ __ ________ __l_ ___ b_ ______s__ ___ ____ ___o_ m_ __ ____ ___ __w a___n___ _ ______ ___ ____ ___
304,Every man has his secret sorrows which the world knows not and often times we call a man cold when he is only sad,90,5,15_26_39_64_71,000000000000001000000000010000000000001000000000000000000000000100000010000000000000000000,_____ ___ ___ ___ s_____ _____w_ _____ ___ ___l_ _____ ___ ___ _____ _____ __ c___ _ __n ____ ____ __ __ ____ ___
305,The world is not a wishgranting factory,33,8,7_8_18_20_21_27_29_30,000000110000000001011000001011000,___ ___ld __ ___ _ ___h_ra_____ f_ct___
306,When I despair I remember that all through history the way of truth and love have always won There have been tyrants and murderers and for a time they can seem invincible but in the end they always fall Think of it Always,179,11,6_9_55_64_66_94_99_106_132_140_169,00000100100000000000000000000000000000000000000000000010000000010100000000000000000000000000010000100000010000000000000000000000000100000001000000000000000000000000000010000000000,____ _ d__p___ _ ________ ____ ___ _______ _______ ___ ___ __ ____h ___ ____ _a_e ______ ___ _____ ____ ____ _____t_ ___ m______r_ ___ ___ _ ____ ____ ___ ____ __v_______ b__ __ ___ ___ ____ ______ ____ ____k __ __ ______
307,Theres nothing like deep breaths after laughing that hard Nothing in the world like a sore stomach for the right reasons,100,6,13_26_42_44_80_85,0000000000001000000000000100000000000000010100000000000000000000000000000000000100001000000000000000,______ ______g ____ ____ ____t__ _____ ________ t_a_ ____ _______ __ ___ _____ ____ _ ____ ____a__ __r ___ _____ _______
308,Becoming fearless isnt the point Thats impossible Its learning how to control your fear and how to be free from it,94,8,3_21_25_31_35_43_68_80,0010000000000000000010001000001000100000001000000000000000000000000100000000000100000000000000,__c_____ ________ ____ t__ _o___ __a__ _m_______e ___ ________ ___ __ _______ _o__ ____ ___ __w __ __ ____ ____ __
309,I am not pretty I am not beautiful I am as radiant as the sun,47,5,4_22_29_43_45,00010000000000000000010000001000000000000010100,_ __ n__ ______ _ __ ___ ___u_____ _ a_ __ _______ __ _h_ s__
310,Let me tell you this if you meet a loner no matter what they tell you its not because they enjoy solitude Its because they have tried to blend into the world before and people continue to disappoint them,165,9,18_34_46_75_84_94_103_112_125,000000000000000001000000000000000100000000000100000000000000000000000000001000000001000000000100000000100000000100000000000010000000000000000000000000000000000000000,___ __ ____ ___ ____ _f ___ ____ _ _____ __ m_____ ____ __e_ ____ ___ ___ ___ _______ ____ ___o_ _______e ___ ______e ____ ____ t____ __ __e__ ____ ___ ___l_ ______ ___ ______ ________ __ __________ ____
311,Never love anyone who treats you like youre ordinary,44,4,10_21_39_42,00000000010000000000100000000000000000100100,_____ ____ a_____ ___ __e___ ___ ____ _____ __d__a__
312,Its far better to be unhappy alone than unhappy with someone so far,55,8,7_12_25_26_36_39_49_54,0000001000010000000000001100000000010010000000001000010,___ ___ b____r __ __ _______ _lo__ ____ ___a__y ____ _____n_ __ _a_
313,Perhaps all the dragons in our lives are princesses who are only waiting to see us act just once with beauty and courage Perhaps everything that frightens us is in its deepest essence something helpless that wants our love,184,11,71_74_83_91_94_113_115_150_151_153_157,0000000000000000000000000000000000000000000000000000000000000000000000100100000000100000001001000000000000000000101000000000000000000000000000000000011010001000000000000000000000000000,_______ ___ ___ _______ __ ___ _____ ___ __________ ___ ___ ____ _______ __ ___ __ ___ j__t ____ ____ b_____ __d __u____ _______ _______i_g ____ _________ __ __ __ ___ _______ _____ce _o___h___ ________ ____ _____ ___ ____
314,Sometimes you have to be apart from people you love but that doesnt make you love them any less Sometimes you love them more,101,8,19_26_34_46_47_50_61_99,00000000000000000010000001000000010000000000011001000000000010000000000000000000000000000000000000100,_________ ___ ____ __ b_ _____ f___ ____l_ ___ ____ ___ th__ d_____ ____ _o_ ____ ____ ___ ____ _________ ___ ____ ____ _o__
315,I would die for you But I wont live for you,33,3,18_27_33,000000000000000001000000001000001,_ _____ ___ ___ ___ __t _ ____ ___e ___ __u
316,We love the things we love for what they are,35,5,5_12_18_19_24,00001000000100000110000100000000000,__ __v_ ___ __i___ __ lo__ __r ____ ____ ___
317,Most people are other people Their thoughts are someone elses opinions their lives a mimicry their passions a quotation,101,9,7_17_34_75_77_79_89_92_94,00000010000000001000000000000000010000000000000000000000000000000000000000101010000000001001010000000,____ __o___ ___ ___e_ ______ _____ ____g___ ___ _______ _____ ________ _____ _____ _ ___i_r_ t____ _____o__ a _u_______
318,If you dont know where youre going any road will take you there,51,7,1_8_14_24_30_46_49,100000010000010000000001000001000000000000000100100,I_ ___ __n_ ____ w____ _____ g____ _n_ ____ ____ ____ __u __e__
319,It takes ten times as long to put yourself back together as it does to fall apart,65,7,13_35_38_45_48_51_65,00000000000010000000000000000000001001000000100100100000000000001,__ _____ ___ __m__ __ ____ __ ___ ________ b__k ______e_ _s __ d___ __ ____ ____t
320,Dumbledore watched her fly away and as her silvery glow faded he turned back to Snape and his eyes were full of tears After all this time Always said Snape,126,11,2_8_14_21_37_51_57_74_84_108_125,010000010000010000001000000000000000100000000000001000001000000000000000010000000001000000000000000000000001000000000000000010,_u_____o__ ___c___ ___ f__ ____ ___ __ ___ _i_____ ____ ____d __ ___n__ ____ __ _____ ___ h__ ____ ___e ____ __ _____ _____ ___ ____ t___ ______ ____ ___p_
321,Dreams dont work unless you do,25,4,1_2_8_17,1100000100000000100000000,Dr____ _o__ ____ __l___ ___ __
322,Nothing is impossible the word itself says Im possible,46,9,2_4_7_9_25_26_34_35_46,0101001010000000000000001100000001100000000001,_o_h__g _s __________ ___ __rd ______ _ay_ __ _______e
323,You can love someone so much But you can never love people as much as you can miss them,69,7,3_11_31_38_41_44_63,001000000010000000000000000000100000010010010000000000000000001000000,__u ___ ____ s______ __ ____ ___ ___ _a_ _____ l__e __o___ __ ____ __ ___ ___ _i__ ____
324,Who are you to judge the life I live I know Im not perfect and I dont live to be But before you start pointing fingers make sure you hands are clean,117,7,13_23_45_58_66_102_112,000000000000100000000010000000000000000000001000000000000100000001000000000000000000000000000000000001000000000100000,___ ___ ___ __ _u___ ___ ___e _ ____ _ ____ __ ___ ______t ___ _ ____ ____ t_ __ ___ _e____ ___ _____ ________ _______ ____ ____ y__ _____ __e _____
325,Do what you feel in your heart to be right for youll be criticized anyway,59,6,22_30_31_45_55_56,00000000000000000000010000000110000000000000100000000011000,__ ____ ___ ____ __ ____ __a__ __ __ _ig__ ___ _____ __ _r________ _ny___
326,Sometimes I can hear my bones straining under the weight of all the lives Im not living,71,5,4_16_26_34_36,00010000000000010000000001000000010100000000000000000000000000000000000,___e_____ _ ___ __a_ __ _____ _t_______ u_d__ ___ ______ __ ___ ___ _____ __ ___ ______
327,I cant give you a surefire formula for success but I can give you a formula for failure try to please everybody all the time,100,7,24_46_58_69_83_88_91,0000000000000000000000010000000000000000000001000000000001000000000010000000000000100001001000000000,_ ____ ____ ___ _ ________ __r____ ___ _______ ___ _ ___ g___ ___ _ ____u__ ___ _____r_ ___ __ ______ _v____o__ a__ ___ ____
328,This lifes hard but its harder if youre stupid,38,7,2_6_14_15_23_24_33,01000100000001100000001100000000100000,_h__ _i___ ____ bu_ ___ ___de_ __ _____ s_____
329,I refuse to answer that question on the grounds that I dont know the answer,61,8,4_7_18_19_26_33_34_55,0001001000000000011000000100000011000000000000000000001000000,_ __f__e __ ______ __at ______o_ __ ___ gr_____ ____ _ ____ ____ __e ______
330,Never doubt that a small group of thoughtful committed citizens can change the world Indeed it is the only thing that ever has,104,7,9_25_30_63_67_88_89,00000000100000000000000010000100000000000000000000000000000000100010000000000000000000011000000000000000,_____ ___b_ ____ _ _____ ____p __ __o_______ _________ ________ ___ _____e ___ w____ ______ __ __ ___ ___y t____ ____ ____ ___
331,Love is needing someone Love is putting up with someones bad qualities because they somehow complete you,88,8,10_12_28_35_39_42_46_60,0000000001010000000000000001000000100010010001000000000000010000000000000000000000000000,____ __ ___d_n_ _______ ____ __ _u_____ _p ___h __m___e_ ___ _________ b______ ____ _______ ________ ___
332,Never memorize something that you can look up,38,6,3_6_10_12_15_18,00100100010100100100000000000000000000,__v__ m___r_z_ _o__t____ ____ ___ ___ ____ __
333,Death ends a life not a relationship,30,5,1_14_15_27_30,100000000000011000000000001001,D____ ____ _ ___e n__ _ ________s__p
334,You talk when you cease to be at peace with your thoughts,46,7,5_6_12_30_38_42_43,0000110000010000000000000000010000000100011000,___ _al_ ____ y__ _____ __ __ __ ____e ____ ___r ___ug___
335,What is the point of being alive if you dont at least try to do something remarkable,68,9,10_11_23_25_29_44_49_51_53,00000000011000000000001010001000000000000001000010101000000000000000,____ __ ___ po___ __ _____ _l_v_ __ y__ ____ __ _____ _r_ __ _o _o_e_____ __________
336,Hold fast to dreams For if dreams die Life is a brokenwinged bird That cannot fly,66,6,7_15_29_40_46_49,000000100000001000000000000010000000000100000100100000000000000000,____ __s_ __ ____m_ ___ __ ______ _i_ ____ __ _ __o_____n__d ____ ____ ______ ___
337,There is never a time or place for true love It happens accidentally in a heartbeat in a single flashing throbbing moment,100,8,38_50_51_63_64_81_83_95,0000000000000000000000000000000000000100000000000110000000000011000000000000000010100000000000100000,_____ __ _____ _ ____ __ _____ ___ ____ ____ __ h______ _____en_____ __ _ ___rt____ __ _ ______ ___s_i__ _________ m_____
338,All that we see or seem is but a dream within a dream,41,5,12_13_15_35_41,00000000000110100000000000000000001000001,___ ____ __ __e o_ s___ __ ___ _ _____ _____n _ ____m
339,Sometimes you wake up Sometimes the fall kills you And sometimes when you fall you fly,71,8,18_21_27_35_43_44_67_71,00000000000000000100100000100000001000000011000000000000000000000010001,_________ ___ ____ _p __m_____s ___ ____ k____ ___ An_ _________ ____ ___ ____ _o_ __y
340,Happiness is not something ready made It comes from your own actions,57,9,1_2_4_21_23_35_38_49_55,110100000000000000001010000000000010010000000000100000100,Ha_p_____ __ ___ ______i_g _____ ____ __ c__e_ ____ ____ _w_ ____o__
341,Maybe our favorite quotations say more about us than about the stories and people were quoting,79,5,13_20_37_69_73,0000000000001000000100000000000000001000000000000000000000000000000010001000000,_____ ___ ____r___ ___t______ ___ ____ ___u_ __ ____ _____ ___ _______ ___ ______ w___ q______
342,What a treacherous thing to believe that a person is more than a person,58,9,1_11_13_21_24_33_40_44_58,1000000000101000000010010000000010000001000100000000000001,W___ _ _____h_r___ ____g __ b______ __a_ _ ____o_ __ m___ ____ _ _____n
343,The only limit to our realization of tomorrow is our doubts of today,56,5,2_10_18_41_47,01000000010000000100000000000000000000001000001000000000,_h_ ____ __m__ __ ___ r__________ __ ________ __ o__ ___b__ __ _____
344,I like the night Without the dark wed never see the stars,46,8,2_11_14_15_25_27_34_37,0100000000100110000000001010000001001000000000,_ l___ ___ __g__ Wi_____ ___ _a_k ___ ___e_ _e_ ___ _____
345,In the depth of winter I finally learned that within me there lay an invincible summer,71,10,8_15_34_36_42_44_47_53_66_67,00000001000000100000000000000000010100000101001000001000000000000110000,__ ___ __p__ __ __n___ _ _______ _______ t_a_ ____i_ m_ _h___ __y __ __________ su____
346,The only thing worse than a boy who hates you a boy that loves you,52,6,2_4_11_12_38_44,0101000000110000000000000000000000000100000100000000,_h_ o___ ___ng _____ ____ _ ___ ___ _____ ___ _ b__ ___t _____ ___
347,Wit beyond measure is mans greatest treasure,38,6,8_9_17_22_26_30,00000001100000001000010001000100000000,___ ____nd _______ i_ ___s ___a___t ________
348,Do not read as children do to amuse yourself or like the ambitious for the purpose of instruction No read in order to live,99,6,31_55_60_61_74_85,000000000000000000000000000000100000000000000000000000100001100000000000010000000000100000000000000,__ ___ ____ __ ________ __ __ _____ __u_____ __ ____ ___ _________ f__ __e p______ __ ____r______ __ __a_ __ _____ __ ____
349,The weak can never forgive Forgiveness is the attribute of the strong,58,5,18_23_24_27_45,0000000000000000010000110010000000000000000010000000000000,___ ____ ___ _____ __r____ Fo__i______ __ ___ ______u__ __ ___ ______
350,We are only as strong as we are united as weak as we are divided,50,6,9_12_25_28_42_47,00000000100100000000000010010000000000000100001000,__ ___ ___y __ s_____ __ __ ___ u__t__ __ ____ __ __ _r_ ___i___
351,If you were half as funny as you think you are youd be twice as funny as you really are,68,5,8_36_45_50_53,00000001000000000000000000000000000100000000100001001000000000000000,__ ___ __r_ ____ __ _____ __ ___ _____ ___ __e ____ __ __i__ __ f__n_ __ ___ ______ ___
352,You are my best friend as well as my lover and I do not know which side of you I enjoy the most I treasure each side just as I have treasured our life together,125,6,24_28_59_61_100_102,00000000000000000000000100010000000000000000000000000000001010000000000000000000000000000000000000010100000000000000000000000,___ ___ __ ____ ______ __ ___l __ _y _____ ___ _ __ ___ ____ _____ ____ __ _o_ I _____ ___ ____ _ ________ ____ ____ ____ __ _ __v_ t________ ___ ____ ________
353,You will always be fond of me I represent to you all the sins you never had the courage to commit,77,7,11_21_29_54_59_61_63,00000000001000000000100000001000000000000000000000000100001010100000000000000,___ ____ ___a__ __ ____ _f __ _ ____e____ __ ___ ___ ___ ____ ___ __v__ __d _h_ c______ __ ______
354,You are and always have been my dream,30,6,3_14_18_20_24_28,001000000000010001010001000100,__u ___ ___ ____y_ __v_ b___ m_ __e__
355,I would always rather be happy than dignified,38,5,2_18_29_37_38,01000000000000000100000000001000000011,_ w____ ______ _____r __ _____ ___n _______ed
356,Youre going to come across people in your life who will say all the right words at all the right times But in the end its always their actions you should judge them by Its actions not words that matter,162,9,17_23_27_34_74_84_106_126_136,000000000000000010000010001000000100000000000000000000000000000000000000010000000001000000000000000000000100000000000000000001000000000100000000000000000000000000,_____ _____ __ ____ a_____ p___l_ __ ___r ____ ___ ____ ___ ___ ___ _____ _____ __ ___ ___ _i___ _____ _u_ __ ___ ___ ___ ______ ___i_ _______ ___ ______ __d__ ____ __ _t_ _______ ___ _____ ____ ______
357,Friendship is unnecessary like philosophy like art It has no survival value rather it is one of those things which give value to survival,114,7,17_22_32_40_56_91_96,000000000000000010000100000000010000000100000000000000010000000000000000000000000000000000100001000000000000000000,__________ __ ____c____r_ ____ ____o_____ __k_ ___ __ ___ __ ____i___ _____ ______ __ __ ___ __ _____ ______ w____ g___ _____ __ ________
358,And those who were seen dancing were thought to be insane by those who could not hear the music,77,9,21_24_25_29_34_44_48_49_59,00000000000000000000100110001000010000000001000110000000001000000000000000000,___ _____ ___ ____ ____ _a__in_ __r_ ___u___ __ __ __s___ by _____ ___ _o___ ___ ____ ___ _____
359,What we fear doing most is usually what we most need to do,46,4,3_4_14_40,0011000000000100000000000000000000000001000000,__at __ ____ ___n_ ____ __ _______ ____ __ ____ _e__ __ __
360,Who controls the past controls the future Who controls the present controls the past,71,7,1_2_19_32_33_34_52,11000000000000000010000000000001110000000000000000010000000000000000000,Wh_ ________ ___ ____ c_______ ___ __tur_ ___ ________ ___ __e____ ________ ___ ____
361,Facts do not cease to exist because they are ignored,43,8,11_15_19_20_21_38_40_43,0000000000100010001110000000000000000101001,_____ __ ___ c___e __ _xis_ _______ ____ ___ _g_o__d
362,Why do people have to be this lonely Whats the point of it all Millions of people in this world all of them yearning looking to others to satisfy them yet isolating themselves Why Was the earth put here just to nourish human loneliness,192,8,4_30_63_118_130_142_166_189,000100000000000000000000000001000000000000000000000000000000001000000000000000000000000000000000000000000000000000000100000000000100000000000100000000000000000000000100000000000000000000001000,___ d_ ______ ____ __ __ ____ ______ W____ ___ _____ __ __ ___ ________ __ ___p__ __ ____ _____ ___ __ ____ ________ _______ __ ______ __ _______ t___ ___ _____t___ ________e_ ___ ___ ___ _____ ___ ____ _u__ __ _______ _____ ______n___
363,Man is the only creature who refuses to be what he is,42,7,1_9_10_12_18_37_41,100000001101000001000000000000000000100010,M__ __ ___ on_y _____u__ ___ _______ __ __ __a_ __ i_
364,In a good bookroom you feel in some mysterious way that you are absorbing the wisdom contained in all the books through your skin without even opening them,128,9,11_14_15_16_60_113_115_117_120,00000000001001110000000000000000000000000000000000000000000100000000000000000000000000000000000000000000000000001010100100000000,__ _ ____ ___k__om y__ ____ __ ____ __________ ___ ____ ___ ___ ________g ___ ______ _________ __ ___ ___ _____ _______ ____ ____ ______t _v_n __e____ ____
365,If more of us valued food and cheer and song above hoarded gold it would be a merrier world,73,7,11_24_30_41_48_53_70,0000000000100000000000010000010000000000100000010000100000000000000001000,__ ____ __ __ v_____ ____ ___ c____ _n_ ____ _____ h______ g___ _t _____ __ _ _______ _o___
366,Dont think or judge just listen,26,4,10_13_14_21,00000000010011000000100000,____ _____ o_ _ud__ ____ l_____
367,Grief does not change you Hazel It reveals you,38,6,1_6_16_35_37_38,10000100000000010000000000000000001011,G____ d___ ___ ___n__ ___ _____ __ ______s _ou
368,Happy Hunger Games And may the odds be ever in your favor,46,9,4_5_6_23_26_36_40_42_44,0001110000000000000000100100000000010001010100,___py H_____ _____ ___ ___ t__ o___ __ ____ i_ __u_ f_v__
369,You cannot find peace by avoiding life,32,7,3_12_14_21_24_29_31,00100000000101000000100100001010,__u ______ __n_ p____ __ a__i____ l_f_
370,He can run faster than Severus Snape confronted with shampoo,51,5,14_36_41_47_49,000000000000010000000000000000000001000010000010100,__ ___ ___ _____r ____ _______ _____ _____o____ w___ __a_p__
371,A good friend will always stab you in the front,38,5,10_11_28_36_38,00000000011000000000000000010000000101,_ ____ ____nd ____ ______ ____ __u __ ___ __o_t
372,May you live every day of your life,28,4,12_13_25_27,0000000000011000000000001010,___ ___ ____ _ve__ ___ __ ____ l_f_
373,When youre in jail a good friend will be trying to bail you out A best friend will be in the cell next to you saying Damn that was fun,105,9,26_31_53_72_87_90_92_95_104,000000000000000000000000010000100000000000000000000010000000000000000001000000000000001001010010000000010,____ _____ __ ____ _ ____ _____d ____ b_ ______ __ ____ ___ ___ _ _e__ ______ ____ __ __ __e ____ ____ __ ___ _a__n_ D__n ____ ___ _u_
374,Those who believe in telekinetics raise my hand,40,7,9_18_24_28_29_36_37,0000000010000000010000010001100000011000,_____ ___ b______ __ t_____n___cs _____ _y h___
375,Be kind for everyone you meet is fighting a harder battle,47,5,4_16_21_38_43,00010000000000010000100000000000000001000010000,__ _i__ ___ ______n_ ___ m___ __ ________ _ __r___ _a____
376,Start where you are Use what you have Do what you can,42,4,4_8_22_23,000100010000000000000110000000000000000000,___r_ __e__ ___ ___ ___ __at ___ ____ __ ____ ___ ___
377,Theres a fine line between genius and insanity I have erased this line,58,5,13_20_22_48_52,0000000000001000000101000000000000000000000000010001000000,______ _ ____ _i__ ____e_n ______ ___ ________ _ ____ ___s__ _h__ ____
378,Fall seven times and stand up eight,29,4,2_7_18_29,01000010000000000100000000001,_a__ __v__ _____ ___ s____ __ ____t
379,Sleep is good he said and books are better,34,5,6_9_19_21_24,0000010010000000001010010000000000,_____ i_ _o__ __ ____ _n_ b__k_ ___ ______
380,Every heart sings a song incomplete until another heart whispers back Those who wish to sing always find a song At the touch of a lover everyone becomes a poet,130,9,25_44_52_56_60_78_80_84_125,0000000000000000000000001000000000000000000100000001000100010000000000000000010100010000000000000000000000000000000000000000100000,_____ _____ _____ _ ____ ____m_____ _____ _______ _e___ ____p___ b___ T____ ___ ____ __ ____ a_w___ f___ _ ____ __ ___ _____ __ _ _____ ________ ______s _ ____
381,I have hated words and I have loved them and I hope I have made them right,58,8,15_19_20_29_31_39_54_56,0000000000000010001100000000101000000010000000000000010100,_ ____ _____ ____s ___ I h___ _____ t_e_ ___ _ __p_ _ ____ ____ ____ r_g__
382,Where there is love there is life,27,5,1_11_15_17_26,100000000010001010000000010,W____ _____ i_ __v_ t____ __ __f_
383,Doubt thou the stars are fire Doubt that the sun doth move Doubt truth to be a liar But never doubt I love,84,4,21_55_59_73,000000000000000000001000000000000000000000000000000000100010000000000000100000000000,_____ ____ ___ _____ ___ f___ _____ ____ ___ ___ ____ ____ _____ __u__ _o __ _ ____ ___ ___e_ _____ _ ____
384,Attitude is a choice Happiness is a choice Optimism is a choice Kindness is a choice Giving is a choice Respect is a choice Whatever choice you make makes you Choose wisely,141,9,1_37_57_81_91_106_108_136_141,100000000000000000000000000000000000100000000000000000001000000000000000000000001000000000100000000000000101000000000000000000000000000100001,A_______ __ _ ______ _________ __ _ ______ _p______ __ _ ______ ____n___ __ _ ______ ______ __ _ __o___ ______t __ _ ______ _____v_r ______ ___ ____ _____ ___ ______ w____y
385,Promise me youll always remember Youre braver than you believe and stronger than you seem and smarter than you think,97,8,1_18_24_25_60_64_80_90,1000000000000000010000011000000000000000000000000000000000010001000000000000000100000000010000000,P______ __ _____ ___a__ ___em___ _____ ______ ____ ___ _______ ___ ___o___r ____ ___ ____ ___ _m_____ ____ y__ _____
386,We write to taste life twice in the moment and in retrospect,49,8,6_12_15_16_30_33_43_48,0000010000010011000000000000010010000000001000010,__ ___t_ __ __s__ li__ _____ __ ___ _o__n_ ___ __ ___r____c_
387,You cant force love I realized Its there or it isnt If its not there youve got to be able to admit it If it is there youve got to do whatever it takes to protect the ones you love,140,8,23_26_59_74_82_100_102_109,00000000000000000000001001000000000000000000000000000000001000000000000001000000010000000000000000010100000010000000000000000000000000000000,___ ____ _____ ____ _ _____z__ I__ _____ __ __ ____ __ ___ ___ _____ ____e ___ __ __ ____ __ _d___ __ __ i_ __ _____ _____ ___ _o _o ______e_ __ _____ __ _______ ___ ____ ___ ____
388,Two wrongs dont make a right but they make a good excuse,45,9,4_5_10_12_21_25_27_41_43,000110000101000000001000101000000000000010100,___ wr____ d_n_ ____ _ __g__ _u_ t___ ____ _ ____ _x_u__
389,If my life is going to mean anything I have to live it myself,48,6,15_22_24_27_43_45,000000000000001000000101001000000000000000101000,__ __ ____ __ ____g __ ____ a_y__i__ _ ____ __ ____ __ m_s___
390,Wicked people never have time for reading Its one of the reasons for their wickedness,71,8,10_19_24_32_44_54_60_63,00000000010000000010000100000001000000000001000000000100000100100000000,______ ___p__ _____ _a__ __m_ ___ ___d___ ___ ___ __ t__ _______ f__ ___i_ _i________
391,And now here is my secret a very simple secret It is only with the heart that one can see rightly what is essential is invisible to the eye,111,5,2_20_84_85_97,010000000000000000010000000000000000000000000000000000000000000000000000000000000001100000000000100000000000000,_n_ ___ ____ __ __ _____t _ ____ ______ ______ __ __ ____ ____ ___ _____ ____ ___ ___ ___ _______ ____ __ es_______ __ __v______ __ ___ ___
392,I dont want to go to heaven None of my friends are there,44,8,7_20_22_24_29_30_31_33,00000010000000000001010100001110100000000000,_ ____ _a__ __ __ __ ____e_ N_n_ __ _y fr_e___ ___ _____
393,I love you I am who I am because of you You are every reason every hope and every dream Ive ever had and no matter what happens to us in the future everyday we are together is the greatest day of my life I will always be yours,178,8,18_20_24_60_65_85_169_177,0000000000000000010100010000000000000000000000000000000000010000100000000000000000001000000000000000000000000000000000000000000000000000000000000000000000000000000000001000000010,_ ____ ___ _ __ ___ _ __ b_c___e __ ___ ___ ___ _____ ______ _____ ____ ___ _v___ _r___ ___ ____ ___ ___ __ _a____ ____ _______ __ __ __ ___ ______ ________ __ ___ ________ __ ___ ________ ___ __ __ ____ _ ____ ___a__ __ ___r_
394,Success usually comes to those who are too busy to be looking for it,55,3,1_24_31,1000000000000000000000010000001000000000000000000000000,S______ _______ _____ __ __o__ ___ _r_ ___ ____ __ __ _______ ___ __
395,The meeting of two personalities is like the contact of two chemical substances if there is any reaction both are transformed,105,5,7_16_33_52_64,000000100000000100000000000000001000000000000000000100000000000100000000000000000000000000000000000000000,___ ___t___ __ ___ p____________ __ __k_ ___ _______ __ ___ __e_____ ______n___ __ _____ __ ___ ________ ____ ___ ___________
396,Ive never fooled anyone Ive let people fool themselves They didnt bother to find out who and what I was Instead they would invent a character for me I wouldnt argue with them They were obviously loving somebody I wasnt,179,9,3_18_20_50_87_93_114_128_155,00100000000000000101000000000000000000000000000001000000000000000000000000000000000000100000100000000000000000000100000000000001000000000000000000000000001000000000000000000000000,__e _____ ______ ___o_e ___ ___ ______ ____ __________ ___y _____ ______ __ ____ ___ ___ ___ ____ _ ___ __s____ _h__ _____ ______ _ ______t__ ___ __ _ _____n_ _____ ____ ____ ____ ____ ____o____ ______ ________ _ _____
397,When it comes down to it I let them think what they want If they care enough to bother with what I do then Im already better than them,106,8,12_32_43_44_50_51_55_94,0000000000010000000000000000000100000000001100000110001000000000000000000000000000000000000001000000000000,____ __ _____ d___ __ __ _ ___ ____ ____k ____ ____ __nt __ ___y c___ e_____ __ ______ ____ ____ _ __ ____ __ _______ _e____ ____ ____
398,Its really a wonder that I havent dropped all my ideals because they seem so absurd and impossible to carry out Yet I keep them because in spite of everything I still believe that people are really good at heart,172,9,60_67_75_108_121_123_126_151_164,0000000000000000000000000000000000000000000000000000000000010000001000000010000000000000000000000000000000010000000000001010010000000000000000000000001000000000000100000000,___ ______ _ ______ ____ _ ______ _______ ___ __ ______ _______ ____ ___m __ ____r_ ___ ___o______ __ _____ ___ ___ _ ____ ____ ____u__ __ _____ __ _v_r__h___ _ _____ _______ ____ ____l_ ___ ______ __o_ __ _____
399,I love sleep My life has the tendency to fall apart when Im awake you know,59,9,4_6_17_23_28_30_51_52_59,00010100000000001000001000010100000000000000000000110000001,_ __v_ s____ __ ____ h__ ___ t____n_y __ ____ _____ ____ __ ___ke ___ ___w
400,Your task is not to seek for love but merely to seek and find all the barriers within yourself that you have built against it,101,10,1_2_27_41_48_49_68_74_77_94,11000000000000000000000000100000000000001000000110000000000000000001000001001000000000000000010000000,Yo__ ____ __ ___ __ ____ ___ ____ b__ ______ __ ___k ___ ___d a__ ___ ________ _____n _____e__ t___ ___ ____ _____ _g_____ __
401,Dont be pushed around by the fears in your mind Be led by the dreams in your heart,65,7,3_9_12_32_40_42_56,00100000100100000000000000000001000000010100000000000001000000000,__n_ __ __s__d ______ __ ___ _____ __ _o__ ____ _e _e_ __ ___ ______ _n ____ _____
402,A clever person solves a problem A wise person avoids it,46,5,8_24_30_36_43,0000000100000000000000010000010000010000001000,_ ______ p_____ ______ _ ___b___ _ _i__ ___s__ ____d_ __
403,Nobody has ever measured not even poets how much the heart can hold,55,7,5_18_22_24_33_36_54,0000100000000000010001010000000010010000000000000000010,____d_ ___ ____ ____u___ n_t ____ ____s __w ____ ___ _____ ___ __l_
404,Get busy living or get busy dying,27,7,7_8_9_14_15_20_23,000000111000011000010010000,___ ___y li____ or ___ _u__ d____
405,The best love is the kind that awakens the soul and makes us reach for more that plants a fire in our hearts and brings peace to our minds And thats what youve given me Thats what Id hoped to give you forever,166,7,4_9_44_65_67_68_99,0001000010000000000000000000000000000000000100000000000000000000101100000000000000000000000000000010000000000000000000000000000000000000000000000000000000000000000000,___ b___ _o__ __ ___ ____ ____ _______ ___ ____ ___ __k__ __ _____ ___ ____ ____ p_an__ _ ____ __ ___ ______ ___ ______ ___c_ __ ___ _____ ___ _____ ____ _____ _____ __ _____ ____ __ _____ __ ____ ___ _______
406,I took a deep breath and listened to the old brag of my heart I am I am I am,57,9,10_13_16_20_21_25_39_40_47,000000000100100100011000100000000000001100000010000000000,_ ____ _ ___p __e__h ___ li___n__ __ ___ ___ ___g o_ __ ___r_ _ __ _ __ _ __
407,I could recognize him by touch alone by smell I would know him blind by the way his breaths came and his feet struck the earth I would know him in death at the end of the world,139,9,3_11_14_17_42_63_97_101_108,0010000000100100100000000000000000000000010000000000000000000010000000000000000000000000000000001000100000010000000000000000000000000000000,_ _o___ ____g__z_ _i_ __ _____ _____ __ _____ _ ___l_ ____ ___ _____ __ ___ __y ___ _______ ____ ___ ___ ____ ______ ___ e___h _ _____ k___ ___ __ _____ __ ___ ___ __ ___ _____
408,First they ignore you Then they ridicule you And then they attack you and want to burn you And then they build monuments to you,103,4,16_23_59_68,0000000000000001000000100000000000000000000000000000000000100000000100000000000000000000000000000000000,_____ ____ ______ y__ ____ t___ ________ ___ ___ ____ ____ ______ ___ _n_ ____ __ _u__ ___ ___ ____ ____ _____ _________ __ ___
409,I with a deeper instinct choose a man who compels my strength who makes enormous demands on me who does not doubt my courage or my toughness who does not believe me naive or innocent who has the courage to treat me like a woman,183,7,26_36_45_64_97_105_145,000000000000000000000000010000000001000000001000000000000000000100000000000000000000000000000000100000001000000000000000000000000000000000000000100000000000000000000000000000000000000,_ ____ _ ______ ________ _____e _ ___ ___ __m____ __ __r_____ ___ _____ _____o__ _______ __ __ ___ ____ ___ _____ __ __u____ __ _y _________ ___ ____ ___ _______ __ _____ __ ____c___ ___ ___ ___ _______ __ _____ __ ____ _ _____
410,Its only after weve lost everything that were free to do anything,54,7,4_24_37_40_42_48_50,000100000000000000000001000000000000100101000001010000,___ o___ _____ ____ ____ ___r______ ____ __r_ _r_e __ __ _n_t____
411,When someone shows you who they are believe them the first time,52,6,13_30_31_32_35_51,0000000000001000000000000000011100100000000000000010,____ _______ _h___ ___ ___ ____ ___ bel__v_ ____ ___ _____ __m_
412,Out beyond ideas of wrongdoing and rightdoing there is a field Ill meet you there When the soul lies down in that grass the world is too full to talk about,125,4,21_36_40_97,00000000000000000000100000000000000100010000000000000000000000000000000000000000000000000000000010000000000000000000000000000,___ ______ _____ __ ____g_____ ___ ______o___ t____ __ _ _____ ___ ____ ___ _____ ____ ___ ____ ____ ____ __ ____ ____s ___ _____ __ ___ ____ __ ____ _____
413,Destroying things is much easier than making them,42,5,8_12_14_21_39,000000010001010000001000000000000000001000,_______i__ _h_n__ __ __c_ ______ ____ ______ t___
414,If you expect nothing from somebody you are never disappointed,53,7,2_10_31_39_42_44_47,01000000010000000000000000000010000000100101001000000,_f ___ ____c_ _______ ____ ________ y__ ___ __v__ d_s__p______
415,Once upon a time there was a boy who loved a girl and her laughter was a question he wanted to spend his whole life answering,100,7,12_18_62_70_76_90_95,0000000000010000010000000000000000000000000000000000000000000100000001000001000000000000010000100000,____ ____ _ __m_ ____e ___ _ ___ ___ _____ _ ____ ___ ___ ________ ___ _ _____i__ __ ___t__ __ _p___ ___ _____ __f_ ___w_____
416,We all die The goal isnt to live forever the goal is to create something that will,66,5,23_33_36_53_56,000000000000000000000010000000001001000000000000000010010000000000,__ ___ ___ ___ ____ ____ __ _i__ _______ t__ g___ __ __ ______ ___e__i__ ____ ____
417,You educate a man you educate a man You educate a woman you educate a generation,65,5,15_26_33_50_63,00000000000000100000000001000000100000000000000001000000000000100,___ _______ _ ___ y__ _______ _ m__ ___ _d_____ _ _____ ___ __u____ _ _______i__
418,Well dont expect us to be too impressed We just saw Finnick Odair in his underwear,67,7,2_11_26_27_36_46_50,0100000000100000000000000110000000010000000001000100000000000000000,_e__ ____ __p___ __ __ __ ___ __pr_____ __ _u__ ___ ____i__ _d___ __ ___ _________
419,We loved with a love that was more than love,35,5,6_7_9_13_24,00000110100010000000000100000000000,__ ___ed _i__ _ l___ ____ ___ m___ ____ ____
420,These woods are lovely dark and deep But I have promises to keep And miles to go before I sleep And miles to go before I sleep,100,10,2_16_20_21_39_43_48_63_67_85,0100000000000001000110000000000000000010001000010000000000000010001000000000000000001000000000000000,_h___ _____ ___ __v___ da__ ___ ____ ___ _ ____ p___i___ _o ____ ___ _____ __ g_ __f___ _ _____ ___ _____ t_ __ ______ _ _____
421,Science without religion is lame religion without science is blind,57,5,23_27_37_39_53,000000000000000000000010001000000000101000000000000010000,_______ _______ ________ i_ __m_ ________ w_t____ _______ __ b____
422,Tell me what is it you plan to do with your one wild and precious life,55,9,4_5_30_43_44_45_46_48_49,0001100000000000000000000000010000000000001111011000000,___l m_ ____ __ __ ___ ____ __ __ ____ y___ ___ ____ __d pre_io__ ____
423,Reader suppose you were an idiot And suppose you were a member of Congress But I repeat myself,77,6,4_14_47_49_54_57,00010000000001000000000000000000000000000000001010000100100000000000000000000,___d__ _______ y__ ____ __ _____ ___ _______ ___ ____ _ _e_b__ __ C__g____ ___ _ ______ ______
424,A person who has good thoughts cannot ever be ugly You can have a wonky nose and a crooked mouth and a double chin and stickout teeth but if you have good thoughts they will shine out of your face like sunbeams and you will always look lovely,195,9,4_18_33_55_97_104_160_182_191,000100000000000001000000000000001000000000000000000000100000000000000000000000000000000000000000100000010000000000000000000000000000000000000000000000000000000100000000000000000000010000000010000,_ __r___ ___ ___ ____ t_______ ______ _v__ __ ____ ___ ___ ____ _ __n__ ____ ___ _ _______ _____ ___ _ ______ ____ ___ __i_____ _e___ ___ __ ___ ____ ____ ________ ____ ____ _____ ___ __ ____ ____ __k_ ________ ___ ___ ____ __w___ ____ _o____
425,Isnt it nice to think that tomorrow is a new day with no mistakes in it yet,59,4,5_15_37_56,00001000000000100000000000000000000010000000000000000001000,____ i_ ____ __ __i__ ____ ________ __ _ ___ _a_ ____ __ ________ __ _t ___
426,When I look at my room I see a girl who loves books,39,7,2_3_4_17_35_36_38,011100000000000010000000000000000011010,_hen _ ____ __ __ ___m _ ___ _ ____ ___ _____ bo_k_
427,Books are the perfect entertainment no commercials no batteries hours of enjoyment for each dollar spent What I wonder is why everybody doesnt carry a book around for those inevitable dead spots in life,169,10,4_37_60_65_72_90_91_113_114_132,0001000000000000000000000000000000001000000000000000000000010000100000010000000000000000011000000000000000000000110000000000000000010000000000000000000000000000000000000,___k_ ___ ___ _______ _____________ __ ___m_______ __ _________ ____s __ __j______ f__ ____ ______ _____ Wh__ _ ______ __ ___ _______dy ______ _____ _ ____ _r____ ___ _____ __________ ____ _____ __ ____
428,We have to dare to be ourselves however frightening or strange that self may prove to be,72,3,3_27_39,001000000000000000000000001000000000001000000000000000000000000000000000,__ h___ __ ____ __ __ _________ _o_____ ______e____ __ _______ ____ ____ ___ _____ __ __
429,The fault dear Brutus is not in our stars but in ourselves,47,4,5_17_25_39,00001000000000001000000010000000000000100000000,___ _a___ ____ ____u_ __ ___ _n ___ _____ ___ __ o________
430,Eleanor was right She never looked nice She looked like art and art wasnt supposed to look nice it was supposed to make you feel something,113,7,1_21_53_54_78_85_101,10000000000000000000100000000000000000000000000000001100000000000000000000000100000010000000000000001000000000000,E______ ___ _____ ___ __v__ ______ ____ ___ ______ ____ ___ ___ ar_ _____ ________ __ ____ ___e __ ___ _u______ __ ____ ___ f___ _________
431,Anyone who lives within their means suffers from a lack of imagination,59,8,15_22_28_34_35_43_50_56,00000000000000100000010000010000011000000010000001000001000,______ ___ _____ w_____ _h___ __a__ ___fe__ ____ _ l___ __ _m_____t___
432,All the world is made of faith and trust and pixie dust,44,7,1_4_7_16_34_36_38,10010010000000010000000000000000010101000000,A__ t__ w____ __ __d_ __ _____ ___ _____ _n_ p_x__ ____
433,It is the mark of an educated mind to be able to entertain a thought without accepting it,72,7,1_5_8_10_30_31_58,100010010100000000000000000001100000000000000000000000000100000000000000,I_ __ t__ m_r_ __ __ ________ ____ __ be ____ __ _________ _ _______ ___h___ _________ __
434,You cant stay in your corner of the Forest waiting for others to come to you You have to go to them sometimes,87,8,12_30_36_42_45_65_79_84,000000000001000000000000000001000001000001001000000000000000000010000000000000100001000,___ ____ ____ i_ ____ ______ __ ___ _o____ _a_____ f__ o_____ __ ____ __ ___ ___ h___ __ __ __ ____ s____i___
435,Any fool can know The point is to understand,36,6,4_8_14_19_31_32,000100010000010000100000000000110000,___ f___ c__ ___w ___ _o___ __ __ ____rs____
436,I do not want people to be very agreeable as it saves me the trouble of liking them a great deal,76,8,6_7_18_32_38_51_58_74,0000011000000000010000000000000100000100000000000010000001000000000000000100,_ __ __t w___ ______ _o __ ____ _______l_ __ __ s____ __ ___ ___u___ __ _i____ ____ _ _____ _e__
437,Life is a book and there are a thousand pages I have not yet read,51,8,9_14_16_27_30_32_34_48,000000001000010100000000001001010100000000000001000,____ __ _ _o__ __d _h___ ___ _ ___u__n_ p_g__ _ ____ ___ ___ r___
438,You have brains in your head You have feet in your shoes You can steer yourself any direction you choose Youre on your own And you know what you know And YOU are the one wholl decide where to go,155,6,8_21_22_68_69_137,00000001000000000000110000000000000000000000000000000000000000000001100000000000000000000000000000000000000000000000000000000000000000001000000000000000000,___ ____ b_____ __ ____ _ea_ ___ ____ ____ __ ____ _____ ___ ___ _____ ________ ___ di_______ ___ ______ _____ __ ____ ___ ___ ___ ____ ____ ___ ____ ___ ___ ___ ___ ___ _h___ ______ _____ __ __
439,The harder I work the luckier I get,28,4,1_6_18_21,1000010000000000010010000000,T__ __r___ _ ____ ___ l__k___ _ ___
440,This is a good sign having a broken heart It means we have tried for something,63,8,13_14_18_36_40_51_52_56,000000000000110001000000000000000001000100000000001100010000000,____ __ _ ____ _ig_ __v___ _ ______ _____ __ m___s __ ____ ____d f__ _o_______
441,Every saint has a past and every sinner has a future,42,2,3_34,001000000000000000000000000000000100000000,__e__ _____ ___ _ ____ ___ _____ ______ _a_ _ ______
442,Sometimes you lose a battle But mischief always wins the war,50,6,1_30_34_37_45_50,10000000000000000000000000000100010010000000100001,S________ ___ ____ _ ______ ___ ___c___f __w___ ____ t__ __r
443,Life can only be understood backwards but it must be lived forwards,56,9,8_19_24_25_28_34_35_45_47,00000001000000000010000110010000011000000000101000000000,____ ___ o___ __ _____s____ ba__w____ _ut __ ____ __ _i_e_ ________
444,Keep away from people who try to belittle your ambitions Small people always do that but the really great make you feel that you too can become great,122,7,7_46_58_61_77_94_95,00000010000000000000000000000000000000000000010000000000010010000000000000001000000000000000011000000000000000000000000000,____ __a_ ____ ______ ___ ___ __ ________ ____ _______n_ _____ _____e __w___ __ ____ ___ ___ r_____ _____ ____ __u f___ ____ ___ ___ ___ ______ _____
445,The secret of life though is to fall seven times and to get up eight times,59,8,6_17_27_29_34_37_39_56,00000100000000001000000000101000010010100000000000000001000,___ __c___ __ ____ _h____ __ __ _a_l ____n __m_s ___ __ ___ __ _____ _i___
446,The more I know of the world the more I am convinced that I shall never see a man whom I can really love I require so much,95,7,40_47_49_54_64_67_95,00000000000000000000000000000000000000010000001010000100000000010010000000000000000000000000001,___ ____ _ ____ __ ___ _____ ___ ____ _ __ _______e_ ____ _ s_a__ __v__ ___ _ ___ w__m _ ___ ______ ____ _ _______ __ ___h
447,We should all start to live before we get too old Fear is stupid So are regrets,63,6,10_25_29_48_52_59,000000000100000000000000100010000000000000000001000100000010000,__ ______ _l_ _____ __ ____ __f___ w_ ___ ___ ___ ____ __ __u___ S_ ___ __g____
448,Hope is the thing with feathers That perches in the soul And sings the tune without the words And never stops at all,94,8,15_19_21_34_53_54_81_87,0000000000000010001010000000000001000000000000000000110000000000000000000000000010000010000000,____ __ ___ _____ w___ f_a_____ ____ ___c___ __ ___ ____ ___ ___gs ___ ____ _______ ___ _____ ___ _e___ __o__ __ ___
449,When I have a little money I buy books and if I have any left I buy food and clothes,65,9,9_11_12_13_17_23_29_50_51,00000000101110001000001000001000000000000000000001100000000000000,____ _ ___e _ lit___ m____ _ b__ ___k_ ___ __ _ ____ ___ ____ _ _uy ____ ___ _______
450,Some people care too much I think its called love,40,5,1_6_13_19_21,1000010000001000001010000000000000000000,S___ _e____ __r_ ___ _u_h _ _____ ___ ______ ____
451,Some books should be tasted some devoured but only a few should be chewed and digested thoroughly,81,7,8_35_47_55_72_73_77,000000010000000000000000000000000010000000000010000000100000000000000001100010000,____ ___k_ ______ __ ______ ____ _______d ___ ____ _ ___ s_____ __ c_____ ___ ________ th___u____
452,One remember to look up at the stars and not down at your feet Two never give up work Work gives you meaning and purpose and life is empty without it Three if you are lucky enough to find love remember it is there and dont throw it away,188,7,9_30_57_95_110_150_155,00000000100000000000000000000100000000000000000000000000100000000000000000000000000000000000001000000000000001000000000000000000000000000000000000000100001000000000000000000000000000000000,___ _____b__ __ ____ __ __ ___ _____ a__ ___ ____ __ ____ ____ ___ ____r ____ __ ____ ____ _____ ___ _______ ___ _____s_ ___ ____ __ ____y _______ __ _____ __ ___ ___ _____ ______ __ ____ l___ _e______ __ __ _____ ___ ____ _____ __ ____
453,I believe in everything until its disproved So I believe in fairies the myths dragons It all exists even if its in your mind Whos to say that dreams and nightmares arent as real as the here and now,159,9,5_15_30_33_68_79_99_104_129,000010000000001000000000000001001000000000000000000000000000000000010000000000100000000000000000001000010000000000000000000000001000000000000000000000000000000,_ ___i___ __ ____y_____ _____ ___ _i__r____ __ _ _______ __ _______ ___ _____ ___g___ __ ___ __i___ ____ __ ___ __ ____ _i__ __o_ __ ___ ____ ______ ___ _____m____ _____ __ ____ __ ___ ____ ___ ___
454,Those who dream by day are cognizant of many things which escape those who dream only by night,77,6,11_19_32_38_46_63,00000000001000000010000000000001000001000000010000000000000000100000000000000,_____ ___ __e__ __ ___ a__ _________ _f ____ _h____ ___c_ ______ _____ ___ _r___ ____ __ _____
455,Heres to books the cheapest vacation you can buy,40,6,2_9_22_24_29_40,0100000010000000000001010000100000000001,_e___ __ _o___ ___ ______s_ v____i__ ___ ___ __y
456,I would have come for you And if I couldnt walk Id crawl to you and no matter how broken we were wed fight our way out togetherknives drawn pistols blazing Because thats what we do We never stop fighting,164,11,42_49_57_82_96_99_101_107_122_125_160,00000000000000000000000000000000000000000100000010000000100000000000000000000000010000000000000100101000001000000000000001001000000000000000000000000000000000010000,_ _____ ____ ____ ___ ___ ___ __ _ _______ ____ __ __a__ __ __u ___ __ __t___ ___ ______ __ ____ ___ ___h_ ___ ___ ___ ___e__e_k_____ d____ _______ ___z__g _______ _____ ____ __ __ __ _____ ____ ___h____
457,Eating and reading are two pleasures that combine admirably,51,9,2_14_23_28_33_36_49_50_51,010000000000010000000010000100001001000000000000111,_a____ ___ ____i__ ___ ___ p____u___ _h__ c______ ______bly
458,Sometimes you climb out of bed in the morning and you think Im not going to make it but you laugh inside remembering all the times youve felt that way,121,8,19_28_46_59_63_92_104_111,0000000000000000001000000001000000000000000001000000000000100010000000000000000000000000000100000000000100000010000000000,_________ ___ _____ _u_ __ ___ __ t__ _______ ___ ___ __i__ __ ___ _____ t_ __k_ __ ___ ___ _____ ______ ________i__ ___ ___ ___e_ _____ f___ ____ ___
459,Instead of worrying about what you cannot control shift your energy to what you can create,75,9,1_2_11_19_39_42_46_55_60,110000000010000000100000000000000000001001000100000000100001000000000000000,In_____ __ _o______ _b___ ____ ___ ______ ___t__l ___f_ ____ ___r__ __ w___ ___ ___ ______
460,Faithless is he that says farewell when the road darkens,47,6,5_16_20_22_36_46,00001000000000010001010000000000000100000000010,____h____ __ __ __a_ __y_ f_______ ____ __e ____ _____n_
461,It is the unknown we fear when we look upon death and darkness nothing more,61,5,8_12_41_49_53,0000000100010000000000000000000000000000100000001000100000000,__ __ ___ u___o__ __ ____ ____ __ ____ ____ _____ _n_ ______s_ __t____ ____
462,Experience is merely the name men gave to their mistakes,47,8,8_17_29_31_36_42_43_45,00000001000000001000000000001010000100000110100,_______n__ __ ____l_ ___ ____ ___ g_v_ __ _h___ __st_k__
463,Reading is one form of escape Running for your life is another,51,7,5_10_16_21_27_32_35,000010000100000100001000001000010010000000000000000,____i__ __ o__ ___m __ __c___ __n____ f__ y___ ____ __ _______
464,Pain is inevitable Suffering is optional,35,6,7_14_16_17_25_29,00000010000001011000000010001000000,____ __ i______b_e S_______g __ _p______
465,A man should hear a little music read a little poetry and see a fine picture every day of his life in order that worldly cares may not obliterate the sense of the beautiful which God has implanted in the human soul,173,9,12_14_16_83_124_145_152_157_161,00000000000101010000000000000000000000000000000000000000000000000000000000000000001000000000000000000000000000000000000000010000000000000000000010000001000010001000000000000,_ ___ ______ _e_r _ l_____ _____ ____ _ ______ ______ ___ ___ _ ____ _______ _____ ___ __ ___ ____ __ __d__ ____ _______ _____ ___ ___ __________ ___ ___s_ __ ___ _________ _____ G__ ___ _m____t__ _n ___ _____ ____
466,Reality is merely an illusion albeit a very persistent one,49,7,2_6_9_20_26_28_33,0100010010000000000100000101000010000000000000000,_e___t_ _s ______ __ __l_____ a_b___ _ v___ __________ ___
467,One day I will find the right words and they will be simple,47,8,6_12_21_23_26_29_30_36,00000100000100000000101001001100000100000000000,___ __y _ ____ f___ ___ __g_t __r__ an_ ____ w___ __ ______
468,If a cluttered desk is a sign of a cluttered mind of what then is an empty desk a sign,67,8,8_12_19_47_49_55_56_62,0000000100010000001000000000000000000000000000101000001100000100000,__ _ ____t___d ____ __ a ____ __ _ _________ ____ __ ____ _h_n __ __ _mp__ ___k _ ____
469,If youre reading this Congratulations youre alive If thats not something to smile about then I dont know what is,93,7,3_28_53_61_73_74_83,001000000000000000000000000100000000000000000000000010000000100000000000110000000010000000000,__ y____ _______ ____ _________a_____ _____ _____ __ _____ __t _______n_ __ _____ ___ut ____ _ ___t ____ ____ __
470,Pain and suffering are always inevitable for a large intelligence and a deep heart The really great men must I think have great sadness on earth,119,7,8_12_16_29_38_55_59,00000001000100010000000000001000000001000000000000000010001000000000000000000000000000000000000000000000000000000000000,____ ___ s___e___g ___ ______ ___v______ __r _ _____ __________c_ __d _ ____ _____ ___ ______ _____ ___ ____ _ _____ ____ _____ _______ __ _____
471,I am not young enough to know everything,33,6,2_7_23_27_29_33,010000100000000000000010001010001,_ a_ ___ y____ ______ __ ___w ___r_t___g
472,If we knew what it was we were doing it would not be called research would it,61,6,10_16_28_31_39_49,0000000001000001000000000001001000000010000000001000000000000,__ __ ____ _h__ __ _a_ __ ____ ____g __ w____ ___ b_ ______ __s_____ _____ __
473,How lucky I am to have known somebody and something that saying goodbye to is so damned awful,76,8,4_18_40_57_64_67_70_73,0001000000000000010000000000000000000001000000000000000010000001001001001000,___ l____ _ __ __ ____ k____ ________ ___ ______i__ ____ ______ ____b__ __ __ s_ _a__e_ _w___
474,Theyre certainly entitled to think that and theyre entitled to full respect for their opinions but before I can live with other folks Ive got to live with myself The one thing that doesnt abide by majority rule is a persons conscience,193,8,10_63_84_100_101_112_116_153,0000000001000000000000000000000000000000000000000000000000000010000000000000000000010000000000000001100000000001000100000000000000000000000000000000000010000000000000000000000000000000000000000,______ ___t_____ ________ __ _____ ____ ___ ______ ________ __ ____ _____c_ ___ _____ ________ ___ b_____ _ ___ ____ __th _____ _____ I__ _o_ __ ____ ____ ______ ___ ___ _____ ____ ____n_ _____ __ ________ ____ __ _ _______ __________
475,Hell is empty and all the devils are here,33,6,9_11_13_17_21_30,000000001010100010001000000001000,____ __ __p_y _n_ __l ___ d_____ ___ h___
476,The mind is its own place and in itself can make a heaven of hell a hell of heaven,64,4,20_30_40_43,0000000000000000000100000000010000000001001000000000000000000000,___ ____ __ ___ ___ ____e ___ __ ____l_ ___ ____ _ h__v__ __ ____ _ ____ __ ______
477,Dont go around saying the world owes you a living The world owes you nothing It was here first,76,7,1_6_7_13_15_18_33,1000011000001010010000000000000010000000000000000000000000000000000000000000,D___ _o a_____ s_y__g ___ _____ ____ __u _ ______ ___ _____ ____ ___ _______ __ ___ ____ _____
478,Monsters are real and ghosts are real too They live inside us and sometimes they win,69,7,6_7_25_36_39_49_55,000001100000000000000000100000000001001000000000100000100000000000000,_____er_ ___ ____ ___ ______ a__ ____ ___ _h__ l___ ______ u_ ___ _o_______ ____ ___
479,I learned this at least by my experiment that if one advances confidently in the direction of his dreams and endeavors to live the life which he has imagined he will meet with a success unexpected in common hours,174,9,15_44_52_71_95_120_133_154_155,000000000000001000000000000000000000000000010000000100000000000000000010000000000000000000000010000000000000000000000001000000000000100000000000000000000110000000000000000000,_ _______ ____ __ l____ __ __ __________ ____ __ ___ _d______ _o_________ __ ___ ____c____ __ ___ ______ ___ _____v___ __ ____ ___ ____ _____ __ _a_ ________ __ _i__ ____ ____ _ _______ __ex______ __ ______ _____
480,You could rattle the stars You could do anything if only you dared And deep down you know it too Thats what scares you most,99,8,4_10_38_42_44_52_69_91,000100000100000000000000000000000000010001010000000100000000000000001000000000000000000000100000000,___ c____ _a____ ___ _____ ___ _____ __ _____i__ _f _n__ ___ __r__ ___ ____ ____ ___ k___ __ ___ _____ ____ ____e_ ___ ____
481,In a time of deceit telling the truth is a revolutionary act,49,4,20_21_30_42,0000000000000000000110000000010000000000010000000,__ _ ____ __ ______ ____in_ ___ ____h __ _ ________o____ ___
482,There are no good girls gone wrong just bad girls found out,48,6,1_6_8_18_29_42,100001010000000001000000000010000000000001000000,T____ a_e __ ____ ___l_ ____ _____ j___ ___ _____ _o___ ___
483,Never go to bed mad Stay up and fight,29,9,9_13_19_21_23_25_26_27_28,00000000100010000010101011110,_____ __ _o ___ m__ ___y _p _n_ figh_
484,I have no special talents I am only passionately curious,47,6,2_4_10_17_25_44,01010000010000001000000010000000000000000001000,_ h_v_ __ __e____ __l____ _ __ o___ ____________ ___i___
485,Dont limit your challenges Challenge your limits,42,4,12_18_23_40,000000000001000001000010000000000000000100,____ _____ __u_ ____l____s _________ ____ ___i__
486,A life spent making mistakes is not only more honorable but more useful than a life spent doing nothing,85,9,13_21_29_38_45_57_66_69_74,0000000000001000000010000000100000000100000010000000000010000000010010000100000000000,_ ____ _____ __k___ ____a___ __ __t ____ ____ h______l_ ___ ____ ___f__ ____ _ _i__ s____ d____ _______
487,There is nothing either good or bad but thinking makes it so,49,6,20_31_34_35_42_48,0000000000000000000100000000001001100000010000010,_____ __ _______ _____r ____ __ ___ _u_ _hi_____ _a___ __ s_
488,We delight in the beauty of the butterfly but rarely admit the changes it has gone through to achieve that beauty,93,9,1_3_20_32_52_56_57_79_91,101000000000000000010000000000010000000000000000000100011000000000000000000000100000000000100,W_ d______ __ ___ _____y __ ___ ______f__ ___ ______ _____ ___ c___ge_ __ ___ ____ _______ __ __h____ ____ ___u__
489,I like work it fascinates me I can sit and look at it for hours,49,7,2_3_4_17_20_33_47,0111000000000000100100000000000010000000000000100,_ lik_ ____ __ _____n__e_ __ _ ___ ___ __d ____ __ __ ___ __u__
490,Always do what you are afraid to do,28,4,2_6_9_14,0100010010000100000000000000,_l___s __ w___ _o_ ___ ______ __ __
491,They say a person needs just three things to be truly happy in this world someone to love something to do and something to hope for,106,7,11_18_32_46_48_64_69,0000000000100000010000000000000100000000000001010000000000000001000010000000000000000000000000000000000000,____ ___ _ __r___ ___d_ ____ _____ ___n__ __ __ _____ __p_y __ ____ _____ ____o__ __ l___ _________ __ __ ___ _________ __ ____ ___
492,Were all a little weird And life is a little weird And when we find someone whose weirdness is compatible with ours we join up with them and fall into mutually satisfying weirdness and call it love true love,169,10,77_80_84_92_97_108_119_139_151_154,0000000000000000000000000000000000000000000000000000000000000000000000000000100100010000000100001000000000010000000000100000000000000000001000000000001001000000000000000,____ ___ _ ______ _____ ___ ____ __ _ ______ _____ ___ ____ __ ____ _______ _____ _________ __ c__p___b__ ____ _u__ __ j___ __ ____ _h__ ___ ____ _n__ ________ _________g _________ __d __l_ __ ____ ____ ____
493,A thing is not necessarily true because a man dies for it,46,7,3_17_21_27_31_38_43,0010000000000000100010000010001000000100001000,_ _h___ __ ___ _____s___l_ ____ b___u__ _ ___ d___ _o_ __
494,I have decided to stick to love Hate is too great a burden to bear,52,6,4_18_29_34_35_46,0001000000000000010000000000100001100000000001000000,_ __v_ _______ __ ___c_ __ ____ ___e __ __o g____ _ _____n __ ____
495,There are two motives for reading a book one that you enjoy it the other that you can boast about it,80,9,10_14_19_23_27_33_46_52_69,00000000010001000010001000100000100000000000010000010000000000000000100000000000,_____ ___ _w_ __t____ f__ _e___n_ _ ___k ___ ____ ___ __j__ __ _h_ _____ ____ ___ ___ b____ _____ __
496,Whats meant to be will always find a way,32,6,7_13_17_20_25_26,00000010000010001001000011000000,_____ _e___ __ b_ __l_ _l____ fi__ _ ___
497,Our lives begin to end the day we become silent about things that matter,59,7,3_9_11_25_35_37_49,00100000101000000000000010000000001010000000000010000000000,__r _____ b_g__ __ ___ ___ ___ w_ ______ __l_n_ _____ _____s ____ ______
498,The world is indeed full of peril and in it there are many dark places but still there is much that is fair and though in all lands love is now mingled with grief it grows perhaps the greater,153,10,23_38_46_71_76_91_114_116_121_124,000000000000000000000010000000000000010000000100000000000000000000000010000100000000000000100000000000000000000001010000100100000000000000000000000000000,___ _____ __ ______ ____ __ p____ ___ __ __ ___r_ ___ ___y ____ ______ ___ _____ _____ _s ____ t___ __ ____ ___ __o___ __ ___ _____ ____ __ ___ m_n____ w__h _____ __ _____ _______ ___ _______
499,Somewhere something incredible is waiting to be known,46,5,6_8_21_34_35,0000010100000000000010000000000001100000000000,_____h_r_ _________ __c_______ __ ___ti__ __ __ _____
500,Thats always seemed so ridiculous to me that people want to be around someone because theyre pretty Its like picking your breakfast cereals based on color instead of taste,143,10,9_78_80_100_109_110_113_115_133_134,00000000100000000000000000000000000000000000000000000000000000000000000000000101000000000000000000010000000011001010000000000000000011000000000,_____ ___a__ ______ __ __________ __ __ ____ ______ ____ __ __ ______ _______ _______ ______ p_e___ ___ ____ _______ __u_ _______st __r_a__ _____ __ _____ ___te__ __ _____
501,Make it a rule never to give a child a book you would not read yourself,56,10,10_12_19_21_24_30_34_41_44_51,00000000010100000010100100000100010000001001000000100000,____ __ _ __l_ n____ __ g_v_ _ c____ _ b___ y__ ____d __t ____ __u_____
502,And above all watch with glittering eyes the whole world around you because the greatest secrets are always hidden in the most unlikely places Those who dont believe in magic will never find it,160,10,2_12_40_47_85_89_110_114_121_132,0100000000010000000000000000000000000001000000100000000000000000000000000000000000001000100000000000000000000100010000001000000000010000000000000000000000000000,_n_ _____ ___ w____ ____ __________ ____ ___ __o__ ____d ______ ___ _______ ___ ________ _______ ___ a___y_ ______ __ ___ ____ ____k___ p_____ _h___ ___ ____ b______ __ _____ ____ _____ ____ __
503,It is hard enough to remember my opinions without also remembering my reasons for them,72,6,2_34_55_61_66_70,010000000000000000000000000000000100000000000000000000100000100001000100,_t __ ____ ______ __ ________ __ _______s _______ ____ _________n_ __ __a____ f__ _h__
504,And the day came when the risk to remain tight in a bud was more painful than the risk it took to blossom,83,9,10_24_35_38_39_51_52_57_77,00000000010000000000000100000000001001100000000000110000100000000000000000001000000,___ ___ ___ c___ ____ ___ ___k __ ______ __g__ in _ ___ ___ ____ pa____l ____ ___ ____ __ ____ __ b______
505,A champion is defined not by their wins but by how they can recover when they fall,66,6,4_5_13_44_45_54,000110000000100000000000000000000000000000011000000001000000000000,_ __am____ __ _e_____ ___ __ _____ ____ ___ __ ___ ___y c__ ______r ____ ____ ____
506,The flower that blooms in adversity is the rarest and most beautiful of all,62,7,21_26_27_49_51_54_57,00000000000000000000100001100000000000000000000010100100100000,___ ______ ____ ______ _n ____rs___ __ ___ ______ ___ ____ b_a__i__l __ ___
507,All happy families are alike each unhappy family is unhappy in its own way,61,6,4_27_45_48_54_57,0001000000000000000000000010000000000000000010010000010010000,___ h____ ________ ___ _____ __c_ _______ ______ __ _n__p__ __ _t_ _w_ ___
508,Of all sad words of tongue or pen the saddest are these It might have been,59,9,1_9_12_18_35_37_46_54_56,10000000100100000100000000000000001010000000010000000101000,O_ ___ ___ w__d_ __ __n___ __ ___ ___ _____s_ a__ _____ _t _____ __v_ b___
509,The loneliest moment in someones life is when they are watching their whole world fall apart and all they can do is stare blankly,106,5,8_65_69_99_106,0000000100000000000000000000000000000000000000000000000000000000100010000000000000000000000000000010000001,___ ____l____ ______ __ ________ ____ __ ____ ____ ___ ________ _____ _____ _o___ f___ _____ ___ ___ ____ ___ __ __ ____e ______y
510,If you want something youve never had you must be willing to do something youve never done,74,5,13_32_41_47_68,00000000000010000000000000000001000000001000001000000000000000000001000000,__ ___ ____ ___e_____ _____ _____ ___ y__ ____ __ w_____g __ __ _________ _____ __v__ ____
511,Fantasy is hardly an escape from reality Its a way of understanding it,58,9,6_10_22_31_32_45_47_49_51,0000010001000000000001000000001100000000000010101010000000,_____s_ __ h_____ __ ____p_ ____ ___li__ ___ _ ___ __ _n_e_s_a_____ __
512,And by the way everything in life is writable about if you have the outgoing guts to do it and the imagination to improvise The worst enemy to creativity is selfdoubt,136,10,18_30_62_75_85_87_89_94_105_130,0000000000000000010000000000010000000000000000000000000000000100000000000010000000001010100001000000000010000000000000000000000001000000,___ __ ___ ___ ______h___ __ ____ __ w_______ _____ __ ___ ____ ___ _______g ____ __ __ __ __d ___ ______a_i_n __ __p______ ___ _o___ _____ __ __________ __ __l______
513,Be the reason someone smiles Be the reason someone feels loved and believes in the goodness in people,84,6,4_8_35_43_52_63,000100010000000000000000000000000010000000100000000100000000001000000000000000000000,__ _h_ __a___ _______ ______ __ ___ _____n _______ f____ ____d ___ _______s __ ___ ________ __ ______
514,You have enemies Good That means youve stood up for something sometime in your life,69,9,3_5_6_27_41_43_49_56_63,001011000000000000000000001000000000000010100000100000010000001000000,__u _av_ _______ ____ ____ ____s _____ _____ __ _o_ s_____i__ ____t___ __ _o__ ____
515,I have loved the stars too fondly to be fearful of the night,48,6,6_8_14_27_31_46,000001010000010000000000001000100000000000000100,_ ____ l_v__ ___ s____ ___ _____y __ _e _______ __ ___ __g__
516,You dont love someone for their looks or their clothes or for their fancy car but because they sing a song only you can hear,100,6,4_11_14_41_44_96,0001000000100100000000000000000000000000100100000000000000000000000000000000000000000000000000010000,___ d___ ___e __m____ ___ _____ _____ __ _____ __o__e_ __ ___ _____ _____ ___ ___ _______ ____ ____ _ ____ ____ ___ __n ____
517,The boy never cried again and he never forgot what hed learned That to love is to destroy and that to be loved is to be the one destroyed,109,7,12_21_62_69_73_77_86,0000000000010000000010000000000000000000000000000000000000000100000010001000100000000100000000000000000000000,___ ___ _____ c____ ____n ___ __ _____ ______ ____ ___ _______ ____ __ ____ i_ __ ___t___ a__ _h__ __ __ __v__ __ __ __ ___ ___ _________
518,The wound is the place where the Light enters you,40,6,8_9_26_27_30_33,0000000110000000000000000110010010000000,___ ____d i_ ___ _____ _____ __e L__h_ _n____ ___
519,For you a thousand times over,24,7,1_4_12_15_17_18_22,100100000001001011000100,F__ y__ _ ____s__d _im__ _v__
520,Think before you speak Read before you think,37,7,1_3_8_14_16_18_23,1010000100000101010000100000000000000,T_i__ __f___ __u _p_a_ ___d ______ ___ _____
521,Whether you think you can or you think you cant youre right,48,6,2_4_15_21_29_40,010100000000001000001000000010000000000100000000,_h_t___ ___ ____k ___ __n __ ___ __i__ ___ ____ _o___ _____
522,Once you learn to read you will be forever free,38,5,3_4_5_8_18,00111001000000000100000000000000000000,__ce y__ l____ __ ___d ___ ____ __ _______ ____
523,Think of all the beauty still left around you and be happy,47,5,18_22_32_38_46,00000000000000000100010000000001000001000000010,_____ __ ___ ___ ____t_ __i__ ____ ___u__ ___ a__ __ ___p_
524,Whoever fights monsters should see to it that in the process he does not become a monster And if you gaze long enough into an abyss the abyss will gaze back into you,133,9,2_25_38_62_65_68_82_104_116,0100000000000000000000001000000000000100000000000000000000000100100100000000000001000000000000000000000100000000000100000000000000000,_h_____ ______ ________ ___u__ ___ __ __ ___t __ ___ _______ __ ____ ___ __c__e _ _o_____ ___ __ ___ g___ ____ ______ ____ __ __y__ ___ _____ _i__ ____ ____ ____ ___
525,Two people in love alone isolated from the world thats beautiful,54,7,7_19_24_28_29_41_54,000000100000000000100001000110000000000010000000000001,___ ___p__ __ ____ ___n_ ___l___d f___ ___ _____ t____ ________l
526,Give a girl the right shoes and she can conquer the world,46,5,1_3_14_27_46,1010000000000100000000000010000000000000000001,G_v_ _ ____ ___ _i___ _____ ___ _h_ ___ _______ ___ ____d
527,Faith is taking the first step even when you cant see the whole staircase,60,7,5_12_13_30_51_53_57,000010000001100000000000000001000000000000000000001010001000,____h __ ____ng ___ _____ ____ ____ w___ ___ ____ ___ ___ ____e _t___c___
528,Do not wait to strike till the iron is hot but make it hot by striking,55,4,1_12_19_36,1000000000010000001000000000000000010000000000000000000,D_ ___ ____ __ s_____ _i__ ___ ____ __ ___ __t ____ __ ___ __ ________
529,Never let your sense of morals prevent you from doing what is right,55,8,3_11_13_21_26_32_36_42,0010000000101000000010000100000100010000010000000000000,__v__ ___ __u_ s____ __ _o____ p_____t ___ f___ __i__ ____ __ _____
530,Great minds discuss ideas average minds discuss events small minds discuss people,70,4,9_13_26_66,0000000010001000000000000100000000000000000000000000000000000000010000,_____ ___d_ __s____ _____ ___r___ _____ _______ ______ _____ _____ _______ _e____
531,If all else perished and he remained I should still continue to be and if all else remained and he were annihilated the universe would turn to a mighty stranger,131,10,2_10_15_23_43_53_86_101_104_123,01000000010000100000001000000000000000000010000000001000000000000000000000000000000001000000000000001001000000000000000000100000000,_f ___ ____ p____h__ ___ __ r_______ _ ______ _____ c_______ __ b_ ___ __ ___ ____ ________ ___ __ ____ __n________ ___ ___v__s_ _____ ____ __ _ _____y ________
532,I want to stand as close to the edge as I can without going over Out on the edge you see all kinds of things you cant see from the center,107,10,16_28_32_33_42_63_87_93_96_97,00000000000000010000000000010001100000000100000000000000000000100000000000000000000000100000100110000000000,_ ____ __ _____ __ _l___ __ ___ ___e __ _ ca_ _______ g____ ____ ___ __ ___ ____ y__ ___ ___ _____ __ ______ __u ____ _e_ _ro_ ___ ______
533,The best index to a persons character is how he treats people who cant do him any good and how he treats people who cant fight back,105,9,5_19_20_26_64_86_92_100_102,000010000000000000110000010000000000000000000000000000000000000100000000000000000000010000010000000101000,___ _e__ _____ __ _ ___so__ ___r_____ __ ___ __ ______ ______ ___ ____ __ ___ _n_ ____ ___ ___ __ ______ __o___ __o ____ ___h_ b___
534,This above all to thine own self be true And it must follow as the night the day Thou canst not then be false to any man,94,10,3_6_9_26_38_39_47_55_79_93,0010010010000000000000000100000000000110000000100000001000000000000000000000001000000000000010,__i_ _b__e ___ __ _____ ___ ___f __ ____ ___ __ mu__ _____w __ ___ __g__ ___ ___ ____ _____ ___ ___n __ _____ __ ___ _a_
535,You know you could live a thousand lifetimes and not deserve him,53,8,4_7_11_13_28_30_31_35,00010010001010000000000000010110001000000000000000000,___ k__w ___ c_u__ ____ _ _______d _if___m__ ___ ___ _______ ___
536,Courage is the most important of all the virtues because without courage you cant practice any other virtue consistently,102,9,7_18_48_59_60_63_70_97_100,000000100000000001000000000000000000000000000001000000000011001000000100000000000000000000000000100100,______e __ ___ ____ _m_______ __ ___ ___ _______ _______ w______ ____ag_ _o_ ____ _r______ ___ _____ ______ ______t__t__
537,Were all going to die all of us what a circus That alone should make us love each other but it doesnt We are terrorized and flattened by trivialities we are eaten up by nothing,142,10,44_52_64_78_95_97_102_111_115_119,0000000000000000000000000000000000000000000100000001000000000001000000000000010000000000000000101000010000000010001000100000000000000000000000,____ ___ _____ __ ___ ___ __ __ ____ _ ______ ____ ____e ______ _a__ __ ____ ___h _____ ___ __ ___s__ __ ___ _________d _n_ ___t_____ __ _r___a___i__ __ ___ _____ __ __ _______
538,Go confidently in the direction of your dreams Live the life you have imagined,65,5,6_11_12_22_34,00000100001100000000010000000000010000000000000000000000000000000,__ ___f____tl_ __ ___ ___e_____ __ ____ d_____ ____ ___ ____ ___ ____ ________
539,She was a girl who knew how to be happy even when she was sad And thats important you know,71,8,11_29_31_32_45_56_68_71,00000000001000000000000000001011000000000000100000000001000000000001001,___ ___ _ ___l ___ ____ ___ __ __ ___p_ ev__ ____ ___ ___ s__ ___ _____ i________ ___ k__w
540,Books so special and rare and yours that advertising your affection feels like a betrayal,75,10,1_9_24_25_41_42_51_60_61_70,100000001000000000000001100000000000000011000000001000000001100000000100000,B____ __ _p_____ ___ ____ __d y____ ____ _______si__ ____ __f______ __el_ ____ _ __t_____
541,Where is human nature so weak as in the bookstore,40,5,13_14_16_19_32,0000000000001101001000000000000100000000,_____ __ _____ na_u__ s_ ____ __ __ ___ b________
542,Books are mirrors you only see in them what you already have inside you,58,9,1_28_32_42_48_50_52_54_58,1000000000000000000000000001000100000000010000010101010001,B____ ___ _______ ___ ____ ___ __ t___ w___ ___ ___e___ __v_ i_s_d_ __u
543,If at first you dont succeed try try again Then quit No use being a damn fool about it,68,8,3_5_7_8_11_20_30_37,00101011001000000001000000000100000010000000000000000000000000000000,__ a_ f_rs_ _o_ ____ ___c___ ___ ___ a____ __e_ ____ __ ___ _____ _ ____ ____ _____ __
544,What is a friend A single soul dwelling in two bodies,43,7,2_3_28_36_38_39_40,0110000000000000000000000001000000010111000,_ha_ __ _ ______ _ ______ ____ ___l____ __ _w_ bod___
545,If you remember me then I dont care if everyone else forgets,49,9,5_14_17_21_27_38_41_44_46,0000100000000100100010000010000000000100100101000,__ __u ________ m_ _h__ _ d___ __r_ __ _______e __s_ _o_g___
546,Waiting is painful Forgetting is painful But not knowing which to do is the worst kind of suffering,82,7,1_22_29_35_75_77_78,1000000000000000000001000000100000100000000000000000000000000000000000000010110000,W______ __ _______ _____t____ __ p_____l ___ ___ _______ _____ __ __ __ ___ _____ ____ __ _u_fe____
547,You may tell a tale that takes up residence in someones soul becomes their blood and self and purpose That tale will move them and drive them and who knows that they might do because of it because of your words That is your role your gift,192,11,27_40_63_65_81_92_99_102_126_163_170,000000000000000000000000001000000000000100000000000000000000001010000000000000001000000000010000001001000000000000000000000001000000000000000000000000000000000000100000010000000000000000000000,___ ___ ____ _ ____ ____ _____ __ r________ __ __m_____ ____ _______ _____ _l_o_ ___ ____ ___ ____o__ ____ ____ w___ ___e __e_ ___ _____ ____ ___ ___ ____s ____ ____ _____ __ _______ __ __ _______ __ _o__ ____s ____ __ ____ ____ ____ ____
548,I cant imagine a man really enjoying a book and reading it only once,55,5,3_21_27_33_48,0010000000000000000010000010000010000000000000010000000,_ _a__ _______ _ ___ ____l_ ____y___ _ _o__ ___ _______ __ o___ ____
549,For the two of us home isnt a place It is a person And we are finally home,57,5,3_19_35_56_57,001000000000000000100000000000000010000000000000000000011,__r ___ ___ __ __ ____ _s__ _ _____ __ __ _ __r___ ___ __ ___ _______ __me
550,The most important thing is to enjoy your life to be happy its all that matters,64,7,18_22_33_46_53_62_63,0000000000000000010001000000000010000000000001000000100000000110,___ ____ _________ _h___ i_ __ _____ __u_ ____ __ __ ___p_ ___ __l ____ ____er_
551,The very essence of romance is uncertainty,36,6,4_14_16_18_19_26,000100000000010101100000010000000000,___ v___ ______e _f _om____ __ u__________
552,Accept yourself love yourself and keep moving forward If you want to fly you have to give up what weighs you down,92,8,2_45_46_59_65_82_83_84,01000000000000000000000000000000000000000000110000000000001000001000000000000000011100000000,_c____ ________ ____ ________ ___ ____ ______ _____rd __ ___ ____ __ _l_ ___ _a__ __ ____ __ ____ __igh_ ___ ____
553,The most courageous act is still to think for yourself Aloud,50,6,4_5_13_25_34_46,00011000000010000000000010000000010000000000010000,___ mo__ _____g____ ___ __ __i__ __ ____k ___ ________ A____
554,People arent either wicked or noble Theyre like chefs salads with good things and bad things chopped and mixed together in a vinaigrette of confusion and conflict,136,10,8_19_22_30_72_93_96_102_107_124,0000000100000000001001000000010000000000000000000000000000000000000000010000000000000000000010010000010000100000000000000001000000000000,______ _r___ ______ _i__e_ __ ____e ______ ____ _____ ______ ____ ____ ______ ___ ___ t_____ _______ ___ _____ t__e____ _n _ ___a_______ __ _______o_ ___ ________
555,What matters most is how well you walk through the fire,45,8,3_4_10_12_19_41_42_43,001100000101000000100000000000000000000011100,__at _____r_ m___ __ _o_ ____ ___ ____ _______ __e fi__
556,Never be bullied into silence Never allow yourself to be made a victim Accept no ones definition of your life define yourself,104,9,3_8_17_48_95_98_99_102_104,00100001000000001000000000000000000000000000000100000000000000000000000000000000000000000000001001100101,__v__ __ b______ __t_ _______ _____ _____ ________ __ __ m___ _ ______ ______ __ ____ __________ __ ____ ____ ____n_ _ou__e_f
557,All animals are equal but some animals are more equal than others,54,7,9_10_15_19_20_27_51,000000001100001000110000001000000000000000000000001000,___ _____ls ___ _q___ bu_ ____ _n_____ ___ ____ _____ ____ __h___
558,The unexamined life is not worth living,33,4,8_10_16_27,000000010100000100000000001000000,___ ____a_i___ __f_ __ ___ ____h ______
559,Be mindful Be grateful Be positive Be true Be kind,41,5,14_21_22_24_33,00000000000001000000110100000000100000000,__ _______ __ __a_____ _e p_s_____ __ _r__ __ ____
560,The real lover is the man who can thrill you by kissing your forehead or smiling into your eyes or just staring into space,99,8,9_30_38_55_59_70_80_98,000000001000000000000000000001000000010000000000000000100010000000000100000000010000000000000000010,___ ____ _o___ __ ___ ___ ___ ___ ___i__ ___ __ k______ ____ ______a_ __ s______ ____ y___ ____ __ j___ _______ ____ ___c_
561,There is always some madness in love But there is also always some reason in madness,69,7,2_12_16_21_29_32_44,010000000001000100001000000010010000000000010000000000000000000000000,_h___ __ ____y_ __m_ ___n___ __ __v_ _u_ _____ __ ___o ______ ____ ______ __ _______
562,Love is so short forgetting is so long,31,6,1_3_4_11_14_16,1011000000100101000000000000000,L_ve __ __ __o__ f_r_______ __ __ ____
563,You may not control all the events that happen to you but you can decide not to be reduced by them,78,8,24_28_36_44_66_70_71_78,000000000000000000000001000100000001000000010000000000000000000001000110000001,___ ___ ___ _______ ___ ___ _v___s ____ ___p__ __ ___ b__ ___ ___ ______ ___ __ __ r___ce_ __ ___m
564,Respect other peoples feelings It might mean nothing to you but it could mean everything to them,80,8,4_9_52_57_58_59_60_72,00010000100000000000000000000000000000000000000000010000111100000000000100000000,___p___ _t___ _______ ________ __ _____ ____ _______ __ ___ _u_ __ _ould ____ _______i__ __ ____
565,Man is least himself when he talks in his own person Give him a mask and he will tell you the truth,78,9,18_38_40_43_45_51_57_63_76,000000000000000001000000000000000000010100101000001000001000001000000000000100,___ __ _____ _______ w___ __ _____ __ ___ ___ _e_s__ G_v_ ___ _ m___ __d __ ___l ____ ___ ___ __u__
566,If you cant fly then run if you cant run then walk if you cant walk then crawl but whatever you do you have to keep moving forward,103,6,10_22_40_45_73_74,0000000001000000000001000000000000000001000010000000000000000000000000001100000000000000000000000000000,__ ___ ____ f__ ____ ___ __ y__ ____ ___ ____ ____ i_ ___ c___ ____ ____ _____ ___ ________ yo_ __ ___ ____ __ ____ ______ _______
567,I didnt want to wake up I was having a much better time asleep And thats really sad It was almost like a reverse nightmare like when you wake up from a nightmare youre so relieved I woke up into a nightmare,165,9,23_24_33_35_51_68_99_123_142,000000000000000000000011000000001010000000000000001000000000000000010000000000000000000000000000001000000000000000000000001000000000000000000100000000000000000000000,_ _____ ____ __ ____ __ _ ___ ha____ _ ___h _e____ ____ ______ _n_ _____ ______ ___ _t ___ ______ ____ _ _______ _________ l___ ____ ___ ____ __ ____ _ __g______ _____ __ _____v__ _ ____ __ ____ _ _________
568,I generally avoid temptation unless I cant resist it,44,8,3_9_15_19_24_26_32_33,00100000100000100010000101000001100000000000,_ _e_____l_ ____d ___p____o_ u_____ I c___ ______ __
569,They didnt agree on much In fact they didnt agree on anything They fought all the time and challenged each other ever day But despite their differences they had one important thing in common They were crazy about each other,184,5,104_106_113_117_144,0000000000000000000000000000000000000000000000000000000000000000000000000000000000000000000000000000000101000000100010000000000000000000000000010000000000000000000000000000000000000000,____ _____ _____ __ ____ __ ____ ____ _____ _____ __ ________ ____ ______ ___ ___ ____ ___ __________ ____ _____ ____ ___ ___ _e_p___ ___i_ __f________ ____ ___ ___ ________t _____ __ ______ ____ ____ _____ _____ ____ _____
570,Good books dont give up all their secrets at once,40,9,5_8_17_20_23_27_32_35_39,0000100100000000100100100010000100100010,____ b__k_ ____ ___e __ a__ t___r ____e__ a_ __c_
571,We are all different Dont judge understand instead,43,7,10_12_17_22_26_27_31,0000000001010000100001000110001000000000000,__ ___ ___ _i_f____t ____ j___e u___r_____ _______
572,It is not in the stars to hold our destiny but in ourselves,47,7,6_30_32_34_37_40_44,00000100000000000000000000000101010010010001000,__ __ _o_ __ ___ _____ __ ____ ___ ___t_n_ b__ i_ _u___l___
573,You never have to change anything you got up in the middle of the night to write,64,7,8_11_21_27_28_49_63,0000000100100000000010000011000000000000000000001000000000000010,___ ____r __v_ __ ______ a_____ng ___ ___ __ __ ___ ______ _f ___ _____ __ ___t_
574,Accept who you are Unless youre a serial killer,39,5,2_5_8_10_33,010010010100000000000000000000001000000,_c__p_ _h_ y__ ___ ______ _____ _ _____l ______
575,I cannot fix on the hour or the spot or the look or the words which laid the foundation It is too long ago I was in the middle before I knew that I had begun,122,6,26_35_37_72_87_118,00000000000000000000000001000000001010000000000000000000000000000000000100000000000000100000000000000000000000000000010000,_ ______ ___ __ ___ ____ __ ___ _p__ __ ___ _o_k __ ___ _____ _____ ____ ___ __________ __ i_ ___ ____ ___ _ __s __ ___ ______ ______ _ ____ ____ _ ___ b____
576,War is peace Freedom is slavery Ignorance is strength,45,5,11_27_28_38_45,000000000010000000000000001100000000010000001,___ __ _____ F______ __ _______ Ig_______ __ s______h
577,Should I kill myself or have a cup of coffee,35,5,1_2_13_22_31,11000000000010000000010000000010000,Sh____ _ ____ _y____ __ __v_ _ ___ __ _o____
578,He never went out without a book under his arm and he often came back with two,62,9,9_17_19_23_26_40_44_47_54,00000000100000001010001001000000000000010001001000000100000000,__ _____ _e__ ___ __t_o__ _ b__k _____ ___ ___ __d __ _f__n ____ __c_ ____ ___
579,We become what we think about,24,3,9_15_20,000000001000001000010000,__ ______ w___ __ t____ a____
580,A wellcomposed book is a magic carpet on which we are wafted to a world that we cannot enter in any other way,87,6,2_3_11_25_47_71,011000000010000000000000100000000000000000000010000000000000000000000010000000000000000,_ we_______s__ ____ __ _ ____c ______ __ _____ __ ___ ___t__ __ _ _____ ____ __ ______ _n___ __ ___ _____ ___
581,I was gratified to be able to answer promptly and I did I said I didnt know,59,8,5_8_10_12_18_25_26_30,00001001010100000100000011000100000000000000000000000000000,_ ___ g__t_f_e_ __ __ a___ __ _ns___ p_______ ___ _ ___ _ ____ _ _____ ____
582,Its not true that I had nothing on I had the radio on,41,2,5_22,00001000000000000000010000000000000000000,___ _o_ ____ ____ _ ___ ___h___ __ _ ___ ___ _____ __
583,Im not saying that everything is survivable Just that everything except the last thing is,75,9,3_4_20_29_34_35_36_54_70,001100000000000000010000000010000111000000000000000001000000000000000100000,__ no_ ______ ____ ____y_____ __ _u____abl_ ____ ____ ________n_ ______ ___ ____ _h___ __
584,Never allow someone to be your priority while allowing yourself to be their option,69,6,6_44_46_48_50_54,000001000000000000000000000000000000000000010101010001000000000000000,_____ a____ _______ __ __ ____ ________ _____ _____i_g _o_r___f __ __ _____ ______
585,Either write something worth reading or do something worth writing,57,4,6_13_25_54,000001000000100000000000100000000000000000000000000001000,_____r _____ _o_______ ____h _______ __ __ _________ _____ ___t___
586,So please oh please we beg we pray Go throw your TV set away And in its place you can install A lovely bookshelf on the wall Then fill the shelves with lots of books,131,6,20_37_59_70_110_114,00000000000000000001000000000000000010000000000000000000001000000000010000000000000000000000000000000000000001000100000000000000000,__ ______ __ ______ __ _e_ __ ____ __ _____ __u_ __ ___ ____ ___ __ ___ ___c_ ___ ___ ___t___ _ ______ _________ __ ___ ____ ____ ____ ___ s___v__ ____ ____ __ _____
587,Believe in yourself You are braver than you think more talented than you know and capable of more than you imagine,94,10,1_2_10_20_27_37_61_68_70_92,1100000001000000000100000010000000001000000000000000000000001000000101000000000000000000000100,Be_____ __ y_______ __u ___ ___v__ ____ ___ t____ ____ ________ ____ ___ k___ ___ c_p____ __ ____ ____ ___ ____i__
588,Dont let the fear of losing be greater than the excitement of winning,57,5,1_19_32_40_44,100000000000000000100000000000010000000100010000000000000,D___ ___ ___ ____ __ __s___ __ _______ t___ ___ _x___e____ __ _______
589,Two possibilities exist either we are alone in the Universe or we are not Both are equally terrifying,84,7,5_9_11_18_40_69_83,000010001010000001000000000000000000000100000000000000000000000000001000000000000010,___ _o___b_l_____ _x___ ______ __ ___ _____ __ t__ ________ __ __ ___ ___ ____ ___ _q_____ ________n_
590,Courage is grace under pressure,27,3,12_25_27,000000000001000000000000101,_______ __ __a__ _____ _____u_e
591,Nothing thats worthwhile is ever easy Remember that,44,6,1_4_21_24_32_38,10010000000000000000100100000001000001000000,N__h___ _____ ________l_ _s ____ ___y _____b__ ____
592,Books may well be the only true magic,30,4,2_8_10_28,010000010100000000000000000100,_o___ __y _e__ __ ___ ____ ____ __g__
593,No tears in the writer no tears in the reader No surprise in the writer no surprise in the reader,78,4,14_23_45_52,000000000000010000000010000000000000000000001000000100000000000000000000000000,__ _____ __ ___ _r____ __ __a__ __ ___ ______ __ ______s_ __ ___ w_____ __ ________ __ ___ ______
594,When youre struggling with something look at all the people around you and realize that every single person you see is struggling with something and to them its just as hard as what youre going through,166,8,46_57_77_105_116_120_142_150,0000000000000000000000000000000000000000000001000000000010000000000000000000100000000000000000000000000010000000000100010000000000000000000001000000010000000000000000,____ _____ __________ ____ _________ ____ __ ___ ___ _e____ ______ y__ ___ _______ ____ ___r_ ______ ______ ___ ___ __ ______l___ ____ ___e___n_ ___ __ ____ ___ ____ __ __r_ __ ____ y____ _____ _______
595,Life is too short to waste your time on people who dont respect appreciate and value you,72,6,3_4_28_55_57_60,001100000000000000000000000100000000000000000000000000101001000000000000,__fe __ ___ _____ __ _____ ____ __m_ __ ______ ___ ____ _______ ___r_c__t_ ___ _____ ___
596,Kiss me and you will see how important I am,34,6,6_12_15_20_24_25,0000010000010010000100011000000000,____ _e ___ __u __l_ ___ h__ _mp______ _ __
597,Men occasionally stumble over the truth but most of them pick themselves up and hurry off as if nothing had happened,96,7,52_78_83_84_89_92_96,000000000000000000000000000000000000000000000000000100000000000000000000000001000011000010010001,___ ____________ _______ ____ ___ _____ ___ ____ __ ____ ____ t_________ __ ___ _____ ___ __ _f ____in_ ___ h__p___d
598,When you have eliminated all which is impossible then whatever remains however improbable must be the truth,91,9,5_7_17_21_28_40_47_63_74,0000101000000000100010000001000000000001000000100000000000000010000000000100000000000000000,____ y_u ____ _____n___d ___ ___c_ __ ________l_ ____ _h______ _______ __w____ ______a___ ____ __ ___ _____
599,Each day means a new twentyfour hours Each day means everythings possible again You live in the moment you die in the moment you take it all one day at a time,127,10,4_23_29_42_45_47_48_58_60_119,0001000000000000000000100000100000000000010010110000000001010000000000000000000000000000000000000000000000000000000000100000000,___h ___ _____ _ ___ ______f___ __u__ ____ ___ ___n_ _v_ry______ ___s_b__ _____ ___ ____ __ ___ ______ ___ ___ __ ___ ______ ___ ____ __ ___ ___ _a_ __ _ ____
600,You must have chaos within you to give birth to a dancing star,50,7,1_9_11_18_30_34_40,10000000101000000100000000000100010000010000000000,Y__ ____ _a_e _____ _i____ ___ __ __v_ __r__ __ _ d______ ____
601,Stop acting so small You are the universe in ecstatic motion,50,7,1_3_16_18_24_25_27,10100000000000010100000110100000000000000000000000,S_o_ ______ __ ___l_ Y__ ___ th_ u_______ __ ________ ______
602,Painting is poetry that is seen rather than felt and poetry is painting that is felt rather than seen,83,7,16_23_37_43_62_72_74,00000000000000010000001000000000000010000010000000000000000001000000000101000000000,________ __ _____y ____ __ s___ ______ ____ f___ __d ______ __ ________ __a_ __ ____ __t_e_ ____ ____
603,I wonder how many people Ive looked at all my life and never seen,52,9,4_8_11_30_37_40_47_49_50,0001000100100000000000000000010000001001000000101100,_ __n___ h__ m___ ______ ___ ______ a_ ___ __ l__e ___ ___e_ se__
604,You know youre in love when you cant fall asleep because reality is finally better than your dreams,82,6,13_41_52_59_64_65,0000000000001000000000000000000000000000100000000001000000100001100000000000000000,___ ____ _____ i_ ____ ____ ___ ____ ____ ______ _e_____ _____t_ __ ___a___ _et___ ____ ____ ______
605,The simple things are also the most extraordinary things and only the wise can see them,72,6,7_15_35_47_49_72,000000100000001000000000000000000010000000000010100000000000000000000001,___ ___p__ _____s ___ ____ ___ ____ _____o_______ ____g_ a__ ____ ___ ____ ___ ___ ___m
606,Fantasy is a necessary ingredient in living its a way of looking at life through the wrong end of a telescope,89,10,3_17_23_34_41_50_59_67_84_89,00100000000000001000001000000000010000001000000001000000001000000010000000000000000100001,__n____ __ _ ______a__ ___r______ __ __v___ ___ a ___ __ ___k___ __ ___e _______ t__ _____ ___ __ _ ___e____e
607,Dont ever tell anybody anything If you do you start missing everybody,58,5,36_40_42_57_58,0000000000000000000000000000000000010001010000000000000011,____ ____ ____ _______ ________ __ ___ __ _o_ __a_t _______ _______dy
608,You have your way I have my way As for the right way the correct way and the only way it does not exist,80,8,3_6_7_30_34_46_56_79,00100110000000000000000000000100010000000000010000000001000000000000000000000010,__u __ve ____ ___ _ ____ __ ___ __ ___ t__ _i___ ___ ___ __r____ ___ __d ___ ____ ___ __ ____ ___ ___s_
609,Many people myself among them feel better at the mere sight of a book,56,7,5_12_18_45_49_51_56,00001000000100000100000000000000000000000000100010100001,____ p_____ _y____ _m___ ____ ____ ______ __ ___ ____ s___t _f _ ___k
610,What happens when people open their hearts They get better,49,3,27_32_35,0000000000000000000000000010000100100000000000000,____ _______ ____ ______ ____ _h___ _e__t_ ____ ___ ______
611,Live the Life of Your Dreams Be brave enough to live the life of your dreams according to your vision and purpose instead of the expectations and opinions of others,135,7,29_35_52_80_86_88_120,000000000000000000000000000010000010000000000000000100000000000000000000000000010000010100000000000000000000000000000001000000000000000,____ ___ ____ __ ____ ______ __ ___v_ ____g_ __ ____ ___ ____ __ y___ ______ _________ __ ____ ___i__ ___ p_r____ _______ __ ___ ____________ ___ o_______ __ ______
612,You cannot protect yourself from sadness without protecting yourself from happiness,73,5,12_15_26_60_66,0000000000010010000000000100000000000000000000000000000000010000010000000,___ ______ __o__c_ ________ _r__ _______ _______ __________ _______f ____ _a_______
613,Everyone sees what you appear to be few experience what you really are,58,8,9_28_30_34_35_43_49_55,0000000010000000000000000001010001100000001000001000001000,________ s___ ____ ___ ______ __ b_ f__ _xp_______ w___ __u _____y ___
614,I am very interested and fascinated how everyone loves each other but no one really likes each other,83,9,14_21_35_36_37_38_39_48_57,00000000000001000000100000000000001111100000000100000000100000000000000000000000000,_ __ ____ ______s___ ___ f_________ ___ _veryo__ _____ _a__ _____ _u_ __ ___ ______ _____ ____ _____
615,To be nobody but yourself in a world which is doing its best day and night to make you like everybody else means to fight the hardest battle which any human being can fight and never stop fighting,159,11,21_25_26_40_76_98_105_132_145_148_159,000000000000000000001000110000000000000100000000000000000000000000000000000100000000000000000000010000001000000000000000000000000001000000000000100100000000001,__ __ ______ ___ _______f __ _ wo___ _____ __ ___n_ ___ ____ ___ ___ _____ __ ____ ___ ____ ___r_____ ____ _____ __ _____ t__ ____e__ ______ _____ ___ _____ _____ c__ _____ ___ __v__ s___ _______g
616,Above all be the heroine of your life not the victim,42,7,1_13_14_16_25_39_42,100000000000110100000000100000000000001001,A____ ___ __ __e h_r____ __ __u_ ____ ___ ___ __c__m
617,That is part of the beauty of all literature You discover that your longings are universal longings that youre not lonely and isolated from anyone You belong,131,7,23_43_47_56_83_110_127,00000000000000000000001000000000000000000010001000000001000000000000000000000000001000000000000000000000000001000000000000000010000,____ __ ____ __ ___ ______ _f ___ __________ ___ ___c___r ____ ____ l_______ ___ _________ _______s ____ _____ ___ ______ ___ _____t__ ____ ______ ___ _e____
618,Love doesnt just sit there like a stone it has to be made like bread remade all the time made new,77,6,3_17_24_29_31_68,00100000000000001000000100001010000000000000000000000000000000000001000000000,__v_ ______ ____ __t _____ _i__ _ _t_n_ __ ___ __ __ ____ ____ _____ ______ ___ ___ _i__ ____ ___
619,There comes a time when the world gets quiet and the only thing left is your own heart So youd better learn the sound of it Otherwise youll never understand what its saying,140,9,6_13_17_80_86_105_107_122_127,00000100000010001000000000000000000000000000000000000000000000000000000000000001000001000000000000000000101000000000000001000010000000000000,_____ c____ _ _i__ _h__ ___ _____ ____ _____ ___ ___ ____ _____ ____ __ ____ ___ _____ __ ____ ____e_ ____n ___ _____ __ __ ______i_e _____ _____ ____r____d ____ ___ ______
620,Stories of imagination tend to upset those without one,46,7,1_4_13_18_28_37_42,1001000000001000010000000001000000001000010000,S__r___ __ ___g____i__ ____ __ _p___ _____ w____u_ ___
621,But luxury has never appealed to me I like simple things books being alone or with somebody who understands,89,9,31_43_45_48_50_53_64_74_83,00000000000000000000000000000010000000000010100101001000000000010000000001000000001000000,___ ______ ___ _____ ________ __ __ _ l___ ______ __i_g_ _o_k_ _e___ _____ __ w___ ______d_ ___ ____r______
622,It may be unfair but what happens in a few days sometimes even a single day can change the course of a whole lifetime,94,9,8_10_24_38_48_67_76_82_91,0000000101000000000000010000000000000100000000010000000000000000001000000001000001000000001000,__ ___ __ u_f___ ___ ____ ___p___ __ _ ___ ____ s________ _v__ _ ______ ___ ___ ___n__ ___ ___r__ __ _ w____ ____t___
623,Whatever it is youre seeking wont come in the form youre expecting,55,10,1_3_6_22_35_38_43_50_52_54,1010010000000000000001000000000000100100001000000101010,W_a__v__ __ __ _____ ____i__ ____ ____ __ t__ f___ _o___ ___e_t_n_
624,What matters in life is not what happens to you but what you remember and how you remember it,75,8,14_23_46_52_56_61_68_74,000000000000010000000010000000000000000000000100000100010000100000010000010,____ _______ __ l___ __ ___ w___ _______ __ ___ ___ ____ y__ ___e___r ___ _o_ ___ __m_____ i_
625,If you have a garden and a library you have everything you need,51,5,10_28_33_42_48,000000000100000000000000000100001000000001000001000,__ ___ ____ a ______ ___ _ _______ y__ __v_ _______i__ ___ n___
626,Friendship is born at the moment when one man says to another What You too I thought that no one but myself,86,6,10_13_26_28_49_65,00000000010010000000000001010000000000000000000010000000000000001000000000000000000000,_________p __ b___ __ ___ ____n_ w___ ___ ___ ____ __ _____e_ ____ ___ ___ _ ___u___ ____ __ ___ ___ ______
627,Why fit in when you were born to stand out,33,7,4_10_16_30_31_32_33,000100000100000100000000000001111,___ f__ __ _h__ ___ w___ ____ __ ____d out
628,You have to die a few times before you can reallylive,43,7,16_19_21_22_30_39_41,0000000000000001001011000000010000000010100,___ ____ __ ___ _ __w __m_s b_____ __u ___ _____y_i__
629,You must stay drunk on writing so reality cannot destroy you,50,7,6_16_19_23_25_36_46,00000100000000010010001010000000000100000000010000,___ __s_ ____ ____k __ w___i_g __ _______ _a____ _____o_ ___
630,There are worse crimes than burning books One of them is not reading them,60,9,25_34_38_44_50_53_54_56_57,000000000000000000000000100000000100010000010000010011011000,_____ ___ _____ ______ ____ _u_____ ___k_ __e __ ___m __ ___ r__di_g t___
631,I have great faith in fools selfconfidence my friends will call it,55,9,4_7_8_11_15_23_32_46_54,0001001100100010000000100000000100000000000001000000010,_ __v_ _re__ f___h __ _____ s________d____ __ _______ w___ ____ i_
632,The problem with the world is that the intelligent people are full of doubts while the stupid ones are full of confidence,100,7,29_36_39_43_82_91_96,0000000000000000000000000000100000010010001000000000000000000000000000000000000001000000001000010000,___ _______ ____ ___ _____ __ ____ t__ ____l__g___ p_____ ___ ____ __ ______ _____ ___ ______ ____ a__ ____ __ c____d____
633,Everyone should be able to do one card trick tell two jokes and recite three poems in case they are ever trapped in an elevator,103,6,11_40_44_46_48_60,0000000000100000000000000000000000000001000101010000000000010000000000000000000000000000000000000000000,________ __o___ __ ____ __ __ ___ ____ _____ ___l ___ j_k_s ___ ______ __r__ _____ __ ____ ____ ___ ____ _______ __ __ ________
634,Remember the time you feel lonely is the time you most need to be by yourself Lifes cruelest irony,80,8,5_10_44_45_48_51_57_65,00001000010000000000000000000000000000000001100100100000100000001000000000000000,____m___ _h_ ____ ___ ____ ______ __ ___ ____ ___ ___t n__d __ b_ __ __u_____ __f__ ________ _____
635,Prayer is not asking It is a longing of the soul It is daily admission of ones weakness It is better in prayer to have a heart without words than words without a heart,134,7,24_49_72_84_108_128_131,00000000000000000000000100000000000000000000000010000000000000000000000100000000000100000000000000000000000100000000000000000001001000,______ __ ___ ______ __ __ _ _o_____ __ ___ ____ __ __ _____ _d_______ __ ____ ________ _t __ ______ __ _r____ __ ____ _ _____ _______ w____ ____ _____ ______t _ _e___
636,One day in retrospect the years of struggle will strike you as the most beautiful,67,7,10_13_32_33_40_55_59,0000000001001000000000000000000110000001000000000000001000100000000,___ ___ __ _e__o_____ ___ _____ __ ___ug___ ___l ______ ___ __ ___ m___ b________
637,I lie to myself all the time But I never believe me,40,8,6_8_17_24_25_27_29_32,0000010100000000100000011010100100000000,_ ___ _o _y____ ___ _h_ ____ _ut _ n_v__ b______ __
638,Dont waste your time in anger regrets worries and grudges Life is too short to be unhappy,73,6,16_20_21_22_38_67,0000000000000001000111000000000000000100000000000000000000000000001000000,____ _____ ____ __m_ __ ang__ _______ ______s ___ _______ ____ __ ___ _____ __ __ u______
639,I think God in creating man somewhat overestimated his ability,53,9,6_13_19_23_27_31_32_39_53,00000100000010000010001000100011000000100000000000001,_ ____k ___ __ _r_____g ___ s___w___ ov______m____ ___ ______y
640,My ambition is handicapped by laziness,33,8,1_2_5_9_15_22_26_28,110010001000001000000100010100000,My __b___o_ __ __n______e_ __ l_z_____
641,If youre looking for sympathy youll find it between shit and syphilis in the dictionary,73,9,21_24_33_40_42_53_64_68_73,0000000000000000000010010000000010000001010000000000100000000001000100001,__ _____ _______ ___ ___p__h_ _____ __n_ __ ___w_e_ ____ ___ __p_____ __ ___ d___i____y
642,Deadlines just arent real to me until Im staring one in the face,52,7,11_22_35_36_40_49_51,0000000000100000000001000000000000110001000000001010,_________ _u__ _____ ___l __ __ _____ __ _ta___g ___ __ ___ f_c_
643,Man may have discovered fire but women discovered how to play with it,57,6,2_6_14_26_42_54,010001000000010000000000010000000000000001000000000001000,_a_ __y ____ ___c______ ____ _u_ _____ _________d ___ __ ____ __t_ __
644,What I need is the dandelion in the spring The bright yellow that means rebirth instead of destruction The promise that life can go on no matter how bad our losses That it can be good again,153,9,13_44_59_80_84_88_113_138_148,000000000000100000000000000000000000000000010000000000000010000000000000000000010001000100000000000000000000000010000000000000000000000001000000000100000,____ _ ____ __ _h_ _________ __ ___ ______ ___ ______ y_____ ____ _____ r______ _______ __ _____u___o_ __e _______ ____ ____ ___ __ __ __ m_____ ___ ___ ___ ______ ____ i_ ___ __ ___d _____
645,If you love somebody let them go for if they return they were always yours If they dont they never were,83,6,6_20_22_52_66_80,00000100000000000001010000000000000000000000000000010000000000000100000000000001000,__ ___ l___ ________ __t _h__ __ ___ __ ____ ______ ____ ____ __w___ _____ __ ___y ____ ____ _____ w___
646,Some tourists think Amsterdam is a city of sin but in truth it is a city of freedom And in freedom most people find sin,95,8,17_19_22_44_54_67_72_86,00000000000000001010010000000000000000000001000000000100000000000010000100000000000001000000000,____ ________ ____k _m__e____ __ _ ____ __ ___ ___ __ t____ __ __ _ c___ __ _______ A__ __ f______ ____ ___p__ ____ ___
647,If you are going through hell keep going,33,7,3_4_12_14_16_23_31,001100000001010100000010000000100,__ yo_ ___ ___n_ t_r____ __l_ ____ __i__
648,Education is the most powerful weapon which you can use to change the world,62,9,1_4_6_8_19_24_27_29_61,10010101000000000010000100101000000000000000000000000000000010,E__c_t_o_ __ ___ ____ p____f__ w_a___ _____ ___ ___ ___ __ ______ ___ ___l_
649,Laughter is timeless Imagination has no age And dreams are forever,56,5,2_3_18_36_51,01100000000000000100000000000000000100000000000000100000,_au_____ __ _______s ___________ ___ __ _g_ ___ ______ ___ _o_____
650,Books are my friends my companions They make me laugh and cry and find meaning in life,70,8,1_14_21_36_40_42_52_62,1000000000000100000010000000000000010001010000000001000000000100000000,B____ ___ __ ___e___ __ _o________ ____ __k_ __ l_u__ ___ ___ _n_ ____ ____i__ __ ____
651,I have found the paradox that if you love until it hurts there can be no more hurt only more love,77,10,8_9_14_16_18_36_51_54_69_77,00000001100001010100000000000000000100000000000000100100000000000000100000001,_ ____ __un_ ___ p_r_d__ ____ __ ___ ____ __t__ __ _____ _____ c__ b_ __ ____ ____ ___y ____ ___e
652,I have never listened to anyone who criticized my taste in space travel sideshows or gorillas When this occurs I pack up my dinosaurs and leave the room,125,6,22_24_38_57_71_84,00000000000000000000010100000000000001000000000000000000100000000000001000000000000100000000000000000000000000000000000000000,_ ____ _____ ________ __ _n_o__ ___ ________e_ __ _____ __ _____ ___v__ _________ __ g_______ ____ _h__ ______ _ ____ __ __ _________ ___ _____ ___ ____
653,It isnt what you have or who you are or where you are or what you are doing that makes you happy or unhappy It is what you think about it,107,8,17_23_36_59_64_79_80_97,00000000000000001000001000000000000100000000000000000000001000010000000000000011000000000000000010000000000,__ ____ ____ ___ ___e __ ___ y__ ___ __ _____ y__ ___ __ ____ ___ ___ _____ t___ _a___ ___ _____ __ _nh____ __ __ ____ ___ _h___ _____ __
654,As usual there is a great woman behind every idiot,41,9,16_20_23_25_28_33_36_37_38,00000000000000010001001010010000100111000,__ _____ _____ __ _ g___t __m_n __h___ _v__y id___
655,I had already found that it was not good to be alone and so made companionship with what there was around me sometimes with the universe and sometimes with my own insignificant self but my books were always my friends let fail all else,192,7,4_52_98_109_129_142_172,000100000000000000000000000000000000000000000000000100000000000000000000000000000000000000000000010000000000100000000000000000001000000000000100000000000000000000000000000100000000000000000000,_ __d _______ _____ ____ __ ___ ___ ____ __ __ _____ ___ __ ____ _o___________ ____ ____ _____ ___ ______ __ _________ _i__ ___ _____r__ ___ _________ ____ _y ___ _________c___ ____ ___ __ _____ ____ ______ __ f______ ___ ____ ___ ____
656,Nothing of me is original I am the combined effort of everyone Ive ever known,63,10,3_6_13_20_21_35_58_60_62_63,001001000000100000011000000000000010000000000000000000000101011,__t__n_ __ __ _s ______al _ __ ___ _______d ______ __ ________ ___ ___r _n_wn
657,They love their hair because theyre not smart enough to love something more interesting,74,6,20_21_22_40_48_60,00000000000000000001110000000000000000010000000100000000000100000000000000,____ ____ _____ ____ __cau__ ______ ___ _____ _n____ __ _o__ _________ m___ ___________
658,Why do you go away So that you can come back So that you can see the place you came from with new eyes and extra colors And the people there see you differently too Coming back to where you started is not the same as never leaving,183,8,31_44_84_91_136_153_158_175,000000000000000000000000000000100000000000010000000000000000000000000000000000000001000000100000000000000000000000000000000000000000000100000000000000001000010000000000000000100000000,___ __ ___ __ ____ __ ____ ___ ___ ____ b___ __ ____ ___ c__ ___ ___ _____ ___ ____ ____ ____ ___ ____ ___ _x___ ___o__ ___ ___ ______ _____ ___ ___ ___________ ___ _____g ____ __ _____ ___ __a____ i_ ___ ___ ____ __ ___e_ _______
659,I do not fear death I had been dead for billions and billions of years before I was born and had not suffered the slightest inconvenience from it,118,9,42_61_81_83_89_93_94_98_102,0000000000000000000000000000000000000000010000000000000000001000000000000000000010100000100011000100010000000000000000,_ __ ___ ____ _____ _ ___ ____ ____ ___ ________ ___ b_______ __ _____ ____r_ _ ___ ____ ___ ___ ___ _u_f____ _h_ __ig___s_ __c__________ ____ __
660,You cannot swim for new horizons until you have courage to lose sight of the shore,67,5,3_9_25_37_55,0010000010000000000000001000000000001000000000000000001000000000000,__u _____t ____ ___ ___ _____o__ _____ ___ _a__ _______ __ ____ __g__ __ ___ _____
661,But who prays for Satan Who in eighteen centuries has had the common humanity to pray for the one sinner that needed it most,101,4,9_31_38_82,00000000100000000000000000000010000001000000000000000000000000000000000000000000010000000000000000000,___ ___ __a__ ___ _____ ___ __ ______e_ _____r___ ___ ___ ___ ______ ________ __ ____ ___ ___ ___ __n___ ____ ______ __ ____
662,Beneath the makeup and behind the smile I am just a girl who wishes for the world,65,6,6_13_28_30_51_55,00000100000010000000000000010100000000000000000000100010000000000,_____t_ ___ __k___ ___ ______ __e _m___ _ __ ____ _ ____ ___ __s___ f__ ___ _____
663,Its a dangerous business Frodo going out your door You step onto the road and if you dont keep your feet theres no knowing where you might be swept off to,124,8,9_41_101_104_111_112_116_119,0000000010000000000000000000000000000000100000000000000000000000000000000000000000000000000000000000100100000011000100100000,___ _ ____e____ ________ _____ _____ ___ ____ __o_ ___ ____ ____ ___ ____ ___ __ ___ ____ ____ ____ ____ ______ __ _______ _h__e ___ ___ht __ _w__t ___ __
664,I never travel without my diary One should always have something sensational to read in the train,81,7,16_18_46_48_53_54_78,000000000000000101000000000000000000000000000101000011000000000000000000000001000,_ _____ ______ ___h_u_ __ _____ ___ ______ ______ ____ s_m____ng ___________ __ ____ __ ___ _r___
665,Life is pain highness Anyone who says differently is selling something,60,4,5_37_45_57,000010000000000000000000000000000000100000001000000000001000,____ i_ ____ ________ ______ ___ ____ _____r_____ __ s______ _____h___
666,Never be afraid to raise your voice for honesty and truth and compassion against injustice and lying and greed If people all over the world would do this it would change the earth,147,9,6_9_11_53_57_60_95_117_147,000001001010000000000000000000000000000000000000000010001001000000000000000000000000000000000010000000000000000000001000000000000000000000000000001,_____ b_ _f_a__ __ _____ ____ _____ ___ _______ ___ _____ ___ __m___s__n _______ _________ ___ _____ ___ _____ __ p_____ ___ ____ ___ _____ _o___ __ ____ __ _____ ______ ___ ____h
667,I dont trust people who dont love themselves and tell me I love you There is an African saying which is Be careful when a naked person offers you a shirt,123,10,35_65_66_68_78_79_81_102_104_108,000000000000000000000000000000000010000000000000000000000000000011010000000001101000000000000000000001010001000000000000000,_ ____ _____ ______ ___ ____ ____ _______v__ ___ ____ __ _ ____ ___ _____ __ __ _fr_c__ ______ _hi_h __ __ _______ ____ _ ____d _e___n ______ ___ _ _____
668,You may never know what results come of your actions But if you do nothing there will be no result,79,6,1_18_19_21_23_69,1000000000000000011010100000000000000000000000000000000000000000000010000000000,Y__ ___ _____ ____ __at _e_u___ ____ __ ____ _______ ___ __ ___ __ _______ _____ ___l __ __ ______
669,The difference between the almost right word and the right word is really a large matter tis the difference between the lightning bug and the lightning,126,7,12_57_61_76_110_115_120,000000000001000000000000000000000000000000000000000000001000100000000000000100000000000000000000000000000000010000100001000000,___ ________c_ _______ ___ ______ _____ ____ ___ ___ _____ ____ __ _e___y _ _____ ______ __s ___ __________ _______ ___ _________ _u_ ___ t__ __g______
670,Time flies like an arrow fruit flies like a banana,41,6,15_19_20_23_24_27,00000000000000100011001100100000000000000,____ _____ ____ _n ___ow __ui_ _l___ ____ _ ______
671,To go wrong in ones own way is better than to go right in someone elses,56,6,6_9_20_25_40_46,00000100100000000001000010000000000000010000010000000000,__ __ _r__g __ ____ ___ _a_ __ _e____ ____ __ __ __g__ __ _o_____ _____
672,Love does not consist of gazing at each other but in looking outward together in the same direction,82,8,12_17_26_40_46_76_77_82,0000000000010000100000000100000000000001000001000000000000000000000000000001100001,____ ____ ___ c____s_ __ _____g __ ____ _____ __t __ ___k___ _______ ________ __ ___ ____ __re____n
673,I dont go looking for trouble Trouble usually finds me,45,5,12_38_40_41_44,000000000001000000000000000000000000010110010,_ ____ __ ____i__ ___ _______ _______ ______y _in__ m_
674,What I want is to be needed What I need is to be indispensable to somebody Who I need is somebody that will eat up all my free time my ego my attention Somebody addicted to me A mutual addiction,155,9,25_42_58_61_75_92_96_128_153,00000000000000000000000010000000000000000100000000000000010010000000000000100000000000000001000100000000000000000000000000000001000000000000000000000000100,____ _ ____ __ __ __ ______ ___t _ ____ __ __ __ _____p_______ __ ______d_ _h_ _ ____ __ _____o__ ____ ____ ___ __ _l_ __ f___ ____ __ ___ __ _________ ________ a_______ __ __ _ ______ ______i__
675,Angry people are not always wise,27,5,2_3_5_10_25,011010000100000000000000100,_ng_y ____l_ ___ ___ ______ _i__
676,There is greatness in doing something you hate for the sake of someone you love,65,7,2_19_26_31_33_56_64,01000000000000000010000001000010100000000000000000000001000000010,_h___ __ _________ __ d____ __m____n_ y__ ____ ___ ___ ____ __ ____o__ ___ __v_
677,Its only after youve stepped outside your comfort zone that you begin to change grow and transform,82,10,3_15_19_29_36_51_54_68_73_79,0010000000000010001000000000100000010000000000000010010000000000000100001000001000,__s ____ _____ __u__ _t_____ ____i__ ____ c______ ____ ____ y__ b____ __ ______ _r__ __d _____f___
678,Reading was my escape and my comfort my consolation my stimulant of choice reading for the pure pleasure of it for the beautiful stillness that surrounds you when you hear an authors words reverberating in your head,179,8,6_7_24_42_100_119_127_173,00000110000000000000000100000000000000000100000000000000000000000000000000000000000000000000000000010000000000000000001000000010000000000000000000000000000000000000000000001000000,_____ng ___ __ ______ ___ __ c______ __ _________o_ __ _________ __ ______ _______ ___ ___ ____ ________ __ __ ___ ___ __a______ _________ ___t _______d_ ___ ____ ___ ____ __ _______ _____ _____________ __ _o__ ____
679,No book is really worth reading at the age of ten which is not equally and often far more worth reading at the age of fifty and beyond,107,9,14_43_46_51_55_62_93_100_102,00000000000001000000000000000000000000000010010000100010000001000000000000000000000000000000100000010100000,__ ____ __ _____y _____ _______ __ ___ ___ __ ___ ___c_ _s ___ _q___l_ ___ __t__ ___ ____ _____ _______ __ ___ ___ _f _____ _n_ b_____
680,Yesterday I was clever so I wanted to change the world Today I am wise so I am changing myself,75,8,9_11_19_25_27_30_33_52,000000001010000000100000101001001000000000000000000100000000000000000000000,________y _ w__ _____r __ _ __n_e_ _o __a___ ___ _____ _____ _ _m ____ __ _ __ ________ ______
681,Every child is an artist The problem is how to remain an artist once he grows up,64,4,20_30_47_52,0000000000000000000100000000010000000000000000100001000000000000,_____ _____ __ __ _____t ___ ______m __ ___ __ ______ __ _r____ o___ __ _____ __
682,By three methods we may learn wisdom First by reflection which is noblest Second by imitation which is easiest and third by experience which is the bitterest,131,7,33_40_41_68_69_87_129,00000000000000000000000000000000100000011000000000000000000000000001100000000000000000100000000000000000000000000000000000000000100,__ _____ _______ __ ___ _____ ______ __r__ __ __fl______ _____ __ _______ ______ by _________ _____ __ _a_____ ___ _____ __ __________ _____ __ ___ ______e__
683,A girl should be two things classy and fabulous,39,8,2_4_15_17_18_20_34_38,010100000000001011010000000000000100010,_ g_r_ ______ __ _w_ th_n__ ______ ___ __b___u_
684,It was love at first sight at last sight at ever and ever sight,50,4,24_26_33_43,00000000000000000000000101000000100000000010000000,__ ___ ____ __ _____ _____ __ l_s_ _____ a_ ____ ___ _v__ _____
685,Books are like mirrors if a fool looks in you cannot expect a genius to look out,64,8,1_18_23_37_38_39_45_50,1000000000000000010000100000000000001110000010000100000000000000,B____ ___ ____ _____r_ __ _ f___ _____ __ ___ can___ __p___ _ g_____ __ ____ ___
686,Percy wouldnt notice a joke if it danced naked in front of him wearing one of Dobbys hats,72,10,1_8_9_11_20_24_27_37_42_58,100000011010000000010001001000000000100001000000000000000100000000000000,P____ __ul_n_ ______ _ j___ i_ _t ______ ___e_ __ _r___ __ ___ _______ o__ __ ______ ____
687,My daddy said that the first time you fall in love it changes you forever and no matter how hard you try that feeling just never goes away,111,8,13_38_39_43_53_55_93_97,000000000000100000000000000000000000011000100000000010100000000000000000000000000000000000001000100000000000000,__ _____ ____ _h__ ___ _____ ____ ___ ____ __ _ov_ __ c______ ___ f_r____ ___ __ ______ ___ ____ ___ ___ ____ _____n_ __s_ _____ ____ ____
688,I dont want to die without any scars,29,6,15_16_17_20_25_28,00000000000000111001000010010,_ ____ ____ __ ___ wit__u_ ___ s__r_
689,Some people feel the rain Others just get wet,37,7,1_11_12_19_20_23_35,1000000000110000001100100000000000100,S___ ______ fe__ ___ _ai_ _t____ ____ ___ w__
690,I like living I have sometimes been wildly despairingly acutely miserable racked with sorrow but through it all I still know quite certainly that just to be alive is a grand thing,148,9,11_18_47_70_80_87_105_115_142,0000000000100000010000000000000000000000000000100000000000000000000001000000000100000010000000000000000010000000001000000000000000000000000001000000,_ ____ _____g _ ____ _o_______ ____ ______ ___________y _______ _________ ______ w___ ______ b__ ____u__ __ ___ _ _____ ____ q____ _____i___ ____ ____ __ __ _____ __ _ ___n_ _____
691,I love people who make me laugh I honestly think its the thing I like most to laugh It cures a multitude of ills Its probably the most important thing in a person,130,11,4_12_17_67_70_80_86_102_111_129_130,0001000000010000100000000000000000000000000000000000000000000000001001000000000100000100000000000000010000000010000000000000000011,_ __v_ ______ w__ __k_ __ _____ _ ________ _____ ___ ___ _____ _ ____ ____ __ _____ I_ _u___ _ _____t___ __ i___ ___ ________ _h_ ____ ___o_____ _____ __ _ ____on
692,And in the end The love you take is equal to the love you make,48,4,9_27_29_34,000000001000000000000000001010000100000000000000,___ __ ___ e__ ___ ____ ___ ____ _s _q___ _o ___ ____ ___ ____
693,The future is something which everyone reaches at the rate of sixty minutes an hour whatever he does whoever he is The real problem is what we do with the time we are given,139,6,4_37_39_40_100_105,0001000000000000000000000000000000001011000000000000000000000000000000000000000000000000000000000001000010000000000000000000000000000000000,___ f_____ __ _________ _____ ________ ___c_es __ ___ ____ __ _____ _______ __ ____ ________ __ ____ _______ __ __ ___ __a_ ___b___ __ ____ __ __ ____ ___ ____ __ ___ _____
694,I have a theory that selflessness and bravery arent all that different,59,5,9_10_31_38_57,00000000110000000000000000000010000001000000000000000000100,_ ____ _ __eo__ ____ ____________ __d ______y _____ ___ ____ ______e__
695,Truth is stranger than fiction but it is because Fiction is obliged to stick to possibilities Truth isnt,87,8,10_13_36_38_52_56_59_66,000000000100100000000000000000000001010000000000000100010010000001000000000000000000000,_____ __ __r__g__ ____ _______ ___ __ __ __c_u__ _______ __ __l___d __ s____ __ p____________ _____ ____
696,You cannot control the behavior of others but you can always choose how you respond to it,73,8,5_16_19_27_29_47_53_72,0000100000000001001000000010100000000000000000100000100000000000000000010,___ _a____ ______l __e _______r _f ______ ___ ___ ___ __w___ __o___ ___ ___ _______ __ i_
697,When he shall die Take him and cut him out in little stars And he will make the face of heaven so fine That all the world will be in love with night And pay no worship to the garish sun,145,8,17_18_25_60_91_100_129_141,0000000000000000110000001000000000000000000000000000000000010000000000000000000000000000001000000001000000000000000000000000000010000000000010000,____ __ _____ ___ __ke ___ ___ c__ ___ ___ __ ______ _____ ___ __ ____ ____ t__ ____ __ ______ __ ____ ____ ___ ___ w____ ____ b_ __ ____ ____ _____ ___ ___ __ ____h__ __ ___ ____s_ ___
698,Loyalty to country ALWAYS Loyalty to government when it deserves it,57,5,12_18_24_38_51,000000000001000001000001000000000000010000000000001000000,_______ __ __u____ _L____ _o_____ __ ______m___ ____ __ ___e____ __
699,My tastes are simple I am easily satisfied with the best,46,6,8_32_35_36_39_43,0000000100000000000000000000000100110010001000,__ _____s ___ ______ _ __ ______ _____f__d w__h ___ b___
700,With freedom flowers books and the moon who could not be perfectly happy,60,7,1_8_11_53_56_59_60,100000010010000000000000000000000000000000000000000010010011,W___ ___e__m _______ _____ ___ ___ ____ ___ _____ ___ __ ______t__ h__py
701,I dont want to lose the boy with the bread,33,6,2_9_16_24_28_30,010000001000000100000001000101000,_ d___ ___t __ ____ t__ ___ __t_ __e _r___
702,Everything was beautiful and nothing hurt,36,8,10_11_14_15_20_21_24_25,000000000110011000011001100000000000,_________g w__ be____fu_ _nd _______ ____
703,I dont mind living in a mans world as long as I can be a woman in it,51,6,3_27_40_42_45_47,001000000000000000000000001000000000000101001010000,_ _o__ ____ ______ __ _ ____ ____d __ ____ __ _ ___ b_ a __m_n __ __
704,Dont tell me the moon is shining show me the glint of light on broken glass,60,6,8_34_37_47_54_55,000000010000000000000000000000000100100000000010000001100000,____ ___l __ ___ ____ __ _______ ____ __ _h_ _l___ __ ____t __ ____en _____
705,Stories never really end even if the books like to pretend they do Stories always go on They dont end on the last page any more than they begin on the first page,129,7,4_6_50_64_82_115_122,000101000000000000000000000000000000000000000000010000000000000100000000000000000100000000000000000000000000000000100000010000000,___r_e_ _____ ______ ___ ____ __ ___ _____ ____ __ _______ _h__ __ _______ __w___ __ __ ____ ____ __d __ ___ ____ ____ ___ ____ ____ ____ ____n __ ___ _i___ ____
706,Fiction is the truth inside the lie,29,4,7_14_17_20,00000010000001001001000000000,______n __ ___ _r__h __s___ ___ ___
707,More smiling less worrying More compassion less judgment More blessed less stressed More love less hate,88,6,2_5_20_43_46_79,0100100000000000000100000000000000000000001001000000000000000000000000000000001000000000,_o__ s______ ____ ____y___ ____ __________ ____ _u__m___ ____ _______ ____ ________ ____ __v_ ____ ____
708,Like most misery it started with apparent happiness,44,8,1_9_20_22_24_35_36_41,10000000100000000001010100000000001100001000,L___ ____ m_____ __ ___r_e_ w___ _______t h____n___
709,She is too fond of books and it has turned her brain,41,7,16_18_25_27_28_37_40,00000000000000010100000010110000000010010,___ __ ___ ____ __ _o_k_ ___ __ h_s t_____ ___ b__i_
710,You do not write your life with words You write it with actions What you think is not important It is only important what you do,103,8,14_20_35_60_62_63_95_98,0000000000000100000100000000000000100000000000000000000000010110000000000000000000000000000000100100000,___ __ ___ _____ y___ __f_ ____ _____ ___ _r___ __ ____ _______ ____ ___ _h_nk __ ___ _________ __ __ ____ _________ w__t ___ __
711,You dont have to be great to start but you have to start to be great,53,4,1_17_34_38,10000000000000001000000000000000010001000000000000000,Y__ ____ ____ __ __ _r___ __ _____ ___ ___ h___ t_ _____ __ __ _____
712,Show me a hero and Ill write you a tragedy,33,7,2_10_11_12_19_28_31,010000000111000000100000000100100,_h__ __ _ __ro a__ ___ _r___ ___ _ _r__e__
713,In the case of good books the point is not to see how many of them you can get through but rather how many can get through to you,101,10,2_7_11_19_29_30_50_52_65_68,01000010001000000010000000001100000000000000000001010000000000001001000000000000000000000000000000000,_n ___ _a__ _f ____ ___k_ ___ _____ is ___ __ ___ ___ ____ __ __e_ y__ ___ ___ ____u__ b__ ______ ___ ____ ___ ___ _______ __ ___
714,She generally gave herself very good advice though she very seldom followed it,66,7,1_9_10_12_13_36_62,100000001101100000000000000000000001000000000000000000000000010000,S__ _____al_y g___ _______ ____ ____ ____c_ ______ ___ ____ ______ _____w__ __
715,Its just that I dont want to be somebodys crush If somebody likes me I want them to like the real me not what they think I am And I dont want them to carry it around inside I want them to show me so I can feel it too,167,9,8_31_36_54_86_88_106_139_163,00000001000000000000000000000010000100000000000000000100000000000000000000000000000001010000000000000000010000000000000000000000000000000010000000000000000000000010000,___ ____ t___ _ ____ ____ __ __ ______d__ __u__ __ ________ _____ m_ _ ____ ____ __ ____ ___ ____ __ ___ ___t _h__ _____ _ __ ___ _ ___t ____ ____ __ _____ __ ______ ______ _ __n_ ____ __ ____ __ __ _ ___ ____ i_ ___
716,Its strange because sometimes I read a book and I think I am the people in the book,66,6,8_9_11_16_40_64,000000011010000100000000000000000000000100000000000000000000000100,___ ____ng_ b____s_ _________ _ ____ _ ____ ___ I _____ _ __ ___ ______ __ ___ _o__
717,Its a metaphor see You put the killing thing right between your teeth but you dont give it the power to do its killing,95,10,9_13_14_26_40_50_72_87_92_93,00000000100011000000000001000000000000010000000001000000000000000000000100000000000000100001100,___ _ ____p___ se_ ___ ___ ___ _i_____ _____ ___h_ _______ _o__ _____ ___ ___ ____ ____ i_ ___ _____ __ __ _t_ ___li__
718,The nicest thing for me is sleep then at least I can dream,46,8,2_5_6_26_27_33_36_40,0100110000000000000000000110000010010001000000,_h_ _ic___ _____ ___ __ __ ____p t___ __ l__s_ _ _a_ _____
719,I cannot remember the books Ive read any more than the meals I have eaten even so they have made me,79,3,14_40_79,0000000000000100000000000000000000000001000000000000000000000000000000000000001,_ ______ ______e_ ___ _____ ___ ____ ___ ____ __a_ ___ _____ _ ____ _____ ____ __ ____ ____ ____ _e
720,All grownups were once children but only few of them remember it,53,8,4_9_22_31_39_40_44_45,00010000100000000000010000000010000000110001100000000,___ g____u__ ____ ____ __i_____ ___ o___ ___ _f t___ re______ __
721,My nightmares are usually about losing you Im okay once I realize youre here,63,9,6_13_24_27_30_33_46_49_57,000001000000100000000001001001001000000000000100100000001000000,__ ___h______ a__ _______ _b__t __s__g ___ __ ____ ___e _ _e_____ __u__ ____
722,And perhaps it is the greater grief after all to be left on earth when another is gone,69,8,9_27_36_45_52_53_66_68,000000001000000000000000001000000001000000001000000110000000000001010,___ _____p_ __ __ ___ _______ __i__ _____ _l_ __ __ ___t __ ____h w___ _______ __ g_n_
723,I am not sure exactly what heaven will be like but I know that when we die and it comes time for God to judge us He will not ask How many good things have you done in your life rather He will ask How much love did you put into what you did,186,12,12_26_36_48_66_68_73_74_81_119_128_133,000000000001000000000000010000000001000000000001000000000000000001010000110000001000000000000000000000000000000000000010000000010000100000000000000000000000000000000000000000000000000000,_ __ ___ ____ _x_____ ____ ____e_ ____ __ __k_ ___ _ ____ __a_ ____ __ ___ ___ __ __m_s ____ fo_ ___ __ j____ __ __ ____ ___ ___ ___ ____ ____ ______ __v_ ___ ____ i_ ___r ____ ______ __ ____ ___ ___ ____ ____ ___ ___ ___ ____ ____ ___ ___
724,No medicine cures what happiness cannot,34,4,12_14_17_25,0000000000010100100000001000000000,__ ________ _u_e_ _h__ _____n___ ______
725,Fire is catching And if we burn you burn with us,38,7,4_7_11_13_26_33_37,00010010001010000000000001000000100010,___e __ c___h_n_ ___ __ __ ____ y__ ____ w___ u_
726,I will not say do not weep for not all tears are an evil,43,7,2_3_7_11_18_21_30,0110001000100000010010000000010000000000000,_ wi__ _o_ __y __ ___ _e__ f__ ___ ___ t____ ___ __ ____
727,I was never really insane except upon occasions when my heart was touched,61,7,10_18_29_33_41_45_49,0000000001000000010000000000100010000000100010001000000000000,_ ___ _____ r_____ __s___ ______ _p__ _c_______ w___ m_ __a__ ___ _______
728,The road to hell is paved with adverbs,31,5,1_14_21_29_30,1000000000000100000010000000110,T__ ____ __ ____ i_ _____ w___ ____rb_
729,People generally see what they look for and hear what they listen for,57,8,1_3_7_12_31_36_41_48,101000100001000000000000000000100001000010000001000000000,P_o___ g____a___ ___ ____ ____ ____ f__ __d ____ w___ ___y ______ ___
730,Death must be so beautiful To lie in the soft brown earth with the grasses waving above ones head and listen to silence To have no yesterday and no tomorrow To forget time to forgive life to be at peace,163,4,8_16_131_157,0000000100000001000000000000000000000000000000000000000000000000000000000000000000000000000000000000000000000000000000000000000000100000000000000000000000001000000,_____ __s_ __ __ __a______ __ ___ __ ___ ____ _____ _____ ____ ___ _______ ______ _____ ____ ____ ___ ______ __ _______ __ ____ __ _________ ___ __ ________ __ _o____ ____ __ _______ ____ __ __ a_ _____
731,What kind of monster could possibly hate chocolate,43,7,11_13_17_22_27_35_37,0000000000101000100001000010000000101000000,____ ____ __ m_n___r ____d ____i___ ____ c_o______
732,Love is a fire But whether it is going to warm your hearth or burn down your house you can never tell,80,8,8_28_43_44_57_69_73_74,00000001000000000000000000010000000000000011000000000000100000000000100011000000,____ __ _ f___ ___ _______ __ __ __i__ __ ____ ____ __ar__ __ ____ ____ y___ _____ ___ c__ _ev__ ____
733,Love never dies a natural death It dies because we dont know how to replenish its source It dies of blindness and errors and betrayals It dies of illness and wounds it dies of weariness of witherings of tarnishings,176,10,35_58_88_103_131_155_162_167_173_176,00000000000000000000000000000000001000000000000000000000010000000000000000000000000000010000000000000010000000000000000000000000001000000000000000000000001000000100001000001001,____ _____ ____ _ _______ _____ __ ____ __c____ __ ____ ____ ___ __ ___l_____ ___ ______ __ ____ __ _______s_ ___ ______ ___ _e_______ __ ____ __ _______ ___ __u___ __ ____ __ _________ __ _i______g_ __ _a_____i__s
734,The town was paper but the memories were not,36,7,1_6_7_10_13_16_24,100001100100100100000001000000000000,T__ __wn __s __p__ b__ ___ __m_____ ____ ___
735,Fear doesnt shut you down it wakes you up,33,8,1_6_7_11_13_22_27_30,100001100010100000000100001001000,F___ _oe___ s_u_ ___ ____ i_ ___e_ _o_ __
736,Freedom is not worth having if it does not include the freedom to make mistakes,65,9,7_25_36_37_38_59_61_62_63,00000010000000000000000010000000000111000000000000000000001011100,______m __ ___ _____ ______ _f __ ____ ___ _ncl___ ___ _______ __ ____ _i_tak__
737,In the midst of winter I found there was within me an invincible summer And that makes me happy For it says that no matter how hard the world pushes against me within me theres something stronger something better pushing right back,190,8,21_33_50_54_121_126_148_189,0000000000000000000010000000000010000000000000000100010000000000000000000000000000000000000000000000000000000000000000001000010000000000000000000001000000000000000000000000000000000000000010,__ ___ _____ __ ______ _ _o___ _____ ___ w_____ __ __ _______b__ _u____ ___ ____ _____ __ _____ ___ __ ____ ____ __ ______ ___ ____ ___ _____ ______ _g____t __ ______ __ ______ _____h___ ________ _________ ______ _______ _____ __c_
738,If you look for perfection youll never be content,41,5,10_13_18_39_41,00000000010010000100000000000000000000101,__ ___ ____ f__ p____c____ _____ _____ __ ____e_t
739,I did then what I knew how to do Now that I know better I do better,51,5,30_37_38_42_48,000000000000000000000000000001000000110001000001000,_ ___ ____ ____ _ ____ ___ __ __ ___ __a_ _ ____ be___r _ __ __t___
740,But I know somehow that only when it is dark enough can you see the stars,58,8,11_24_28_38_40_42_45_56,0000000000100000000000010001000000000101010010000000000100,___ _ ____ __m____ ____ ____ w___ i_ __ ____ __o_g_ c__ y__ ___ ___ __a__
741,Live travel adventure bless and dont be sorry,38,6,1_5_13_26_33_37,10001000000010000000000001000000100010,L___ t_____ __v______ _____ _n_ ____ _e ___r_
742,Lifes under no obligation to give us what we expect,42,5,3_7_16_17_23,001000100000000110000010000000000000000000,__f__ _n___ __ ___ig_____ t_ ____ __ ____ __ ______
743,Books are the mirrors of the soul,27,5,1_4_16_22_27,100100000000000100000100001,B__k_ ___ ___ ____o__ __ _h_ ___l
744,You have power over your mind not outside events Realize this and you will find strength,73,6,1_16_33_58_61_69,1000000000000001000000000000000010000000000000000000000001001000000010000,Y__ ____ _____ ___r ____ ____ ___ _____d_ ______ _______ ____ ___ ___ w__l ____ ___e____
745,It kills me sometimes how people die,30,6,3_12_15_21_22_24,001000000001001000001101000000,__ k____ __ __m__i___ __w p_o___ ___
746,I hate to hear you talk about all women as if they were fine ladies instead of rational creatures None of us want to be in calm waters all our lives,118,10,8_29_65_66_68_70_84_85_98_118,0000000100000000000000000000100000000000000000000000000000000000110101000000000000011000000000000100000000000000000001,_ ____ __ h___ ___ ____ _____ ___ __m__ __ __ ____ ____ ____ ______ _______ __ __ti_n_l _________ ____ of __ ____ __ __ __ c___ ______ ___ ___ ____s
747,Nobody can hurt me without my permission,34,8,2_5_7_16_19_21_22_26,0100101000000001001011000100000000,_o__d_ c__ ____ __ w__h_ut __ _e________
748,Unbeing dead isnt being alive,25,3,1_5_10,1000100001000000000000000,U___i__ __a_ ____ _____ _____
749,Everyone seems to have a clear idea of how other people should lead their lives but none about his or her own,88,10,1_12_22_31_40_49_56_63_74_75,1000000000010000000001000000001000000001000000001000000100000010000000000110000000000000,E_______ ___m_ __ ____ _ _l___ ____ _f ___ _____ p_____ ___u__ ____ t____ __v__ ___ ____ _bo__ ___ __ ___ ___
750,It is good to love many things for therein lies the true strength and whosoever loves much performs much and can accomplish much and what is done in love is well done,135,5,29_82_108_116_133,000000000000000000000000000010000000000000000000000000000000000000000000000000000100000000000000000000000001000000010000000000000000100,__ __ ____ __ ____ ____ ______ ___ _h_____ ____ ___ ____ ________ ___ _________ _____ ____ _______s ____ ___ ___ __________ ____ _n_ ____ __ d___ __ ____ __ ____ _o__
751,Nobody likes being alone that much I dont go out of my way to make friends thats all It just leads to disappointment,94,8,6_28_53_54_55_59_68_91,0000010000000000000000000001000000000000000000000000111000100000000100000000000000000000001000,_____y _____ _____ _____ ____ __c_ _ ____ __ ___ __ __ ___ __ ____ fri___s _____ ___ I_ ____ _____ __ __________m___
752,The past is a place of reference not a place of residence the past is a place of learning not a place of living,88,8,36_42_51_52_74_76_77_85,0000000000000000000000000000000000010000010000000011000000000000000000000101100000001000,___ ____ __ _ _____ __ _________ ___ _ _____ o_ ____d____ ___ _as_ __ _ _____ __ ________ __t _ pl___ __ __v___
753,Happiness is having a large loving caring closeknit family in another city,63,4,15_38_39_56,000000000000001000000000000000000000011000000000000000010000000,_________ __ ___i__ _ _____ ______ ______ __os_____ ______ __ ___t___ ____
754,You are the answer to every prayer Ive offered You are a song a dream a whisper and I dont know how I could have lived without you for as long as I have,119,4,31_52_63_65,00000000000000000000000000000010000000000000000000010000000000101000000000000000000000000000000000000000000000000000000,___ ___ ___ ______ __ _____ ______ __e _______ ___ ___ _ ____ _ _r___ _ ______r _n_ _ ____ ____ ___ _ _____ ____ _____ _______ ___ ___ __ ____ __ _ ____
755,I read so I can live more than one life in more than one place,48,4,6_15_29_42,000001000000001000000000000010000000000001000000,_ ____ s_ _ ___ ___e ____ ____ ___ __f_ __ ____ ____ _n_ _____
756,Be careful of love Itll twist your brain around and leave you thinking up is down and right is wrong,81,8,3_7_14_30_31_51_59_64,001000100000010000000000000001100000000000000000001000000010000100000000000000000,__ c___f__ __ __v_ ____ _____ ____ _ra__ ______ ___ _____ ___ t_______ u_ __ _o__ ___ _____ __ _____
757,There is nothing in the world so irresistibly contagious as laughter and good humor,70,8,9_12_20_23_34_36_38_41,0000000010010000000100100000000001010100100000000000000000000000000000,_____ __ _o__i__ __ ___ w__l_ __ _______t_b_y __n_______ __ ________ ___ ____ _____
758,If pain must come may it come quickly Because I have a life to live and I need to live it in the best way possible If he has to make a choice may he make it now Then I will either wait for him or forget him,159,6,13_24_45_83_95_123,000000000000100000000001000000000000000000001000000000000000000000000000000000000010000000000010000000000000000000000000001000000000000000000000000000000000000,__ ____ ____ __m_ ___ __ ____ q______ _______ _ ____ _ _i__ __ ____ ___ _ ____ __ ____ __ __ ___ ____ ___ _o______ __ __ _a_ __ ____ _ ______ ___ __ ____ __ __w ____ _ ____ ______ ____ ___ ___ __ ______ ___
759,I think if it is true that there are as many minds as there are heads then there are as many kinds of love as there are hearts,99,8,8_31_32_34_54_58_76_81,000000010000000000000000000000110100000000000000000001000100000000000000000100001000000000000000000,_ _____ _f __ __ ____ ____ _____ ___ __ ma_y _____ __ _____ ___ ____s ___n _____ ___ __ ____ ___d_ __ _o__ __ _____ ___ ______
760,The best and most beautiful things in the world cannot be seen or even touched They must be felt with the heart,90,5,4_22_51_68_72,000100000000000000000100000000000000000000000000001000000000000000010001000000000000000000,___ b___ ___ ____ _______u_ ______ __ ___ _____ ______ __ ___n __ ____ _______ ___y ___t __ ____ ____ ___ _____
761,None of us really changes over time We only become more fully what we are,59,7,22_27_36_44_45_50_51,00000000000000000000010000100000000100000001100001100000000,____ __ __ ______ _______ o___ _i__ __ ____ b_____ __re ____y w___ __ ___
762,The truth does not change according to our ability to stomach it,53,7,6_19_26_37_39_46_49,00000100000000000010000001000000000010100000010010000,___ __u__ ____ ___ ___n__ ____r____ __ ___ _b_l___ __ _t__a__ __
763,People havent always been there for me but music always has,49,6,9_10_30_32_42_46,0000000011000000000000000000010100000000010001000,______ __ve__ ______ ____ _____ __r _e ___ _____ _l___s ___
764,Words are of course the most powerful drug used by mankind,48,10,6_7_11_16_18_23_24_35_42_47,000001100010000101000011000000000010000001000010,_____ ar_ __ c____e _h_ ___t p_______ ___g ____ __ m____n_
765,He who has a why to live for can bear almost any how,40,7,2_3_12_15_17_21_25,0110000000010010100010001000000000000000,_e w__ ___ _ __y __ l_v_ __r ___ b___ ______ ___ ___
766,Wrinkles should merely indicate where the smiles have been,50,9,10_11_12_15_17_20_24_44_47,00000000011100101001000100000000000000000001001000,________ _hou__ m_r__y ___i____ _____ ___ ______ _a__ b___
767,What I say is a town isnt a town without a bookstore It may call itself a town but unless its got a bookstore it knows its not foolin a soul,110,8,21_36_46_47_56_66_78_101,00000000000000000000100000000000000100000000011000000001000000000100000000000100000000000000000000001000000000,____ _ ___ __ _ ____ ____ _ t___ _______ _ ___k_____ __ __y c___ _____f _ ____ ___ _n____ ___ ___ _ b________ __ _____ ___ ___ _o____ _ ____
768,You probably wouldnt worry about what people think of you if you could know how seldom they do,77,9,6_9_12_14_24_28_49_66_67,00000100100101000000000100010000000000000000000010000000000000000110000000000,___ __o__b__ w_u____ _____ a___t ____ ______ _____ __ ___ i_ ___ _____ ____ ___ se____ ____ __
769,Life becomes easier and more beautiful when we can see the good in other people,65,8,23_31_40_42_52_56_57_61,00000000000000000000001000000010000000010100000000010001100010000,____ _______ ______ ___ __r_ ______f__ ____ __ c_n ___ ___ ___d __ _th__ _e____
770,The world as we have created it is a process of our thinking It cannot be changed without changing our thinking,91,7,24_27_29_42_44_57_59,0000000000000000000000010010100000000000010100000000000010100000000000000000000000000000000,___ _____ __ __ ____ _______ i_ _s _ p______ __ ___ _h_n____ __ ______ b_ c______ _______ ________ ___ ________
771,Vanity and pride are different things though the words are often used synonymously A person may be proud without being vain Pride relates more to our opinion of ourselves vanity to what we would have others think of us,180,7,52_53_66_81_89_152_176,000000000000000000000000000000000000000000000000000110000000000001000000000000001000000010000000000000000000000000000000000000000000000000000000000000010000000000000000000000010000,______ ___ _____ ___ _________ ______ ______ ___ _____ ___ __te_ ____ _______o____ _ ______ ___ b_ _____ _i_____ _____ ____ _____ _______ ____ __ ___ _______ __ _________ ______ __ _h__ __ _____ ____ ______ ____k __ __
772,It is amazing how complete is the delusion that beauty is goodness,55,5,5_17_44_48_52,0000100000000000100000000000000000000000000100010001000,__ __ a______ ___ __m_____ __ ___ ________ ____ ____t_ __ g___n___
773,Its not denial Im just selective about the reality I accept,49,8,4_5_8_27_28_33_38_44,0001100100000000000000000011000010000100000100000,___ no_ _e____ __ ____ ________e a____ t__ __a____ _ a_____
774,Sometimes crying or laughing are the only options left and laughing feels better right now,76,6,2_45_54_60_63_76,0100000000000000000000000000000000000000000010000000010000010010000000000001,_o_______ ______ __ ________ ___ ___ ____ _______ __f_ ___ ____h___ __e__ b_____ _____ __w
775,Let us be grateful to the people who make us happy they are the charming gardeners who make our souls blossom,89,10,14_32_50_56_57_62_68_71_75_83,00000000000001000000000000000001000000000000000001000001100001000001001000100000001000000,___ __ __ ______u_ __ ___ ______ ___ __k_ __ _____ ____ ___ __e _____in_ ___d_____ w__ m___ o__ _____ b______
776,Beauty is terror Whatever we call beautiful we quiver before it,53,6,4_6_11_15_17_29,00010100001000101000000000001000000000000000000000000,___u_y __ __r___ W_a_____ __ ____ b________ __ ______ ______ __
777,Music was my refuge I could crawl into the space between the notes and curl my back to loneliness,79,8,28_43_44_48_63_64_72_79,0000000000000000000000000001000000000000001100010000000000000011000000010000001,_____ ___ __ ______ _ _____ _____ i___ ___ _____ ___we__ _h_ _____ ___ ____ _y b___ __ __n______s
778,A guy and a girl can be just friends but at one point or another they will fall for each other Maybe temporarily maybe at the wrong time maybe too late or maybe forever,135,9,10_18_27_30_55_68_80_89_128,000000000100000001000000001001000000000000000000000000100000000000010000000000010000000010000000000000000000000000000000000000010000000,_ ___ ___ _ _i__ ___ __ j___ _____d_ _u_ __ ___ _____ __ _______ ____ w___ ____ ___ __c_ _____ _____ t________l_ _____ __ ___ _____ ____ _____ ___ ____ __ ____e _______
779,Let no man pull you so low as to hate him,31,6,9_15_16_18_21_25,0000000010000011010010001000000,___ __ ___ p___ __u s_ l__ a_ __ h___ ___
780,Without deviation from the norm progress is not possible,48,9,1_8_15_17_22_31_35_46_48,100000010000001010000100000000100010000000000101,W______ d______o_ f___ _h_ ____ ___g___s __ ___ _____b_e
781,Everything is possible The impossible just takes longer,48,9,3_4_7_19_26_27_30_39_45,001100100000000000100000011001000000001000001000,__er__h___ __ ______l_ ___ __po__i___ ____ _a___ __n___
782,War is what happens when language fails,33,5,7_9_12_32_33,000000101001000000000000000000011,___ __ _h_t __p____ ____ ________ ___ls
783,Friendship is the hardest thing in the world to explain Its not something you learn in school But if you havent learned the meaning of friendship you really havent learned anything,150,9,9_41_56_62_74_77_116_122_138,000000001000000000000000000000000000000010000000000000010000010000000000010010000000000000000000000000000000000000010000010000000000000001000000000000,________i_ __ ___ _______ _____ __ ___ _____ __ _x_____ ___ ___ ___e_____ y__ _____ __ __h__l ___ __ ___ ______ _______ ___ _______ __ _____d____ _o_ ______ ______ __a____ ________
784,The most painful thing is losing yourself in the process of loving someone too much and forgetting that you are special too,102,8,16_28_41_55_72_81_96_98,000000000000000100000000000100000000000010000000000000100000000000000001000000001000000000000001010000,___ ____ _______ _h___ __ ______ y_______ __ ___ p______ __ _____g _______ ___ ____ __d ________n_ ____ ___ ___ ___c_a_ ___
785,The truth is unless you let go unless you forgive yourself unless you forgive the situation unless you realize that the situation is over you cannot move forward,134,8,8_47_58_64_68_91_111_134,00000001000000000000000000000000000000000000001000000000010000010001000000000000000000000010000000000000000000100000000000000000000001,___ ____h __ ______ ___ ___ __ ______ ___ _______ ______l_ ______ ___ f_____e ___ s________ ______ ___ _____z_ ____ ___ _________ __ o___ ___ ______ ____ ______d
786,Never say goodbye because goodbye means going away and going away means forgetting,70,9,7_18_20_24_34_46_53_63_70,0000001000000000010100010000000001000000000001000000100000000010000001,_____ _a_ _______ __c_u__ _o_____ ____s _____ ____ __d _____ _w__ _____ __r______g
787,Blessed is he who expects nothing for he shall never be disappointed,57,6,1_25_26_43_51_52,100000000000000000000000110000000000000000100000001100000,B______ __ __ ___ _______ ___hi__ ___ __ _____ ____r __ _____po_____
788,None but ourselves can free our minds,31,8,5_13_14_17_20_21_22_31,0000100000001100100111000000001,____ b__ _____lv__ c__ fre_ ___ ____s
789,Why sometimes Ive believed as many as six impossible things before breakfast,65,5,2_5_23_29_30,01001000000000000000001000001100000000000000000000000000000000000,_h_ _o_______ ___ _______d __ ___y a_ ___ __________ ______ ______ _________
790,You pierce my soul I am half agony half hope I have loved none but you,55,6,8_9_31_32_39_55,0000000110000000000000000000001100000010000000000000001,___ ____ce __ ____ _ __ ____ _____ ___f h___ _ __v_ _____ ____ ___ __u
791,Woke up this morning with a terrific urge to lie in bed all day and read,57,10,1_2_3_8_11_17_20_26_29_30,111000010010000010010000010011000000000000000000000000000,Wok_ __ _h__ m_____g __t_ _ ___r__ic ____ __ ___ __ ___ ___ ___ ___ ____
792,Sometimes you make choices in life and sometimes choices make you,55,7,1_3_18_32_38_44_46,1010000000000000010000000000000100000100000101000000000,S_m______ ___ ____ _h_____ __ ____ __d _____i___ __o_c__ ____ ___
793,Love does not begin and end the way we seem to think it does Love is a battle love is a war love is a growing up,86,9,5_16_28_34_51_55_73_81_85,00001000000000010000000000010000010000000000000000100010000000000000000010000000100010,____ d___ ___ ____n ___ ___ ___ __y __ ___m __ _____ __ ____ ___e __ _ b_____ ____ __ _ ___ __v_ __ _ ___w___ u_
794,Each friend represents a world in us a world possibly not born until they arrive and it is only by this meeting that a new world is born,109,8,34_37_60_65_84_91_92_99,0000000000000000000000000000000001001000000000000000000000010000100000000000000000010000001100000010000000000,____ ______ __________ _ _____ __ __ _ __r__ p_______ ___ ____ _____ ___y ____v_ ___ __ __ ____ __ ____ m______ th__ _ ___ w____ __ ____
795,Ever had a flying burrito hit you Well its a deadly projectile right up there with cannonballs and grenades,89,10,2_8_13_14_17_45_50_58_69_79,01000001000011001000000000000000000000000000100001000000010000000000100000000010000000000,_v__ ___ a ____ng __r____ ___ ___ ____ ___ _ ______ ___j____l_ _____ _p _____ ____ _a_________ a__ ________
796,Do what is right not what is easy nor what is popular,42,8,1_11_12_13_26_27_39_41,100000000011100000000000011000000000001010,D_ ____ __ __ght ___ ____ __ ___y n__ ____ __ ___u_a_
797,Blessed are the hearts that can bend they shall never be broken,52,6,14_24_31_42_45_50,0000000000000100000000010000001000000000010010000100,_______ ___ ___ h_____ ____ c__ ____ t___ _____ __v__ b_ ___k__
798,Trust yourself You know more than you think you do,41,5,1_8_12_13_18,10000001000110000100000000000000000000000,T____ __u___lf ___ _n__ ____ ____ ___ _____ ___ __
799,If you want to be happy do not dwell in the past do not worry about the future focus on living fully in the present,91,8,15_25_49_51_56_63_64_74,0000000000000010000000001000000000000000000000001010000100000011000000000100000000000000000,__ ___ ____ __ __ _a___ __ ___ _w___ __ ___ ____ __ ___ _____ _b_u_ ___ f_____ _oc__ __ _____g _____ __ ___ _______
800,Words can be like Xrays if you use them properly theyll go through anything You read and youre pierced,84,11,1_13_15_31_33_38_49_53_60_75_80,100000000000101000000000000000101000010000000000100010000001000000000000001000010000,W____ ___ __ __k_ X____ __ ___ ___ ___m _r____l_ ______ __ _h___g_ _____i__ ___ ____ ___ __u__ __e____
801,Its like everyone tells a story about themselves inside their own head Always All the time That story makes you what you are We build ourselves out of that story,132,8,29_40_71_77_88_91_110_121,000000000000000000000000000010000000000100000000000000000000000000000010000010000000000100100000000000000000010000000000100000000000,___ ____ ________ _____ _ _____ __o__ ________e_ ______ _____ ___ ____ ______ ___ __e ____ _h__ _____ ___e_ _o_ ____ ___ ___ __ _____ o________ __t __ ____ _____
802,I may die young but at least Ill die smart,33,5,4_5_12_18_30,000110000001000001000000000001000,_ __y d__ ____g ___ __ l____ ___ ___ _m___
803,When love is not madness it is not love,31,6,1_2_16_17_27_30,1100000000000001100000000010010,Wh__ ____ __ ___ __dn___ __ __ __t __v_
804,What is hell I maintain that it is the suffering of being unable to love,58,6,12_15_31_35_49_57,0000000000010010000000000000001000100000000000001000000010,____ __ ____ _ m__n____ ____ __ __ ___ s___e____ __ _____ __a___ __ __v_
805,Its all right to love someone who doesnt love you back as long as theyre worth you loving them As long as they deserve it,97,8,11_13_28_46_47_64_85_94,0000000000101000000000000001000000000000000001100000000000000001000000000000000000001000000001000,___ ___ ____t _o ____ _______ ___ d_____ ____ ___ ____ _s l___ __ ______ _____ y__ ______ ____ __ ____ __ t___ _____v_ __
806,People say nothing is impossible but I do nothing every day,49,5,24_30_33_39_43,0000000000000000000000010000010010000010001000000,______ ___ _______ __ _____s____ _u_ _ d_ ____i__ _v___ ___
807,Clouds come floating into my life no longer to carry rain or usher storm but to add color to my sunset sky,85,8,2_16_18_52_54_62_77_84,0100000000000001010000000000000000000000000000000001010000000100000000000000100000010,_l____ ____ _____i_g ____ __ ____ __ ______ __ _____ ____ __ __h_r _____ __t __ ___ _____ __ __ s_____ _k_
808,Do not fear to be eccentric in opinion for every opinion now accepted was once eccentric,73,8,12_20_39_41_47_57_60_61,0000000000010000000100000000000000000010100000100000000010011000000000000,__ ___ ____ __ b_ ______r__ __ _______ ___ ____y _p_____ n__ _______d __s o___ _________
809,I dont want to repeat my innocence I want the pleasure of losing it again,59,7,13_15_23_36_42_49_53,00000000000010100000001000000000000100000100000010001000000,_ ____ ____ __ _e_e__ __ ___o_____ _ ____ __e _____u__ __ __s___ i_ _____
810,Life has no meaning Each of us has meaning and we bring it to life It is a waste to be asking the question when you are the answer,102,7,5_9_40_76_80_86_97,000010001000000000000000000000000000000100000000000000000000000000000000000100010000010000000000100000,____ h__ _o _______ ____ __ __ ___ _______ ___ __ b____ __ __ ____ __ __ _ _____ __ __ ______ ___ q___t___ __e_ ___ ___ ___ a_____
811,You know Minister I disagree with Dumbledore on many counts but you cannot deny hes got style,77,8,3_25_29_31_45_49_67_70,00100000000000000000000010001010000000000000100010000000000000000010010000000,__u ____ ________ _ ________ w___ D_m_______ __ ____ c___t_ ___ ___ ______ ____ h__ g__ _____
812,It is better to fail in originality than to succeed in imitation,53,6,5_22_32_41_46_51,00001000000000000000010000000001000000001000010000100,__ __ b_____ __ ____ __ ___g_______ __a_ __ _____e_ __ _m____i__
813,Rather than love than money than fame give me truth,42,5,12_13_15_37_42,000000000001101000000000000000000000100001,______ ____ _ov_ t___ _____ ____ ____ ____ _e ____h
814,I felt my lungs inflate with the onrush of scenery Air mountains trees people I thought This is what it is to be happy,95,9,16_40_45_50_53_70_80_89_95,00000000000000010000000000000000000000010000100001001000000000000000010000000001000000001000001,_ ____ __ _____ ___l___ ____ ___ ______ __ _____r_ ___ m____a__s _____ ______ _ ____g__ ____ __ _h__ __ __ __ b_ ____y
815,This moment will just be another story someday,39,8,3_9_23_25_36_37_38_39,001000001000000000000010100000000001111,__i_ ____n_ ____ ____ __ __o_h__ _____ ___eday
816,Thats the problem with drinking I thought as I poured myself a drink If something bad happens you drink in an attempt to forget if something good happens you drink in order to celebrate and if nothing happens you drink to make something happen,200,8,34_50_78_140_145_184_193_194,00000000000000000000000000000000010000000000000001000000000000000000000000000100000000000000000000000000000000000000000000000000000000000001000010000000000000000000000000000000000000010000000011000000,_____ ___ _______ ____ ________ _ _____h_ __ _ ______ _____f _ _____ __ _________ ___ _______ y__ _____ __ __ _______ __ ______ __ _________ ____ _______ ___ _____ __ ___e_ __ _e_______ ___ __ _______ _______ ___ _____ __ __k_ _______ng ______
817,The journey of a thousand miles begins with a single step,47,9,5_10_12_22_27_29_33_40_47,00001000010100000000010000101000100000010000001,___ _o____y _f _ ________ m____ b_g___ w___ _ __n___ ___p
818,Books are the plane and the train and the road They are the destination and the journey They are home,82,7,1_3_4_23_25_37_67,1011000000000000000000101000000000001000000000000000000000000000001000000000000000,B_ok_ ___ ___ _____ ___ ___ t_a__ ___ ___ ___d ____ ___ ___ ___________ ___ ___ __u____ ____ ___ ____
819,Who said nights were for sleep,25,7,1_7_8_11_13_18_19,1000001100101000011000000,W__ ___d n__h_s ____ fo_ _____
820,There are wounds that never show on the body that are deeper and more hurtful than anything that bleeds,85,6,38_58_60_68_70_83,0000000000000000000000000000000000000100000000000000000001010000000101000000000000100,_____ ___ ______ ____ _____ ____ __ ___ ____ _h__ ___ ______ ___ ____ _u_t___ ____ a_y_____ ____ ___e__
821,Let us step into the night and pursue that flighty temptress adventure,59,5,13_26_36_43_58,00000000000010000000000001000000000100000010000000000000010,___ __ ____ ___o ___ _____ ___ _u____ ____ _l_____ _e_______ _______r_
822,No mourners No funerals Among them it passed for good luck,48,8,5_6_7_12_18_25_47_48,000011100001000001000000100000000000000000000011,__ __urn___ _o _____a__ ____g ____ __ ______ ___ ____ __ck
823,The most beautiful experience we can have is the mysterious It is the fundamental emotion that stands at the cradle of true art and true science,119,7,13_34_70_80_83_84_118,00000000000010000000000000000000010000000000000000000000000000000000010000000001001100000000000000000000000000000000010,___ ____ _____i___ __________ __ ___ __v_ __ ___ __________ __ __ ___ ___________ _m_____ ____ s__nd_ __ ___ ______ __ ____ ___ ___ ____ _____c_
824,Sometimes our light goes out but is blown again into instant flame by an encounter with another human being,89,7,10_52_57_72_74_83_89,00000000010000000000000000000000000000000000000000010000100000000000000101000000001000001,_________ o__ _____ ____ ___ ___ __ _____ _____ ____ _______ _l___ _y __ _________ ___h _n_____ ___a_ ____g
825,Let everything happen to you Beauty and terror Just keep going No feeling is final,68,8,4_9_10_25_28_39_44_59,00010000110000000000000010010000000000100001000000000000001000000000,___ e____th___ ______ __ ___ B__u__ ___ _____r ____ k___ _____ __ ____i__ __ _____
826,We are not necessarily doubting that God will do the best for us we are wondering how painful the best will turn out to be,98,9,11_13_18_20_42_44_63_70_75,00000000001010000101000000000000000000000101000000000000000000100000010000100000000000000000000000,__ ___ ___ __c_s____l_ d_______ ____ ___ ____ __ _h_ b___ ___ __ __ ___ _____r___ ___ p____u_ ___ ____ ____ ____ ___ __ __
827,Fear of a name increases fear of the thing itself,40,5,3_4_18_36_38,0011000000000000010000000000000000010100,__ar __ _ ____ ______s__ ____ __ ___ _____ _t_e__
828,A smile is a curve that sets everything straight,40,6,3_11_12_17_33_39,0010000000110000100000000000000010000010,_ _m___ __ _ _ur__ __a_ ____ __________ s_____h_
829,How many slams in an old screen door Depends how loud you shut it How many slices in a bread Depends how thin you cut it How much good inside a day Depends how good you live em How much love inside a friend Depends how much you give em,186,7,28_31_36_69_158_159_163,000000000000000000000000000100100001000000000000000000000000000000001000000000000000000000000000000000000000000000000000000000000000000000000000000000000000011000100000000000000000000000,___ ____ _____ __ __ ___ ______ __o_ _e____s ___ ____ ___ ____ __ ___ ____ ______ __ _ b____ _______ ___ ____ ___ ___ __ ___ ____ ____ ______ _ ___ _______ ___ ____ ___ ____ __ ___ ____ ____ ______ _ fr___d _______ ___ ____ ___ ____ __
830,I loved her against reason against promise against peace against hope against happiness against all discouragement that could be,110,7,21_45_68_91_94_96_107,00000000000000000000100000000000000000000000100000000000000000000001000000000000000000000010010100000000001000,_ _____ ___ _______ ____o_ _______ _______ _______ _e___ _______ ____ _______ _a_______ _______ ___ _____u__g_m___ ____ ___l_ __
831,Once you can accept the universe as matter expanding into nothing that is something wearing stripes with plaid comes easy,102,8,7_10_25_27_30_41_84_100,000000100100000000000000101001000000000010000000000000000000000000000000000000000001000000000000000100,____ __u __n ______ ___ _____r_e __ m_____ _____d___ ____ _______ ____ __ _________ _______ ______s ____ _____ _____ _a__
832,Pursue what catches your heart not what catches your eyes,48,5,1_13_19_37_44,100000000000100000100000000000000000100000010000,P_____ ____ __t____ _o__ _____ ___ ____ ___c___ ___r ____
833,When life gives you lemons squirt someone in the eye,43,8,3_7_9_22_24_27_30_39,0010001010000000000001010010010000000010000,__e_ __f_ g____ ___ _____s _q__r_ _o_____ __ _h_ ___
834,In heaven all the interesting people are missing,41,7,5_16_23_25_28_29_35,00001000000000010000001010011000001000000,__ __a___ ___ ___ _n______i_g __op__ ___ m______
835,It is more fun to talk with someone who doesnt use long difficult words but rather short easy words like What about lunch,99,9,36_48_52_53_64_70_81_82_86,000000000000000000000000000000000001000000000001000110000000000100000100000000001100010000000000000,__ __ ____ ___ __ ____ ____ _______ ___ ____n_ ___ ____ ___f___lt _____ ___ __t___ __o__ ____ ____s l___ W___ _____ _____
836,Nothing is so painful to the human mind as a great and sudden change,55,6,2_10_13_28_37_55,0100000001001000000000000001000000001000000000000000001,_o_____ __ s_ _a_____ __ ___ ____n ____ __ _ _r___ ___ ______ _____e
837,Dont grieve Anything you lose comes round in another form,48,9,9_14_15_22_33_35_38_40_45,000000001000011000000100000000001010010100001000,____ ____v_ ___th___ ___ l___ _____ __u_d __ a_o____ f___
838,Perhaps when we find ourselves wanting everything it is because we are dangerously close to wanting nothing,91,9,1_24_26_27_33_42_48_60_61,1000000000000000000000010110000010000000010000010000000000011000000000000000000000000000000,P______ ____ __ ____ ______v_s w_____g ________n_ __ __ b______ __ ___ da_________ _____ __ _______ _______
839,God will not look you over for medals degrees or diplomas but for scars,58,10,10_14_17_27_32_39_42_47_48_55,0000000001000100100000000010000100000010010000110000001000,___ ____ __t ___k __u ____ ___ __d___ _e_____ _r __p____s b__ ___ _c___
840,People think dreams arent real just because they arent made of matter of particles Dreams are real But they are made of viewpoints of images of memories and puns and lost hopes,145,8,1_3_16_42_89_100_104_138,1010000000000001000000000000000000000000010000000000000000000000000000000000000000000000100000000001000100000000000000000000000000000000010000000,P_o___ _____ ____m_ _____ ____ ____ _______ ____ a____ ____ __ ______ __ _________ ______ ___ ____ ___ ___y ___ ____ __ _i___o____ __ ______ __ ________ ___ ____ ___ _o__ _____
841,There is nothing noble in being superior to your fellow man true nobility is being superior to your former self,92,5,24_33_44_48_60,00000000000000000000000100000000100000000001000100000000000100000000000000000000000000000000,_____ __ _______ _____ __ __i__ ______o_ __ ____ ___l__ _a_ ____ ______t_ __ _____ ________ __ ____ ______ ____
842,What you must understand about me is that Im a deeply unhappy person,56,6,17_23_29_36_40_41,00000000000000001000001000001000000100011000000000000000,____ ___ ____ _____s____ _b___ __ i_ ____ _m _ __ep__ _______ ______
843,We do not need magic to transform our world We carry all the power we need inside ourselves already,81,8,6_27_41_47_49_57_63_72,000001000000000000000000001000000000000010000010100000001000001000000001000000000,__ __ _o_ ____ _____ __ ________m ___ _____ __ ___r_ ___ _h_ p____ __ _e__ ___i__ ______v__ _______
844,No I can survive well enough on my own if given the proper reading material,61,7,7_33_39_45_50_54_60,0000001000000000000000000000000010000010000010000100010000010,__ _ ___ s______ ____ ______ __ __ ___ __ g____ _h_ ____e_ ___d___ m_____a_
845,The things you do for yourself are gone when you are gone but the things you do for others remain as your legacy,90,7,18_24_25_36_58_61_89,000000000000000001000001100000000001000000000000000000000100100000000000000000000000000010,___ ______ ___ __ ___ y_____lf ___ ____ ___n ___ ___ ____ ___ ___ _____s __u __ ___ ______ ______ __ ____ ____c_
846,Keep Going Your hardest times often lead to the greatest moments of your life Keep going Tough situations build strong people in the end,113,6,7_27_42_50_79_100,00000010000000000000000000100000000000000100000001000000000000000000000000000010000000000000000000010000000000000,____ __i__ ____ _______ _____ _f___ ____ __ ___ __e_____ __m____ __ ____ ____ ____ _____ _____ s_________ _____ ______ p_____ __ ___ ___
847,He is half of my soul as the poets say,29,5,5_7_8_9_21,00001011100000000000100000000,__ __ h_lf o_ __ ____ __ __e _____ ___
848,I will have you without armor Kaz Brekker Or I will not have you at all,56,6,10_16_19_28_30_41,00000000010000010010000000010100000000001000000000000000,_ ____ ____ y__ ___h__t _____ ___ B_e____ __ _ ___l ___ ____ ___ __ ___
849,It always shocked me when I realized that I wasnt the only person in the world who thought and felt such strange and awful things,105,10,7_14_16_27_48_52_56_70_77_90,000000100000010100000000001000000000000000000001000100010000000000000100000010000000000001000000000000000,__ ____y_ _____e_ m_ ____ _ ____i___ ____ _ _____ ___ ____ p___o_ __ t__ _____ ___ ___u___ ___ f___ ____ _____g_ ___ _____ ______
850,Nowadays people know the price of everything and the value of nothing,58,6,3_28_48_54_56_57,0010000000000000000000000001000000000000000000010000010110,__w_____ ______ ____ ___ _____ _f __________ ___ ___ ___u_ __ __t_in_
851,If cats looked like frogs wed realize what nasty cruel little bastards they are Style Thats what people remember,94,7,3_19_48_55_59_83_89,0010000000000000001000000000000000000000000000010000001000100000000000000000000000100000100000,__ c___ ______ ____ __o__ ___ _______ ____ _____ _____ __t___ ___t___s ____ ___ _____ _____ ____ __o___ __m_____
852,Tell the truth or someone will tell it for you,37,4,14_15_24_35,0000000000000110000000010000000000100,____ ___ _____ _r s______ __l_ ____ __ ___ y__
853,There may be times when we are powerless to prevent injustice but there must never be a time when we fail to protest,94,3,27_31_44,0000000000000000000000000010001000000000000100000000000000000000000000000000000000000000000000,_____ ___ __ _____ ____ __ ___ __w___e__ __ _______ _n_______ ___ _____ ____ _____ __ _ ____ ____ __ ____ __ _______
854,Life is for the living Death is for the dead Let life be like music And death a note unsaid,72,9,8_19_28_34_38_43_53_61_67,000000010000000000100000000100000100010000100000000010000000100000100000,____ __ _o_ ___ ______ D____ __ __r ___ __a_ __t ____ b_ ____ ____c ___ ____h _ ____ u_____
855,All I ever wanted was to reach out and touch another human being not just with my hands but with my heart,84,9,14_52_54_56_57_65_68_76_82,000000000000010000000000000000000000000000000000000101011000000010010000000100000100,___ _ ____ _____d ___ __ _____ ___ ___ _____ _______ _____ ____g _o_ ju__ ____ _y __n__ ___ __t_ __ __a__
856,Women who seek to be equal with men lack ambition,40,6,4_9_18_32_33_34,0001000010000000010000000000000111000000,___e_ ___ s___ __ __ _q___ ____ ___ ___k am______
857,The best way to find out if you can trust somebody is to trust them,53,8,9_14_23_25_27_32_35_36,00000000100001000000001010100001001100000000000000000,___ ____ _a_ __ _i__ ___ __ _o_ c_n ____t __me____ __ __ _____ ____
858,Dwell on the beauty of life Watch the stars and see yourself running with them,64,8,2_12_16_19_53_58_62_64,0100000000010001001000000000000000000000000000000000100001000101,_w___ __ ___ _e___y __ l___ _____ ___ _____ ___ ___ ________ ___n___ _i__ _h_m
859,Some cause happiness wherever they go others whenever they go,52,7,2_3_15_17_28_30_39,0110000000000010100000000001010000000010000000000000,_om_ _____ _____n_s_ ________ _h_y __ ______ w_______ ____ __
860,Cowards die many times before their deaths The valiant never taste of death but once Of all the wonders that I yet have heard It seems to me most strange that men should fear Seeing that death a necessary end Will come when it will come,191,5,52_64_83_100_187,00000000000000000000000000000000000000000000000000010000000000010000000000000000001000000000000000010000000000000000000000000000000000000000000000000000000000000000000000000000000000000010000,_______ ___ ____ _____ ______ _____ ______ ___ _______ _____ t____ __ _____ b__ ____ __ ___ ___ ____e__ ____ _ ___ ____ __a__ __ _____ __ __ ____ _______ ____ ___ ______ ____ ______ ____ _____ _ _________ ___ ____ ____ ____ __ ___l ____
861,Some people have lives some people have music,38,2,10_37,00000000010000000000000000000000000010,____ _____e ____ _____ ____ ______ ____ ___i_
862,Think left and think right and think low and think high Oh the thinks you can think up if only you try,81,7,3_8_12_16_17_44_56,001000010001000110000000000000000000000000010000000000010000000000000000000000000,__i__ __f_ __d ___nk _____ ___ _____ ___ ___ _____ __g_ __ ___ _____s ___ ___ _____ __ __ ____ ___ ___
863,The scariest moment is always just before you start,43,9,5_8_13_20_21_22_27_30_31,0000100100001000000111000010011000000000000,___ _c__i___ _o____ __ alw___ _u__ be____ ___ _____
864,No person is your friend who demands your silence or denies your right to grow,64,3,12_33_48,0000000000010000000000000000000010000000000000010000000000000000,__ ______ __ _o__ ______ ___ _______ __u_ _______ __ ____e_ ____ _____ __ ____
865,A brave man acknowledges the strength of others,40,7,12_14_15_16_18_30_32,0000000000010111010000000000010100000000,_ _____ ___ __k_owl_d___ ___ _____g_h __ ______
866,Art is the lie that enables us to realize the truth,41,4,20_21_32_37,00000000000000000001100000000001000010000,___ __ ___ ___ ____ ____le_ __ __ _____z_ ___ t____
867,I wanted the whole world or nothing,29,4,8_13_23_27,00000001000010000000001000100,_ ______ t__ __o__ _____ __ n___i__
868,It is the time you have wasted for your rose that makes your rose so important,63,7,14_16_34_43_57_58_62,000000000000010100000000000000000100000000100000000000001100010,__ __ ___ ____ __u _a__ ______ ___ ____ __s_ ____ ___e_ ____ ____ __ __po___n_
869,I know not with what weapons World War III will be fought but World War IV will be fought with sticks and stones,90,10,18_41_57_58_59_63_64_68_70_88,000000000000000001000000000000000000000010000000000000001110001100010100000000000000000100,_ ____ ___ ____ ____ _e_____ _____ ___ ___ ____ __ f_____ ___ _____ __r IV ___l b_ __u_h_ ____ ______ ___ ___n__
870,The minute I heard my first love story I started looking for you not knowing how blind that was Lovers dont finally meet somewhere Theyre in each other all along,132,9,7_14_35_41_43_75_78_89_105,000000100000010000000000000000000010000010100000000000000000000000000000001001000000000010000000000000001000000000000000000000000000,___ ___u__ _ ___r_ __ _____ ____ _____ _ __a____ _o_k___ ___ ___ ___ _______ ___ _____ ____ w__ L_____ ____ _i_____ ____ ______e__ ______ __ ____ _____ ___ _____
871,I suppose Ill have to add the force of gravity to my list of enemies,54,8,3_5_26_31_33_37_44_50,001010000000000000000000010000101000100000010000010000,_ _u_p___ ___ ____ __ ___ ___ __r__ __ g_a___y __ __ __s_ __ __e____
872,Enjoy it Because its happening,26,7,8_11_16_19_21_23_25,00000001001000010010101010,_____ __ B__a___ _t_ _a_p_n_n_
873,If you like her if she makes you happy and if you feel like you know her then dont let her go,72,4,1_6_12_70,100001000001000000000000000000000000000000000000000000000000000000000100,I_ ___ l___ __r __ ___ _____ ___ _____ ___ __ ___ ____ ____ ___ ____ ___ ____ ____ ___ __r __
874,We know what we are but not what we may be,32,5,3_4_10_22_30,00110000010000000000010000000100,__ kn__ ___t __ ___ ___ ___ w___ __ __y __
875,Knowing others is intelligence knowing yourself is true wisdom Mastering others is strength mastering yourself is true power,107,10,2_21_28_32_40_52_58_80_81_96,01000000000000000000100000010001000000010000000000010000010000000000000000000001100000000000000100000000000,_n_____ ______ __ _____l______ k___i__ _____e__ __ ____ ___d__ ___t_____ ______ __ ________ ma_______ _______f __ ____ _____
876,The silence depressed me It wasnt the silence of silence It was my own silence,64,8,11_13_16_25_41_50_54_64,0000000000101001000000001000000000000000100000000100010000000001,___ _______ d_p__s___ __ __ _a___ ___ _______ __ s______ __ w__ _y ___ ______e
877,The only way to find true happiness is to risk being completely cut open,59,9,1_19_21_36_38_44_46_52_58,10000000000000000010100000000000000101000001010000010000010,T__ ____ ___ __ ____ __u_ h________ __ __ __s_ b____ _o_p_____y ___ __e_
878,It has been said time heals all wounds I do not agree The wounds remain In time the mind protecting its sanity covers them with scar tissue and the pain lessens But it is never gone,146,6,14_28_54_65_86_94,00000000000001000000000000010000000000000000000000000100000000001000000000000000000001000000010000000000000000000000000000000000000000000000000000,__ ___ ____ ____ t___ _____ ___ __u___ _ __ ___ _____ ___ ______ __m___ __ ____ _h_ ____ __________ ___ __n___ ____r_ ____ ____ ____ ______ ___ ___ ____ _______ ___ __ __ _____ ____
879,A painter should begin every canvas with a wash of black because all things in nature are dark except where exposed by the light,105,9,2_10_17_24_25_28_36_52_75,010000000100000010000001100100000001000000000000000100000000000000000000001000000000000000000000000000000,_ p______ _h____ __g__ ____y c__v__ ____ _ w___ __ _____ _____s_ ___ ______ __ ______ ___ _a__ ______ _____ _______ __ ___ _____
880,Everybody is identical in their secret unspoken belief that way deep down they are different from everyone else,94,9,6_18_33_39_61_64_81_85_86,0000010000000000010000000000000010000010000000000000000000001001000000000000000010001100000000,_____b___ __ ______c__ __ _____ _____t _____k__ ______ ____ ___ ____ __w_ _h__ ___ _________ __o_ __er____ ____
881,In the darkness two shadows reaching through the hopeless heavy dusk Their hands meet and light spills in a flood like a hundred golden urns pouring out of the sun,134,6,20_40_54_69_72_77,00000000000000000001000000000000000000010000000000000100000000000000100100001000000000000000000000000000000000000000000000000000000000,__ ___ ________ ___ ___d___ ________ _______ _h_ ________ ____y ____ _____ _____ m__t ___ _i___ ______ __ _ _____ ____ _ _______ ______ ____ _______ ___ __ ___ ___
882,The true soldier fights not because he hates what is in front of him but because he loves what is behind him,87,9,15_16_22_24_63_70_72_73_76,000000000000001100000101000000000000000000000000000000000000001000000101100100000000000,___ ____ _______ fi____ _o_ b______ __ _____ ____ __ __ _____ __ ___ ___ ____u__ __ __v_s w__t __ ______ ___
883,If I were not a physicist I would probably be a musician I often think in music I live my daydreams in music I see my life in terms of music,110,7,4_25_48_55_68_71_73,00010000000000000000000010000000000000000000000100000010000000000001001010000000000000000000000000000000000000,__ _ w___ ___ _ _________ _ ___l_ ________ __ _ ________ _ _f___ ___n_ __ _____ _ ___e __ d_y______ __ _____ _ ___ __ ____ __ _____ __ _____
884,Follow your inner moonlight dont hide the madness,42,7,1_2_4_7_9_24_36,110100101000000000000001000000000001000000,Fo_l__ y_u_ _____ ________t ____ ____ ___ m______
885,There is no surer foundation for a beautiful friendship than a mutual taste in literature,75,6,8_43_47_58_62_75,000000010000000000000000000000000000000000100010000000000100010000000000001,_____ __ n_ _____ __________ ___ _ _________ _____d___p ____ _ _____l ___t_ __ _________e
886,Only a true best friend can protect you from your immortal enemies,55,6,10_24_28_32_48_49,0000000001000000000000010001000100000000000000011000000,____ _ ____ b___ ______ ___ _r___c_ __u ____ ____ _______l e______
887,I am coming to terms with the fact that loving someone requires a leap of faith and that a soft landing is never guaranteed,100,7,17_32_38_42_44_57_88,0000000000000000100000000000000100000100010100000000000010000000000000000000000000000001000000000000,_ __ ______ __ _____ w___ ___ ____ ____ l_____ s___o_e ________ _ ___p __ _____ ___ ____ _ ____ _______ __ __v__ __________
888,A poem begins as a lump in the throat a sense of wrong a homesickness a lovesickness,68,8,6_8_25_26_57_59_61_65,00000101000000000000000011000000000000000000000000000000101010001000,_ ____ b_g___ __ _ ____ __ ___ _hr___ _ _____ __ _____ _ ____________ _ l_v_s___n___
889,There are no facts only interpretations,34,7,2_13_17_18_24_25_29,0100000000001000110000011000100000,_h___ ___ __ __c__ _nl_ ____rp___a_____
890,Shed laughed and if he could have bottled the sound and gotten drunk on it every night he would have It terrified him,95,8,25_29_53_57_66_74_88_90,00000000000000000000000010001000000000000000000000001000100000000100000001000000000000010100000,____ _______ ___ __ __ _____ _a__ _o_____ ___ _____ ___ ______ _r___ o_ __ _____ n____ __ _o___ ____ __ ____i_i__ ___
891,I have the choice of being constantly active and happy or introspectively passive and sad Or I can go mad by ricocheting in between,108,10,12_24_25_27_61_62_75_89_94_99,000000000001000000000001101000000000000000000000000000000000110000000000001000000000000010000100001000000000,_ ____ ___ ___i__ __ _____ __ns_a____ ______ ___ _____ __ _____________ly _______ ___ __d __ _ ___ __ ___ __ r____h____g __ _______
892,Break my heart Break it a thousand times if you like It was only ever yours to break anyway,73,7,24_39_53_54_67_70_71,0000000000000000000000010000000000000010000000000000110000000000001001100,_____ __ _____ _____ __ _ ___u____ _____ __ ___ l___ __ ___ ____ _ve_ _____ __ ____k __yw__
893,True love is rare and its the only thing that gives life real meaning,56,7,6_10_17_29_43_45_51,00000100010000001000000000001000000000000010100000100000,____ _o__ _s ____ __d ___ ___ ____ _h___ ____ _____ _i_e ____ _e_____
894,I dont want to be at the mercy of my emotions I want to use them to enjoy them and to dominate them,77,6,7_34_44_70_73_76,00000010000000000000000000000000010000000001000000000000000000000000010010010,_ ____ _a__ __ __ __ ___ _____ __ __ ______n_ _ ____ __ _s_ ____ __ _____ ____ ___ __ ____n__e __e_
895,Id said it before and meant it Alive or undead the love of my life was a badass,62,7,4_13_18_26_33_44_53,00010000000010000100000001000000100000000001000000001000000000,__ _a__ __ ____r_ ___ m____ __ _l___ __ _n____ ___ ___e __ __ ____ w__ _ ______
896,I suspect the truth is that we are waiting all of us against insurmountable odds for something extraordinary to happen to us,103,10,4_7_16_34_36_58_80_86_87_96,0001001000000001000000000000000001010000000000000000000001000000000000000000000100000110000000010000000,_ __s__c_ ___ ____h __ ____ __ ___ ______g _l_ __ __ _______ _________t____ ____ ___ _________ _x_____di____ __ __p___ __ __
897,Even the darkest night will end and the sun will rise,43,6,1_2_14_17_34_42,1100000000000100100000000000000001000000010,Ev__ ___ ______t __g__ ____ ___ ___ ___ _u_ ____ __s_
898,If you dont imagine nothing ever happens at all,39,6,3_8_10_13_24_31,001000010100100000000001000000100000000,__ y__ __n_ i__g___ _______ e___ ___p___ __ ___
899,Weeds are flowers too once you get to know them,38,7,6_9_10_24_35_36_38,00000100110000000000000100000000001101,_____ a__ fl_____ ___ ____ _o_ ___ __ ____ th_m
900,Poets have been mysteriously silent on the subject of cheese,51,6,8_16_20_40_43_47,000000010000000100010000000000000000000100100010000,_____ __v_ ____ __s___i_____ ______ __ ___ ___j__t __ _h____
901,Declarations of love amuse me Especially when unrequited,49,4,6_23_32_35,0000010000000000000000100000000100100000000000000,_____r______ __ ____ ____e __ ______a__y ____ __________
902,but for my own part if a book is well written I always find it too short,56,9,1_2_7_17_26_30_35_38_41,11000010000000001000000001000100001001001000000000000000,bu_ ___ m_ ___ ____ _f _ ____ __ _e__ _r____n _ _l__y_ ____ __ ___ _____
903,People arent born good or bad Maybe theyre born with tendencies either way but its the way you live your life that matters,100,4,2_28_80_94,0100000000000000000000000001000000000000000000000000000000000000000000000000000100000000000001000000,_e____ _____ ____ ____ __ ___ ___b_ ______ ____ ____ __________ ______ ___ ___ ___ ___ ___ ___ __v_ ____ ____ ____ m______
904,I love you more than there are stars in the sky and fish in the sea,52,7,2_4_6_8_31_32_38,0101010100000000000000000000001100000100000000000000,_ l_v_ y_u ____ ____ _____ ___ _____ _n t__ ___ a__ ____ __ ___ ___
905,Beware for I am fearless and therefore powerful,40,6,3_12_16_25_30_32,0010000000010001000000001000010100000000,__w___ ___ _ _m ___r____ ___ _h____o_e ________
906,What are men to rocks and mountains,29,4,13_15_16_24,00000000000010110000000100000,____ ___ ___ __ r_ck_ ___ ___n_____
907,A womans heart should be so hidden in God that a man has to seek Him just to find her,66,9,2_4_15_20_34_37_42_47_51,010100000000001000010000000000000100100001000010001000000000000000,_ w_m___ _____ __o___ _e __ ______ __ ___ t__t _ ___ h__ __ s___ H__ ____ __ ____ ___
908,Dumbledore says people find it far easier to forgive others for being wrong than being right,77,5,3_4_40_50_74,00110000000000000000000000000000000000010000000001000000000000000000000001000,__mb______ ____ ______ ____ __ ___ ______ __ __r____ _____s ___ _____ _____ ____ _____ _i___
909,Pain is temporary Quitting lasts forever,35,7,15_16_21_23_24_29_33,00000000000000110000101100001000100,____ __ ________y Q____i_g l____ f___v__
910,There is a stubbornness about me that never can bear to be frightened at the will of others My courage always rises at every attempt to intimidate me,122,9,14_32_34_63_77_85_89_111_121,00000000000001000000000000000001010000000000000000000000000000100000000000001000000010001000000000000000000000100000000010,_____ __ _ _____o______ _____ __ ____ n_v__ ___ ____ __ __ __________ __ ___ w___ __ ______ __ c______ _l___s _____ __ _____ _______ __ i_________ m_
911,Dont be afraid of your fears Theyre not there to scare you Theyre there to let you know that something is worth it,92,8,1_6_9_42_43_61_75_89,10000100100000000000000000000000000000000110000000000000000010000000000000100000000000001000,D___ _e __r___ __ ____ _____ ______ ___ _____ __ __ar_ ___ ______ _____ __ l__ ___ ____ ____ s________ __ ___t_ __
912,A woman has to live her life or live to repent not having lived it,52,6,2_9_31_36_42_45,0100000010000000000000000000001000010000010010000000,_ w____ __s __ ____ ___ ____ __ ____ __ r____t ___ __v__g _____ __
913,Turn your wounds into wisdom,24,3,1_7_23,100000100000000000000010,T___ __u_ ______ ____ ____o_
914,There are no happy endings Endings are the saddest part So just give me a happy middle And a very happy start,88,7,18_41_42_50_55_83_87,0000000000000000010000000000000000000000110000000100001000000000000000000000000000100010,_____ ___ __ _____ __d____ _______ ___ ___ _____st ____ __ _u__ __v_ __ _ _____ ______ ___ _ ____ ____y ___r_
915,Worry does not empty tomorrow of its sorrow it empties today of its strength,63,7,25_39_49_50_53_61_63,000000000000000000000000100000000000001000000000110010000000101,_____ ____ ___ _____ _______w __ ___ ______ __ e______ ___ay __ i__ _____g_h
916,Its kind of fun to do the impossible,29,6,4_5_11_12_28_29,00011000001100000000000000011,___ ki__ __ _un __ __ ___ ________le
917,And the rest is rust and stardust,27,4,5_7_19_25,000010100000000000100000100,___ _h_ r___ __ ____ __d _____u__
918,Three things in human life are important the first is to be kind the second is to be kind and the third is to be kind,92,8,1_16_20_21_30_41_57_68,10000000000000010001100000000100000000001000000000000000100000000001000000000000000000000000,T____ ______ __ __m__ _if_ ___ ____r____ ___ ___s_ __ __ __ ____ ___ _e____ __ __ __ k___ ___ ___ _____ __ __ __ ____
919,Its enough for me to be sure that you and I exist at this moment,50,8,9_11_18_22_25_26_33_41,00000000101000000100010011000000100000001000000000,___ _____h _o_ __ __ _e ___e __at ___ ___ I _____ __ t___ ______
920,You never fail until you stop trying,30,7,2_6_9_10_16_20_26,010001001100000100010000010000,_o_ __v__ fa__ ___i_ __u ____ _r____
921,The man of knowledge must be able not only to love his enemies but also to hate his friends,73,6,7_10_41_47_53_65,0000001001000000000000000000000000000000100000100000100000000000100000000,___ ___ o_ _n_______ ____ __ ____ ___ ____ __ ____ h__ ___m___ __t ____ __ ____ _i_ _______
922,Make improvements not excuses Seek respect not attention,49,7,5_10_15_21_22_23_38,0000100001000010000011100000000000000100000000000,____ i____v____t_ ___ _xcu___ ____ _______ n__ _________
923,Do you think Im pretty I think youre beautiful Beautiful You are so beautiful it hurts sometimes,80,6,9_19_22_27_67_74,00000000100000000010010000100000000000000000000000000000000000000010000001000000,__ ___ ___n_ __ ______ I __i__ __u__ _________ _________ ___ ___ __ _________ __ h____ __m______
924,The most wasted of all days is one without laughter,42,5,13_35_37_38_40,000000000000100000000000000000000010110100,___ ____ _____d __ ___ ____ __ ___ _______ l_ug_t__
925,Find what you love and let it kill you,30,6,1_7_14_18_24_30,100000100000010001000001000001,F___ __a_ ___ __v_ __d ___ __ k___ __u
926,Its not the load that breaks you down its the way you carry it,49,7,1_16_19_23_30_35_45,1000000000000001001000100000010000100000000010000,I__ ___ ___ ____ __a_ _r___s ___ ___n ___ _h_ ___ ___ __r__ __
927,There comes a time when one must take a position that is neither safe nor politic nor popular but he must take it because conscience tells him it is right,125,8,30_33_44_55_70_76_92_94,00000000000000000000000000000100100000000001000000000010000000000000010000010000000000000001010000000000000000000000000000000,_____ _____ _ ____ ____ ___ ____ ___e _ _o______ ____ i_ _______ __f_ ___ _______ ___ p_____r ___ __ ____ ____ __ b_c____ __________ _____ ___ __ __ _____
928,I care for myself The more solitary the more friendless the more unsustained I am the more I will respect myself,92,9,2_13_31_38_39_74_76_86_88,01000000000010000000000000000010000001100000000000000000000000000000000001010000000001010000,_ c___ ___ ____l_ ___ ____ ________ _h_ ____ _ri_______ ___ ____ ___________ _ __ ___ ___e _ w___ ______t _y____
929,I think we dream so we dont have to be apart for so long If were in each others dreams we can be together all the time,92,9,6_10_24_42_44_46_55_76_85,00000100010000000000000100000000000000000101010000000010000000000000000000010000000010000000,_ ____k __ _r___ __ __ ____ __v_ __ __ _____ ___ __ __n_ I_ w___ __ ___h ______ ______ __ ___ __ _o______ __l ___ ____
930,Learn to light a candle in the darkest moments of someones life Be the light that helps others see it is what gives life its deepest significance,119,9,26_33_53_74_76_85_91_107_117,00000000000000000000000001000000100000000000000000001000000000000000000001010000000010000010000000000000001000000000100,_____ __ _____ _ ______ __ ___ _a_____ _o_____ __ ________ ____ B_ ___ _____ ____ _____ __h_r_ ___ __ __ w___ __v__ ____ ___ ______t _________n__
931,All the darkness in the world cannot extinguish the light of a single candle,63,8,5_9_20_25_35_39_55_63,000010001000000000010000100000000010001000000000000000100000001,___ _h_ __r_____ __ ___ w____ c_____ ____n___s_ ___ _____ __ _ ___g__ _____e
932,Some say the world will end in fire Some say in ice From what Ive tasted of desire I hold with those who favor fire But if it had to perish twice I think I know enough of hate To say that for destruction ice is also great and would suffice,189,10,3_29_53_86_93_112_121_131_151_187,001000000000000000000000000010000000000000000000000010000000000000000000000000000000010000001000000000000000000100000000100000000010000000000000000000100000000000000000000000000000000000100,__m_ ___ ___ _____ ____ ___ __ ____ S___ ___ __ ___ ____ ____ ___ _a____ __ ______ _ ____ ____ _____ ___ ___o_ ____ _u_ __ __ ___ __ ______ __i__ _ _____ I ____ _____h __ ____ __ ___ ____ ___ _e_________ ___ __ ____ _____ ___ _____ ____i__
933,I was smiling yesterday I am smiling today and I will smile tomorrow Simply because life is too short to cry for anything,99,6,8_15_22_30_53_65,000000010000001000000100000001000000000000000000000010000000000010000000000000000000000000000000000,_ ___ ___l___ ___t_____ _ a_ ______g _____ ___ _ ____ _____ ____r___ ______ __c____ ____ __ ___ _____ __ ___ ___ ________
934,Books are for people who wish they were somewhere else,45,4,17_28_38_40,000000000000000010000000000100000000010100000,_____ ___ ___ _____e ___ ____ ___y ____ _____h_r_ ____
935,I lived in books more than I lived anywhere else,39,7,9_15_16_18_19_23_31,000000001000001101100010000000100000000,_ _____ __ b____ _or_ th__ _ l____ ___w____ ____
936,Walk as if you are kissing the Earth with your feet,41,7,1_6_15_20_25_31_41,10000100000000100001000010000010000000001,W___ _s __ ___ ___ k____n_ ___ E____ _i__ ____ ___t
937,Theres plenty of sense in nonsense sometimes if you wish to look for it,58,6,13_28_32_34_49_55,0000000000001000000000000001000101000000000000001000001000,______ ______ o_ _____ __ ______s_ __m_t____ __ ___ ____ _o ____ _o_ __
938,There is no real ending Its just the place where you stop the story,54,6,33_35_38_44_46_54,000000000000000000000000000000001010010000010100000001,_____ __ __ ____ ______ ___ ____ ___ ___c_ w__r_ ___ _t_p ___ ____y
939,I am not sure that I exist actually I am all the writers that I have read all the people that I have met all the women that I have loved all the cities I have visited,130,9,15_22_24_26_35_39_89_92_130,0000000000000010000001010100000000100010000000000000000000000000000000000000000000000000100100000000000000000000000000000000000001,_ __ ___ ____ ____ I _____ _c_u_l__ _ __ ___ t__ _r_____ ____ _ ____ ____ ___ ___ ______ ____ _ ____ ___ ___ ___ _o__n ____ _ ____ _____ ___ ___ ______ _ ____ ______d
940,I mean if the relationship cant survive the long term why on earth would it be worth my time and energy for the short term,98,8,7_14_23_58_63_75_78_84,00000010000001000000001000000000000000000000000000000000010000100000000000100100000100000000000000,_ ____ _f ___ ___a________ c___ _______ ___ ____ ____ ___ __ _____ ___l_ __ _e _____ __ ____ a__ e_____ f__ ___ _____ ____
941,My life amounts to no more than one drop in a limitless ocean Yet what is any ocean but a multitude of drops,86,9,7_13_20_38_39_42_53_68_82,00000010000010000001000000000000000001100100000000001000000000000001000000000000010000,__ ____ a_____s __ __ __r_ ____ ___ ____ __ _ __mi__e__ _____ ___ w___ __ ___ _____ _u_ _ _________ __ d____
942,I was within and without simultaneously enchanted and repelled by the inexhaustible variety of life,85,8,4_24_25_26_37_49_73_84,0001000000000000000000011100000000001000000000001000000000000000000000001000000000010,_ __s ______ ___ _______ ___ult________ __c______ ___ __p_____ __ ___ _____________ v______ __ __f_
943,If I can stop one heart from breaking I shall not live in vain,49,9,10_17_19_27_28_30_33_45_46,0000000001000000101000000011010010000000000011000,__ _ ___ ___p ___ ___r_ f___ ____ki_g _ _h___ ___ ____ _n v___
944,Start each day with a positive thought and a grateful heart,49,8,12_16_20_28_37_41_43_44,0000000000010001000100000001000000001000101100000,_____ ____ __y ___h _ __s_____ __o____ ___ _ g___e_ul _____
945,She wasnt bitter She was sad though But it was a hopeful kind of sad The kind of sad that just takes time,83,8,10_26_27_36_59_61_67_74,00000000010000000000000001100000000100000000000000000000001010000010000001000000000,___ _____ _i____ ___ ___ ___ __ou__ ___ __ _a_ _ _______ ____ __ ___ ___ _i_d __ ___ t___ ___t _____ ____
946,I read a book one day and my whole life was changed,40,8,10_16_20_24_29_36_37_38,0000000001000001000100010000100000011100,_ ____ _ ___k ___ __y ___ m_ __o__ __f_ ___ __ang__
947,I love you Remember They cannot take it,32,7,4_8_14_16_18_20_25,00010001000001010101000010000000,_ __v_ __u _____b_r _h_y ____o_ ____ __
948,Thats part of what I like about the book in some ways It portrays death truthfully You die in the middle of your life in the middle of a sentence,116,5,14_31_60_77_91,00000000000001000000000000000010000000000000000000000000000100000000000000001000000000000010000000000000000000000000,_____ ____ __ __a_ _ ____ _____ ___ __o_ __ ____ ____ __ ________ _____ __u_______ ___ ___ __ _h_ ______ __ ____ l___ __ ___ ______ __ _ ________
949,And thats the thing about people who mean everything they say They think everyone else does too,79,10,4_11_19_21_23_32_39_40_60_61,0001000000100000001010100000000100000011000000000000000000011000000000000000000,___ t____ __e _____ __o_t _e____ ___ _e__ ____yt____ ____ ___ ____ ____k e_______ ____ ____ ___
950,Love is an irresistible desire to be irresistibly desired,49,4,8_19_37_43,0000000100000000001000000000000000001000001000000,____ __ _n __________l_ ______ __ __ ______s_____ d______
951,A classic is a book that has never finished saying what it has to say,55,4,12_15_47_49,0000000000010010000000000000000000000000000000101000000,_ _______ __ _ b__k ____ ___ _____ ________ ______ ____ _t _a_ __ ___
952,I have heard there are troubles of more than one kind Some come from ahead and some come from behind But Ive bought a big bat Im all ready you see Now my troubles are going to have troubles with me,157,9,30_33_68_112_127_129_132_144_147,0000000000000000000000000000010010000000000000000000000000000000000100000000000000000000000000000000000000000001000000000000001010010000000000010010000000000,_ ____ _____ _____ ___ ________ __ _o__ t___ ___ ____ ____ ____ ____ _____ ___ ____ c___ ____ ______ ___ ___ ______ _ ___ ___ __ ___ _____ _o_ ___ ___ __ _____l_s __e _____ __ ____ t__u____ ____ __
953,Reading one book is like eating one potato chip,39,3,6_13_34,000001000000100000000000000000000100000,_____n_ ___ __o_ __ ____ ______ ___ ____t_ ____
954,If you want to forget something or someone never hate it or never hate himher Everything and everyone that you hate is engraved upon your heart if you want to let go of something if you want to forget you cannot hate,175,7,25_55_67_81_105_106_147,0000000000000000000000001000000000000000000000000000001000000000001000000000000010000000000000000000000011000000000000000000000000000000000000000010000000000000000000000000000,__ ___ ____ __ ______ _______n_ __ _______ _____ ____ __ __ _____ _a__ ______ ___r______ ___ ____y___ ____ ___ ____ __ _______d u___ ____ _____ __ ___ ____ __ ___ __ __ _________ _f ___ ____ __ ______ ___ ______ ____
955,Remember that wherever your heart is there you will find your treasure,59,6,18_40_44_46_53_55,00000000000000000100000000000000000000010001010000001010000,________ ____ _____v__ ____ _____ __ _____ ___ w___ f_n_ ____ _r_a____
956,To see a World in a Grain of Sand And a Heaven in a Wild Flower Hold Infinity in the palm of your hand And Eternity in an hour,98,5,13_28_32_46_53,00000000000010000000000000010001000000000000010000001000000000000000000000000000000000000000000000,__ ___ _ _____ _n _ _____ __ ____ __d _ __a___ __ _ ____ ___w__ ____ I_______ __ ___ ____ __ ____ ____ ___ ________ __ __ ____
957,Start writing no matter what The water does not flow until the faucet is turned on,67,6,8_12_16_21_34_55,0000000100010001000010000000000001000000000000000000001000000000000,_____ __i___g __ _a____ w___ ___ _____ _o__ ___ ____ _____ ___ ___c__ __ ______ __
958,Writing is a socially acceptable form of schizophrenia,47,7,7_18_24_26_34_38_42,00000010000000000100000101000000010001000100000,______g __ _ _______y _____t_b__ ____ _f ___i___h_____
959,Of all forms of caution caution in love is perhaps the most fatal to true happiness,68,6,9_19_31_42_46_59,00000000100000000010000000000010000000000100010000000000001000000000,__ ___ ___m_ __ ______n _______ __ __v_ __ _______ t__ _o__ _____ __ ___e _________
960,What would men be without women Scarce sir mighty scarce,47,6,8_13_29_30_41_47,00000001000010000000000000001100000000001000001,____ ___l_ ___ b_ _______ _____ __ar__ ___ _____y _____e
961,All endings are also beginnings We just dont know it at the time,52,6,14_26_27_28_30_48,0000000000000100000000000111010000000000000000010000,___ _______ ___ a___ ________gs W_ j___ ____ ____ __ __ __e ____
962,No thief however skillful can rob one of knowledge and that is why knowledge is the best and safest treasure to acquire,98,8,12_34_40_53_56_58_78_81,00000000000100000000000000000000010000010000000000001001010000000000000000000100100000000000000000,__ _____ ____v__ ________ ___ ___ ___ __ k_____d__ ___ ____ __ _h_ _n_w_____ __ ___ ____ ___ __f__t ________ __ _______
963,Treat everyone with politeness and kindness not because they are nice but because you are,75,5,7_18_36_44_52,000000100000000001000000000000000001000000010000000100000000000000000000000,_____ _v______ ____ p_________ ___ _____e__ ___ __c____ ___y ___ ____ ___ _______ ___ ___
964,There are far far better things ahead than any we leave behind,51,6,10_12_19_44_49_50,000000000101000000100000000000000000000000010000110,_____ ___ _a_ f__ ____e_ ______ _____ ____ ___ __ ___v_ ___in_
965,Dont bend dont water it down dont try to make it logical dont edit your own soul according to the fashion Rather follow your most intense obsessions mercilessly,133,9,1_36_38_83_86_112_118_130_132,1000000000000000000000000000000000010100000000000000000000000000000000000000000000100100000000000000000000000001000001000000000001010,D___ ____ ____ _____ __ ____ ____ ___ __ ___e _t _______ ____ ____ ____ ___ ____ _________ __ ___ ____i__ R_____ ______ ____ ____ ______e _____s____ _______s_l_
966,An intellectual says a simple thing in a hard way An artist says a hard thing in a simple way,74,8,7_10_11_32_34_37_38_71,00000010011000000000000000000001010011000000000000000000000000000000001000,__ ____l__ct___ ____ _ ______ _____ _n _ h__d w__ __ ______ ____ _ ____ _____ __ _ _____e ___
967,The more I see the less I know for sure,30,3,15_16_19,000000000000001100100000000000,___ ____ _ ___ ___ le__ I ____ ___ ____
968,It is a curious thought but it is only when you see people looking ridiculous that you realize just how much you love them,99,8,4_31_44_56_61_76_87_97,000100000000000000000000000000100000000000010000000000010000100000000000000100000000001000000000100,__ _s _ _______ _______ ___ __ __ ____ w___ ___ ___ ___p__ _______ __d____o__ ____ ___ _____z_ ____ ___ __c_ ___ ____ _h__
969,Be grateful for what you already have while you pursue your goals If you arent grateful for what you already have what makes you think you would be happy with more,133,8,1_4_8_24_30_35_37_130,1001000100000000000000010000010000101000000000000000000000000000000000000000000000000000000000000000000000000000000000000000000001000,B_ _r___f__ ___ ____ ___ ___e___ __v_ ___l_ y__ ______ ____ _____ __ ___ _____ ________ ___ ____ ___ _______ ____ ____ _____ ___ _____ ___ _____ __ _____ ____ m___
970,Cinderella Snow White Whats that An illness,37,4,9_14_31_32,0000000010000100000000000000001100000,________l_ ___w _____ _____ ____ __ il_____
971,You know one of the tragedies of real life is that there is no background music,64,8,1_7_15_16_18_19_22_50,1000001000000011011001000000000000000000000000000100000000000000,Y__ ___w ___ __ __e t_ag__i__ __ ____ ____ __ ____ _____ __ __ b_________ _____
972,And I like large parties Theyre so intimate At small parties there isnt any privacy,69,9,1_7_12_16_22_30_42_51_68,100000100001000100000100000001000000000001000000001000000000000000010,A__ _ __k_ ___g_ __r____ _h____ __ _n______ __ ___l_ _______ t____ ____ ___ _____c_
973,Everyone has talent Whats rare is the courage to follow it to the dark places where it leads,75,4,3_7_42_71,001000100000000000000000000000000000000001000000000000000000000000000010000,__e___n_ ___ ______ _____ ____ __ ___ _______ __ _o____ __ __ ___ ____ ______ _____ __ l____
974,We all have our time machines dont we Those that take us back are memories And those that carry us forward are dreams,95,9,4_6_17_39_59_61_82_83_87,00010100000000001000000000000000000000100000000000000000001010000000000000000000011000100000000,__ _l_ h___ ___ ____ m_______ ____ __ _____ ___t ____ __ ____ ___ ______e_ A__ _____ ____ _____ __ __rw___ a__ ______
975,It was books that made me feel that perhaps I was not completely alone They could be honest with me and I with them,92,6,5_6_8_16_21_86,00001101000000010000100000000000000000000000000000000000000000000000000000000000000001000000,__ __s b_o__ ____ _a__ __ f___ ____ _______ _ ___ ___ __________ _____ ____ _____ __ ______ ____ __ ___ _ _i__ ____
976,Book collecting is an obsession an occupation a disease an addiction a fascination an absurdity a fate It is not a hobby Those who do it must do it,119,9,4_7_9_21_34_37_50_65_81,00010010100000000000100000000000010010000000000001000000000000001000000000000000100000000000000000000000000000000000000,___k __l_e_____ __ __ __s______ __ ____p__i__ _ _______ __ a________ _ _____n_____ __ ________y _ ____ __ __ ___ _ _____ _____ ___ __ __ ____ __ __
977,There was nowhere to go but everywhere so just keep on rolling under the stars,64,6,8_23_27_42_51_53,0000000100000000000000100010000000000000010000000010100000000000,_____ __s _______ __ __ ___ e___y_____ __ ____ ___p __ ______g _n___ ___ _____
978,My mission in life is not merely to survive but to thrive and to do so with some passion some compassion some humor and some style,105,8,3_30_36_49_60_75_78_104,001000000000000000000000000001000001000000000000100000000001000000000000001001000000000000000000000000010,__ m______ __ ____ __ ___ ______ __ _u_____ b__ __ ______ __d __ __ __ ____ s___ _______ ____ c__p______ ____ _____ ___ ____ ___l_
979,Youve got about as much charm as a dead slug,35,4,2_18_19_34,01000000000000000110000000000000010,_o___ ___ _____ __ __ch _____ __ _ ____ __u_
980,You believe lies so you eventually learn to trust no one but yourself,57,3,28_41_51,000000000000000000000000000100000000000010000000001000000,___ _______ ____ __ ___ ________l_ _____ __ ____t __ ___ ___ _o______
981,When you stop expecting people to be perfect you can like them for who they are,64,9,1_7_16_29_31_42_45_51_63,1000001000000001000000000000101000000000010010000010000000000010,W___ __u ____ ____c____ ______ __ b_ p______ ___ _a_ _i__ ___m ___ ___ ____ _r_
982,A good library will never be too neat or too dusty because somebody will always be in it taking books off the shelves and staying up late reading them,122,8,11_19_49_50_52_85_101_106,00000000001000000010000000000000000000000000000011010000000000000000000000000000000010000000000000001000010000000000000000,_ ____ _____r_ ____ __v__ __ ___ ____ __ ___ _____ _______ _om_b___ ____ ______ __ __ __ ______ _____ __f ___ _______ ___ __a____ u_ ____ _______ ____
983,When the power of love overcomes the love of power the world will know peace,62,6,8_10_24_27_53_55,00000001010000000000000100100000000000000000000000001010000000,____ ___ p_w__ __ ____ _____o__s ___ ____ __ _____ ___ _____ ___l _n__ _____
984,We are all atheists about most of the gods that humanity has ever believed in Some of us just go one god further,90,8,1_21_32_44_61_63_70_88,100000000000000000001000000000010000000000010000000000000000101000000100000000000000000100,W_ ___ ___ ________ ____t ____ __ ___ _o__ ____ _____i__ ___ ____ _______d _n ____ __ u_ ____ __ ___ ___ ____h__
985,He thinks hell be remembered as the villain in the story But I forgot to tell him that the villain is usually the person who locks up the maiden and throws away the key He was the one who let me out,157,8,18_21_52_75_83_86_89_100,0000000000000000010010000000000000000000000000000001000000000000000000000010000000100100100000000001000000000000000000000000000000000000000000000000000000000,__ ______ ____ __ ___e__e___ __ ___ _______ __ ___ _____ ___ _ _o____ __ ____ ___ ____ ___ __l____ __ _s__l__ t__ ______ __o _____ __ ___ ______ ___ ______ ____ ___ ___ __ ___ ___ ___ ___ ___ __ ___
986,Learn what is to be taken seriously and laugh at the rest,46,6,4_6_18_22_37_45,0001010000000000010001000000000000001000000010,___r_ w___ __ __ __ __k__ _e_______ ___ ____h __ ___ __s_
987,The heart is an arrow It demands aim to land true,39,3,6_17_37,000001000000000010000000000000000000100,___ __a__ __ __ ____w __ _______ ___ __ ____ _r__
988,Judge a man by his questions rather than by his answers,45,7,4_6_18_19_20_28_31,000101000000000001110000000100100000000000000,___g_ a ___ __ ___ ___sti___ ____e_ _h__ __ ___ _______
989,The Chinese use two brush strokes to write the word crisis One brush stroke stands for danger the other for opportunity In a crisis be aware of the danger but recognize the opportunity,152,10,5_11_17_42_65_69_99_105_132_137,00001000001000001000000000000000000000000100000000000000000000001000100000000000000000000000000000100000100000000000000000000000000100001000000000000000,___ _h_____ u__ ___ b____ _______ __ _____ ___ ___d ______ ___ _____ ______ __a___ f__ ______ ___ _____ ___ __________y __ _ __i___ __ _____ __ ___ ______ ___ __c____z_ ___ ___________
990,A book must be the axe for the frozen sea within us,40,7,6_22_25_28_32_35_37,0000010000000000000001001001000100101000,_ ____ m___ __ ___ ___ ___ _h_ _r__e_ __a __t_i_ __
991,Believe in Your Heart Believe in your heart that youre meant to live a life full of passion purpose magic and miracles,97,6,19_28_48_50_81_83,0000000000000000001000000001000000000000000000010100000000000000000000000000000010100000000000000,_______ __ ____ _____ B______ __ y___ _____ ____ _____ __a_t __ ____ _ ____ ____ __ _______ ______e _a___ ___ ________
992,Youre wishin too much baby You gotta stop wearing your wishbone where your backbone oughtta be,79,7,22_41_48_65_67_76_77,0000000000000000000001000000000000000000100000010000000000000000101000000001100,_____ ______ ___ ____ ___y ___ _____ ____ ______g ____ __s_____ _____ ____ __c_b___ _____ta __
993,How vain it is to sit down to write when you have not stood up to live,54,8,28_36_38_42_46_47_48_51,000000000000000000000000000100000001010001000111001000,___ ____ __ __ __ ___ ____ __ _____ w___ ___ _a_e ___ s___d up __ l___
994,What Is Love I have met in the streets a very poor young man who was in love His hat was old his coat worn the water passed through his shoes and the stars through his soul,136,8,9_16_28_40_43_131_135_136,0000000010000001000000000001000000000001001000000000000000000000000000000000000000000000000000000000000000000000000000000000000000100011,____ __ __v_ _ ____ m__ __ ___ ____e__ _ ____ ____ y__n_ ___ ___ ___ __ ____ ___ ___ ___ ___ ___ ____ ____ ___ _____ ______ _______ ___ _____ ___ ___ _____ _______ _i_ __ul
995,Why didnt I learn to treat everything like it was the last time My greatest regret was how much I believed in the future,97,8,19_22_24_25_61_82_93_96,0000000000000000001001011000000000000000000000000000000000001000000000000000000001000000000010010,___ _____ _ _____ __ __e__ e_er______ ____ __ ___ ___ ____ ____ __ _______t ______ ___ ___ ____ _ ___i____ __ ___ _u__r_
996,But in the end one needs more courage to live than to kill himself,53,7,19_25_34_35_49_51_53,00000000000000000010000010000000011000000000000010101,___ __ ___ ___ ___ ____s ____ _o_____ __ _iv_ ____ __ ____ __m_e_f
997,No matter how much suffering you went through you never wanted to let go of those memories,74,5,3_6_11_48_49,00100100001000000000000000000000000000000000000110000000000000000000000000,__ m__t__ __w ____ _________ ___ ____ _______ ___ _____ _an___ __ ___ __ __ _____ ________
998,Hes a wallflower You see things You keep quiet about them And you understand,63,10,1_11_13_15_22_34_35_48_53_58,100000000010101000000100000000000110000000000001000010000100000,H__ _ ______o_e_ Y__ ___ _h____ ___ ____ qu___ _____ ____ A__ __u ____r_____
999,After nourishment shelter and companionship stories are the thing we need most in the world,77,9,2_8_19_20_24_33_57_60_73,01000001000000000011000100000000100000000000000000000000100100000000000010000,_f___ __u________ __el___ a__ ______i______ _______ ___ ___ ____g __ n___ ____ __ ___ w____
1000,I dont believe in the kind of magic in my books But I do believe something very magical can happen when you read a good book,99,8,27_43_71_74_76_78_85_88,000000000000000000000000001000000000000000100000000000000000000000000010010101000000100100000000000,_ ____ _______ __ ___ ____ __ ___i_ __ __ _____ ___ _ _o _______ _________ ____ _______ c__ h_p_e_ ____ _o_ _e__ _ ____ ____
1001,Its just that I just think that some things are meant to be broken Imperfect Chaotic Its the universes way of providing contrast you know There have to be a few holes in the road Its how life is,156,8,5_22_29_49_80_85_107_155,000010000000000000000100000010000000000000000000100000000000000000000000000000010000100000000000000000000010000000000000000000000000000000000000000000000010,___ _u__ ____ _ ____ _____ t___ ___e ______ ___ _____ __ __ _r____ _________ _______ ___ ___ ____e____ w__ __ _________ ________ y__ ____ _____ ____ __ __ _ ___ _____ __ ___ ____ ___ ___ ____ i_
1002,History will be kind to me for I intend to write it,40,6,5_11_15_30_31_34,0000100000100010000000000000011001000000,____o__ ___l __ _i__ __ __ ___ _ ____nd __ w____ __
1003,Basically I have two speeds Hostile or smartaleck Your choice,52,8,1_5_8_16_26_46_48_49,1000100100000001000000000100000000000000000001011000,B___c__l_ _ ____ _w_ ______ __s____ __ __________ ___r _ho___
1004,Do you wish me a good morning or mean that it is a good morning whether I want it or not or that you feel good this morning or that it is a morning to be good on,124,7,19_77_81_90_96_99_100,0000000000000000001000000000000000000000000000000000000000000000000000000000100010000000010000010011000000000000000000000000,__ ___ ____ __ _ ____ __r____ __ ____ ____ __ __ _ ____ _______ _______ _ ____ __ __ ___ __ ____ __u ___l ____ ____ m_____g __ th__ __ __ _ _______ __ __ ____ __
1005,If no one in the entire world cared about you did you really exist at all,58,6,2_23_32_43_50_58,0100000000000000000000100000000100000000001000000100000001,_f __ ___ __ ___ ______ ____d _____ ___u_ ___ ___ ___ r_____ _x___ __ __l
1006,Everything can be taken from a man but one thing the last of the human freedoms to choose ones attitude in any given set of circumstances to choose ones own way,130,5,6_13_61_62_71,0000010000001000000000000000000000000000000000000000000000001100000000100000000000000000000000000000000000000000000000000000000000,_____t____ __n __ _____ ____ _ ___ ___ ___ _____ ___ ____ __ ___ _____ ____do__ __ ____s_ ____ ________ __ ___ _____ ___ __ _____________ __ ______ ____ ___ ___
1007,The individual has always had to struggle to keep from being overwhelmed by the tribe If you try it you will be lonely often and sometimes frightened But no price is too high to pay for the privilege of owning yourself,178,8,34_51_64_79_123_148_157_173,0000000000000000000000000000000001000000000000000010000000000001000000000000001000000000000000000000000000000000000000000010000000000000000000000001000000001000000000000000100000,___ __________ ___ ______ ___ __ ______l_ __ ____ ____ _____ o__________ __ t__ _____ __ ___ __y __ ___ ____ __ ______ _____ ___ _________ _________d ___ __ _____ __ ___ ____ __ ___ f__ ___ ___v_____ __ ______ __u_____
1008,A book too can be a star a living fire to lighten the darkness leading out into the expanding universe,83,4,4_36_72_80,00010000000000000000000000000000000100000000000000000000000000000000000100000001000,_ __o_ ___ ___ __ _ ____ _ ______ ____ __ ____t__ ___ ________ _______ ___ ____ ___ _____d___ ____e___
1009,To burn with desire and keep quiet about it is the greatest punishment we can bring on ourselves,79,5,13_52_58_61_76,0000000000001000000000000000000000000000000000000001000001001000000000000001000,__ ____ ____ __s___ ___ ____ _____ _____ __ __ ___ ________ ___i_____t __ c__ _____ __ _____l___
1010,Why are women so much more interesting to men than men are to women,54,6,3_16_23_26_30_38,001000000000000100000010010001000000010000000000000000,__y ___ _____ __ __c_ ____ _n__r___i__ __ ___ t___ ___ ___ __ _____
1011,Life is to be enjoyed not endured,27,6,7_9_13_15_16_25,000000101000101100000000100,____ __ t_ b_ __j_ye_ ___ ____r__
1012,All the worlds a stage And all the men and women merely players They have their exits and their entrances And one man in his time plays many parts His acts being seven ages,139,10,7_18_30_48_49_57_81_91_127_134,0000001000000000010000000000010000000000000000011000000010000000000000000000000010000000001000000000000000000000000000000000001000000100000,___ ___ w_____ _ ____e ___ ___ ___ __n ___ _____ ______ ___ye__ ____ _a__ _____ _____ ___ _____ ___r_____ ___ _n_ ___ __ ___ ____ _____ ____ _____ ___ ____ _e___ ___e_ ____
1013,The one thing that doesnt abide by majority rule is a persons conscience,60,5,3_32_36_45_49,001000000000000000000000000000010001000000001000100000000000,__e ___ _____ ____ ______ _____ __ ___o___y ____ __ _ _e___n_ __________
1014,Hate the sin love the sinner,23,5,2_6_9_11_18,01000100101000000100000,_a__ _h_ _i_ l___ ___ s_____
1015,Youre off to Great Places Today is your day Your mountain is waiting So get on your way,70,8,1_8_12_16_17_20_61_70,1000000100010001100100000000000000000000000000000000000000001000000001,Y____ __f __ _r___ Pl__e_ _____ __ ____ ___ ____ ________ __ _______ __ __t __ ____ __y
1016,Great spirits have always encountered violent opposition from mediocre minds,67,9,1_8_13_34_37_50_51_57_60,1000000100001000000000000000000001001000000000000110000010010000000,G____ __i____ h___ ______ ___________ v__l___ _________n f___ __d__c__ _____
1017,I dream my painting and I paint my dream,32,3,21_22_25,00000000000000000000110010000000,_ _____ __ ________ ___ _ pa__t __ _____
1018,Nobody ever figures out what life is all about and it doesnt matter Explore the world Nearly everything is really interesting if you go into it deeply enough,130,6,11_51_54_82_90_96,0000000000100000000000000000000000000000000000000010010000000000000000000000000001000000010000010000000000000000000000000000000000,______ ____ f______ ___ ____ ____ __ ___ _____ ___ __ ______ _a__e_ _______ ___ _____ ______ _____t____ __ _e____ _n_________ __ ___ __ ____ __ ______ ______
1019,You are imperfect permanently and inevitably flawed And you are beautiful,63,8,14_16_29_31_34_41_43_55,000000000000010100000000000010100100000010100000000000100000000,___ ___ _______c_ p__________ __d _n__i_____ _l_w__ ___ ___ ___ b________
1020,To the stars who listen and the dreams that are answered,46,5,15_19_33_37_42,0000000000000010001000000000000010001000010000,__ ___ _____ ___ _i___n ___ ___ ______ _h__ _r_ ___w____
1021,Sanity and happiness are an impossible combination,44,6,6_10_13_17_41_42,00000100010010001000000000000000000000001100,_____y ___ h__p___s_ ___ __ __________ _______ti__
1022,Never close your lips to those whom you have already opened your heart,58,5,2_7_16_44_45,0100001000000001000000000000000000000000000110000000000000,_e___ _l___ ____ _i__ __ _____ ____ ___ ____ _______ op____ ____ _____
1023,If you obey all of the rules you miss all of the fun,40,5,3_10_18_32_34,0010000001000000010000000000000101000000,__ y__ ____ a__ __ ___ r____ ___ ____ __l _f ___ ___
1024,Reading is escape and the opposite of escape its a way to make contact with reality after a day of making things up and its a way of making contact with someone elses imagination after a day thats all too real,169,9,22_36_43_65_66_71_110_139_143,0000000000000000000001000000000000010000001000000000000000000000110000100000000000000000000000000000000000000100000000000000000000000000001000100000000000000000000000000,_______ __ ______ ___ ___ o_______ __ ____p_ ___ _ _a_ __ ____ _______ ____ ___li__ __t__ _ ___ __ ______ ______ __ ___ ___ _ ___ __ ____n_ _______ ____ _______ _____ ____i___i__ _____ _ ___ _____ ___ ___ ____
1025,The reason it hurts so much to separate is because our souls are connected,61,4,41_48_49_61,0000000000000000000000000000000000000000100000011000000000001,___ ______ __ _____ __ ____ __ ________ __ ______e ___ ___ls ___ ________d
1026,You cant be happy unless youre unhappy sometimes,41,4,9_14_24_29,00000000100001000000000100001000000000000,___ ____ _e ____y ______ ___r_ ___a___ _________
1027,If youre lonely when youre alone youre in bad company,44,8,2_10_11_35_38_40_41_44,01000000011000000000000000000000001001011001,_f _____ __ne__ ____ _____ _____ _____ __ b__ c_mp__y
1028,People are more difficult to work with than machines And when you break a person he cant be fixed,79,9,4_11_14_20_21_52_56_59_78,0001000000100100000110000000000000000000000000000001000100100000000000000000010,___p__ ___ _o__ d_____ul_ __ ____ ____ ____ ________ ___ ____ y__ _r__k _ ______ __ ____ __ ___e_
1029,People who claim that theyre evil are usually no worse than the rest of us Its people who claim that theyre good or any way better than the rest of us that you have to be wary of,141,8,13_27_33_38_56_82_94_121,000000000000100000000000001000001000010000000000000000010000000000000000000000000100000000000100000000000000000000000000100000000000000000000,______ ___ ___i_ ____ ______ __i_ ___ _s____y __ _____ ____ ___ ___t __ __ ___ ______ ___ _____ ____ t_____ ____ __ a__ ___ ______ ____ ___ ____ __ __ t___ ___ ____ __ __ ____ __
1030,There are worse things than being alone But it often takes decades to realize this and most often when you do its too late and theres nothing worse than too late,131,9,4_55_61_63_77_81_87_91_115,00010000000000000000000000000000000000000000000000000010000010100000000000001000100000100010000000000000000000000010000000000000000,___r_ ___ _____ ______ ____ _____ _____ ___ __ _____ _____ ______s __ ___l_z_ ____ ___ ____ _f___ w___ __u __ _t_ ___ ____ ___ ______ ______g _____ ____ ___ ____
1031,Education is an admirable thing but it is well to remember from time to time that nothing that is worth knowing can be taught,102,4,21_24_30_61,000000000000000000001001000001000000000000000000000000000000100000000000000000000000000000000000000000,_________ __ __ _______l_ _h___ __t __ __ ____ __ ________ ____ ____ __ __m_ ____ _______ ____ __ _____ _______ ___ __ ______
1032,Dance when youre broken open Dance if youve torn the bandage off Dance in the middle of the fighting Dance in your blood Dance when youre perfectly free,125,9,7_19_28_57_63_66_70_98_125,00000010000000000010000000010000000000000000000000000000100000100100010000000000000000000000000001000000000000000000000000001,_____ _h__ _____ ____e_ ____ ___c_ __ _____ ____ ___ _______ ___ ___c_ __ __e __d___ o_ ___ ________ _____ __ ____ ____d _____ ____ _____ _________ ___e
1033,It isnt possible to love and part You will wish that it was You can transmute love ignore it muddle it but you can never pull it out of you I know by experience that the poets are right love is eternal,160,11,61_76_87_91_95_104_108_113_146_147_157,0000000000000000000000000000000000000000000000000000000000001000000000000001000000000010001000100000000100010000100000000000000000000000000000000110000000001000,__ ____ ________ __ ____ ___ ____ ___ ____ ____ ____ __ ___ ___ ___ _______t_ ____ ______ __ _u____ __ ___ _o_ __n ___e_ ____ __ _u_ __ y__ _ _n__ __ __________ ____ ___ _____ ___ ___ht ____ __ ___r___
1034,And now that you dont have to be perfect you can be good,44,8,6_9_13_14_21_29_33_34,00000100100011000000100000001000110000000000,___ __w __a_ __u d___ ___e __ __ ___f___ yo_ ___ __ ____
1035,I am a cage in search of a bird,23,4,11_14_15_23,00000000001001100000001,_ __ _ ____ __ s__rc_ __ _ ___d
1036,Follow your heart listen to your inner voice stop caring about what others think,67,10,1_4_7_25_26_30_41_49_60_67,1001001000000000000000001100010000000000100000001000000000010000001,F__l__ y___ _____ ______ __ _ou_ __n__ _____ ___p ______ _b___ ____ ___e__ ____k
1037,If youre losing your soul and you know it then youve still got a soul left to lose,65,9,15_18_23_25_29_43_50_54_60,00000000000000100100001010001000000000000010000001000100000100000,__ _____ ______ _o__ s___ _n_ y__ _n__ __ ____ _____ s____ __t _ __u_ ____ t_ ____
1038,Things we lose have a way of coming back to us in the end if not always in the way we expect,71,8,13_23_25_29_35_45_48_68,00000000000010000000001010001000001000000000100100000000000000000001000,______ __ ____ h___ _ ___ __ c_m___ b___ __ u_ __ ___ ___ i_ _o_ ______ __ ___ ___ __ __p___
1039,The function of prayer is not to influence God but rather to change the nature of the one who prays,80,5,11_17_34_39_61,00000000001000001000000000000000010000100000000000000000000010000000000000000000,___ _______n __ ___y__ __ ___ __ _______c_ ___ b__ ______ __ ______ ___ __t___ __ ___ ___ ___ _____
1040,War must be while we defend our lives against a destroyer who would devour all but I do not love the bright sword for its sharpness nor the arrow for its swiftness nor the warrior for his glory I love only that which they defend,184,9,10_26_27_58_81_92_111_145_173,0000000001000000000000000110000000000000000000000000000001000000000000000000000010000000000100000000000000000010000000000000000000000000000000001000000000000000000000000000100000000000,___ ____ __ w____ __ ______ ___ li___ _______ _ _________ ___ _____ __v___ ___ ___ _ __ ___ ____ ___ b_____ _____ f__ ___ _________ ___ _h_ _____ ___ ___ _________ ___ ___ ______r ___ ___ _____ _ ____ ____ ____ ___c_ ____ ______
1041,And so with the sunshine and the great bursts of leaves growing on the trees just as things grow in fast movies I had that familiar conviction that life was beginning over again with the summer,158,7,6_40_47_82_85_113_127,00000100000000000000000000000000000000010000001000000000000000000000000000000000010010000000000000000000000000001000000000000010000000000000000000000000000000,___ __ w___ ___ ________ ___ ___ _____ ______ __ l_____ _r_____ __ ___ _____ ____ __ ______ ____ __ _a__ m_____ _ ___ ____ ________ ______t___ ____ ____ __s _________ ____ _____ ____ ___ ______
1042,Maybe who we are isnt so much about what we do but rather what were capable of when we least expect it,81,8,14_36_41_60_68_73_74_77,000000000000010000000000000000000001000010000000000000000001000000010000110010000,_____ ___ __ ___ i___ __ ____ _____ ____ __ _o ___ _a____ ____ ____ ______e __ ____ _e ____t e__e__ __
1043,This is your life and its ending one moment at a time,42,5,6_8_13_15_39,000001010000101000000000000000000000001000,____ _s _o__ __f_ a__ ___ ______ ___ ______ __ _ t___
1044,I shut my eyes and all the world drops dead I lift my lids and all is born again,62,8,3_5_21_22_25_38_40_41,00101000000000000000110010000000000001011000000000000000000000,_ _h_t __ ____ ___ ___ ___ wo__d _____ ____ _ __f_ my ____ ___ ___ __ ____ _____
1045,Finally from so little sleeping and so much reading his brain dried up and he went completely out of his mind,89,9,1_16_33_53_57_64_69_75_77,10000000000000010000000000000000100000000000000000001000100000010000100000101000000000000,F______ ____ __ __t___ ________ ___ __ m___ _______ ___ _____ _r___ u_ ___ __ w___ _o_____e_y ___ __ ___ ____
1046,Many people lose the small joys in the hope for the big happiness,53,6,21_23_27_33_36_44,00000000000000000000101000100000100100000001000000000,____ ______ ____ ___ ___l_ j___ i_ ___ _o__ f__ ___ __g _________
1047,Trees are poems the earth writes upon the sky We fell them down and turn them into paper That we may record our emptiness,98,6,12_18_21_50_86_92,00000000000100000100100000000000000000000000000001000000000000000000000000000000000001000001000000,_____ ___ ___m_ ___ _a__h ______ ____ ___ ___ __ ____ ____ __w_ ___ ____ ____ ____ _____ ____ __ ___ _____d ___ __p______
1048,A man can no more diminish Gods glory by refusing to worship Him than a lunatic can put out the sun by scribbling the word darkness on the walls of his cell,125,9,9_20_63_73_86_89_100_103_113,00000000100000000001000000000000000000000000000000000000000000100000000010000000000001001000000000010010000000001000000000000,_ ___ ___ _o ____ ______s_ ____ _____ __ ________ __ _______ ___ ____ _ _____i_ ___ ___ __t ___ ___ __ ____b__i__ ___ ____ _a__n___ __ ___ _a___ __ ___ ____
1049,I could easily forgive his pride if he had not mortified mine,50,4,15_18_21_46,00000000000000100100100000000000000000000000010000,_ _____ ______ __r__v_ _i_ _____ __ __ ___ ___ ________d ____
1050,Once you have tasted flight you will forever walk the earth with your eyes turned skyward for there you have been and there you will always long to return,126,10,3_12_13_38_51_70_75_114_118_120,001000000001100000000000000000000000010000000000001000000000000000000100001000000000000000000000000000000000000001000101000000,__c_ ___ ____ ta____ ______ ___ ____ _______ w___ ___ _____ _i__ ____ ____ ______ __y____ f__ _____ ___ ____ ____ ___ _____ ___ ____ _____s ___g _o ______
1051,No amount of regretting can change the past and no amount of worrying can change the future,75,8,20_33_35_43_45_51_66_68,000000000000000000010000000000001010000000101000001000000000000001010000000,__ ______ __ _________g ___ ______ ___ p_s_ ___ __ _m_u__ __ _o______ ___ _____e _h_ ______
1052,If I cannot be better than them I will become so much worse,47,5,7_11_18_20_29,00000010001000000101000000001000000000000000000,__ _ ___n__ _e ______ t_a_ ____ _ __l_ ______ __ ____ _____
1053,Life is about accepting the challenges along the way choosing to keep moving forward and savoring the journey,92,9,3_18_55_59_61_68_71_86_91,00100000000000000100000000000000000000000000000000000010001010000001001000000000000001000010,__f_ __ _____ ______i__ ___ __________ _____ ___ ___ ________ __ k___ m_v___ ___w__d ___ ________ ___ j____e_
1054,Books have a unique way of stopping time in a particular moment and saying Lets not forget this,78,9,1_16_17_22_42_46_47_54_61,100000000000000110000100000000000000000001000110000001000000100000000000000000,B____ ____ _ _____e w__ __ s_______ ____ __ _ _____c___r m_____ _n_ _____g ____ ___ ______ ____
1055,Holey You have the the whole world of earrelated humor before you you go for holey,67,6,6_26_32_38_39_57,0000010000000000000000000100000100000110000000000000000010000000000,_____ Y__ ____ ___ ___ _____ __r__ __ _a_____te_ _____ ______ ___ __u __ ___ _____
1056,If you gave someone your heart and they died did they take it with them Did you spend the rest of forever with a hole inside you that couldnt be filled,121,6,6_12_28_69_94_110,0000010000010000000000000001000000000000000000000000000000000000000010000000000000000000000001000000000000000100000000000,__ ___ g___ __m____ ____ _____ __d ____ ____ ___ ____ ____ __ ____ ____ ___ ___ _____ t__ ____ __ _______ ____ _ ____ i_____ ___ ____ ___l___ __ ______
1057,One cannot think well love well sleep well if one has not dined well,55,4,15_21_37_40,0000000000000010000010000000000000001001000000000000000,___ ______ _____ w___ __v_ ____ _____ ____ _f __e ___ ___ _____ ____
1058,That was the thing You never got used to it the idea of someone being gone Just when you think its reconciled accepted someone points it out to you and it just hits you all over again that shocking,159,10,3_19_23_27_43_51_68_81_86_138,001000000000000000100010001000000000000000100000001000000000000000010000000000001000010000000000000000000000000000000000000000000000000001000000000000000000000,__a_ ___ ___ _____ ___ n___r ___ u___ __ __ ___ ____ _f _______ b____ ____ ____ ____ y__ _____ ___ __c____l__ ________ _______ ______ __ ___ __ ___ ___ __ ____ ____ ___ __l ____ _____ ____ ________
1059,We have to continually be jumping off cliffs and developing our wings on the way down,70,11,15_16_20_25_36_40_43_49_53_57_66,0000000000000011000100001000000000010001001000001000100010000000010000,__ ____ __ ______ua___ b_ ___p___ ___ ____f_ __d __v_____n_ __r ___g_ __ ___ __y ____
1060,If you are allergic to a thing it is best not to put that thing in your mouth particularly if the thing is cats,88,8,21_56_61_62_64_67_70_71,0000000000000000000010000000000000000000000000000000000100001101001001100000000000000000,__ ___ ___ ________ __ _ _h___ __ __ ____ ___ __ ___ ____ _____ __ ____ m____ pa_t__u__rl_ __ ___ _____ __ ____
1061,When someone is crying of course the noble thing to do is to comfort them But if someone is trying to hide their tears it may also be noble to pretend you do not notice them,138,6,42_52_57_61_120_134,000000000000000000000000000000000000000001000000000100001000100000000000000000000000000000000000000000000000000000000001000000000000010000,____ _______ __ ______ __ ______ ___ _____ _____ _o __ __ __ ___f___ _h__ _u_ __ _______ __ ______ __ ____ _____ _____ __ ___ ____ __ _____ __ ______d ___ __ ___ _____e ____
1062,Dont take life too seriously Punch it in the face when it needs a good hit Laugh at it,68,4,8_15_47_50,00000001000000100000000000000000000000000000001001000000000000000000,____ ___e ____ __o _________ _____ __ __ ___ ____ ____ __ n__d_ _ ____ ___ _____ __ __
1063,When we are tired we are attacked by ideas we conquered long ago,52,8,1_13_25_31_37_41_43_46,1000000000001000000000001000001000001000101001000000,W___ __ ___ ___e_ __ ___ _____k__ __ _d___ __ c___u_r__ l___ ___
1064,Someone I loved once gave me a box full of darkness It took me years to understand that this too was a gift,85,8,1_25_27_39_57_68_69_78,1000000000000000000000001010000000000010000000000000000010000000000110000000010000000,S______ _ _____ ____ ____ __ _ b_x ____ __ _____e__ __ ____ __ _____ __ u_________ _ha_ ____ ___ w__ _ ____
1065,Reality is that which when you stop believing in it doesnt go away,54,9,3_7_25_26_29_30_37_44_50,001000100000000000000000110011000000100000010000010000,__a___y __ ____ _____ ____ __u s__p b______n_ __ __ _o____ _o ____
1066,One love one heart one destiny,25,6,4_6_19_20_22_25,0001010000000000001101001,___ l_v_ ___ _____ ___ de_t__y
1067,Stories may well be lies but they are good lies that say true things and which can sometimes pay the rent,85,6,7_13_32_34_46_66,0000001000001000000000000000000101000000000001000000000000000000010000000000000000000,______s ___ __l_ __ ____ ___ ____ ___ _o_d ____ ____ ___ t___ ______ ___ _____ __n _________ ___ ___ ____
1068,One ought every day at least to hear a little song read a good poem see a fine picture and if it were possible to speak a few reasonable words,113,5,5_10_49_56_84,00001000010000000000000000000000000000000000000010000001000000000000000000000000000100000000000000000000000000000,___ _u___ _v___ ___ __ _____ __ ____ _ ______ ____ ____ _ ___d ____ __e _ ____ _______ ___ __ __ ____ ____i___ __ _____ _ ___ __________ _____
1069,Im a grenade and at some point Im going to blow up and I would like to minimize the casualties okay,79,5,22_23_41_63_70,0000000000000000000001100000000000000000100000000000000000000010000001000000000,__ _ _______ ___ __ ____ __in_ __ _____ __ ____ __ _n_ _ _____ ____ __ ________ t__ ____a_____ ____
1070,The measure of intelligence is the ability to change,44,8,7_12_20_24_31_35_38_42,00000010000100000001000100000010001001000100,___ ___s___ _f _______g___e __ ___ _b___t_ _o ___n__
1071,Have enough courage to trust love one more time and always one more time,59,4,7_11_54_55,00000010001000000000000000000000000000000000000000000110000,____ __o___ c______ __ _____ ____ ___ ____ ____ ___ ______ ___ __re ____
1072,If you have two friends in your lifetime youre lucky If you have one good friend youre more than lucky,83,5,27_32_53_54_60,00000000000000000000000000100001000000000000000000001100000100000000000000000000000,__ ___ ____ ___ _______ __ ____ _i____m_ _____ _____ __ ___ ____ on_ ____ f_____ _____ ____ ____ _____
1073,Im quite illiterate but I read a lot,29,4,12_15_16_29,00000000000100110000000000001,__ _____ ____t__at_ ___ _ ____ _ __t
1074,When a man is denied the right to live the life he believes in he has no choice but to become an outlaw,81,6,6_22_37_45_77_81,000001000000000000000100000000000000100000001000000000000000000000000000000010001,____ _ m__ __ ______ ___ __g__ __ ____ ___ ___e __ _____v__ __ __ ___ __ ______ ___ __ ______ __ _u___w
1075,When someone leaves its because someone else is about to arrive,53,7,1_12_18_26_31_34_53,10000000000100000100000001000010010000000000000000001,W___ _______ l_____ i__ _____s_ ___e__e ____ __ _____ __ _____e
1076,Dont be satisfied with stories how things have gone with others Unfold your own myth,70,5,2_8_22_43_68,0100000100000000000001000000000000000000001000000000000000000000000100,_o__ __ _a_______ ____ __o____ ___ ______ ____ ___e ____ ______ ______ ____ ___ _y__
1077,I will not let anyone walk through my mind with their dirty feet,52,7,12_18_25_26_28_44_52,0000000000010000010000001101000000000000000100000001,_ ____ ___ ___ a_____ w___ ___ou_h __ ____ ____ _____ d____ ___t
1078,Im so glad I live in a world where there are Octobers,42,6,13_16_21_29_36_42,000000000000100100001000000010000001000001,__ __ ____ _ ___e __ a ____d _____ __e__ ___ _c_____s
1079,If you are irritated by every rub how will your mirror be polished,54,5,2_12_16_39_49,010000000001000100000000000000000000001000000000100000,_f ___ ___ ___i___e_ __ _____ ___ ___ ____ ____ m_____ __ __l_____
1080,Any fool can be happy It takes a man with real heart to make beauty out of the stuff that makes us weep,81,7,17_26_29_36_37_47_51,000000000000000010000000010010000001100000000010001000000000000000000000000000000,___ ____ ___ __ ____y __ _____ _ m__ w___ ___l h____ __ ___e ___u__ ___ __ ___ _____ ____ _____ __ ____
1081,If I should ever die God forbid let this be my epitaph THE ONLY PROOF HE NEEDED FOR THE EXISTENCE OF GOD WAS MUSIC,91,8,8_13_21_23_35_38_43_55,0000000100001000000010100000000000100100001000000000001000000000000000000000000000000000000,__ _ ____l_ ___r ___ ___ _o_b__ ___ ____ __ m_ _p____h ___ ____ ____F __ ______ ___ ___ _________ __ ___ ___ _____
1082,The greater the love the greater the tragedy when its over,48,5,11_34_36_45_47,000000000010000000000000000000000101000000001010,___ _______ t__ ____ ___ _______ ___ ___g_d_ ____ ___ o_e_
1083,Every generation imagines itself to be more intelligent than the one that went before it and wiser than the one that comes after it,108,6,2_17_46_67_77_79,010000000000000010000000000000000000000000000100000000000000000000100000000010100000000000000000000000000000,_v___ __________ _m______ ______ __ __ ____ ________e__ ____ ___ ___ ____ ____ b_____ __ __d _i___ ____ ___ ___ ____ _____ _____ __
1084,When we are no longer able to change a situation we are challenged to change ourselves,71,6,19_28_38_51_65_66,00000000000000000010000000010000000001000000000000100000000000001100000,____ __ ___ __ ______ _b__ __ ____g_ _ _______o_ __ ___ ______n___ __ ______ __rs_____
1085,Time is a drug Too much of it kills you,30,7,1_5_8_10_13_20_23,100010010100100000010010000000,T___ i_ _ d_u_ _o_ ____ _f __ k____ ___
1086,Acts of Kindness A random act of kindness no matter how small can make a tremendous impact on someone elses life,92,8,7_33_43_52_60_61_69_70,00000010000000000000000000000000100000000010000000010000000110000000110000000000000000000000,____ __ K_______ _ ______ ___ __ ______s_ __ ______ h__ _____ _a_ ____ _ _re_______ im____ __ _______ _____ ____
1087,In ancient times cats were worshipped as gods they have not forgotten this,62,8,8_23_28_40_50_51_52_55,00000001000000000000001000010000000000010000000001110010000000,__ _____n_ _____ ____ ____ w____i____ __ ____ _h__ ____ ___ for__t___ ____
1088,I myself am made entirely of flaws stitched together with good intentions,62,7,7_11_18_33_40_48_60,00000010001000000100000000000000100000010000000100000000000100,_ _____f __ _a__ ____r___ __ _____ ____c___ ___e____ ___h ____ _______o__
1089,Maybe theres something youre afraid to say or someone youre afraid to love or somewhere youre afraid to go Its gonna hurt Its gonna hurt because it matters,128,10,8_15_29_59_85_99_102_106_116_119,00000001000000100000000000001000000000000000000000000000001000000000000000000000000010000000000000100100010000000001001000000000,_____ __e___ ___e_____ _____ ___a__ __ ___ __ _______ _____ ______ __ l___ __ _________ _____ ______ t_ __ ___ _____ __r_ _t_ __n__ ____ ___a__e __ _______
1090,The most beautiful things in the world cannot be seen or touched they are felt with the heart,76,5,34_35_51_54_57,0000000000000000000000000000000001100000000000000010010010000000000000000000,___ ____ _________ ______ __ ___ _____ _an___ __ ____ __ ____h__ t__y ___ ____ ____ ___ _____
1091,Youre not to be so blind with patriotism that you cant face reality Wrong is wrong no matter who does it or says it,92,9,17_25_29_30_31_33_47_57_72,00000000000000001000000010001110100000000000001000000000100000000000000100000000000000000000,_____ ___ __ __ __ __i__ ____ _a___oti_m ____ ___ ____ __c_ _______ _r___ __ _____ __ __t___ ___ ____ __ __ ____ __
1092,The secret of health for both mind and body is not to mourn for the past nor to worry about the future but to live the present moment wisely and earnestly,124,9,21_37_38_44_71_74_76_88_89,0000000000000000000010000000000000001100000100000000000000000000000000100101000000000001100000000000000000000000000000000000,___ ______ __ ______ ___ b___ ____ ___ ____ _s n__ __ _o___ ___ ___ ____ ___ __ _____ ___u_ _h_ f_____ ___ __ _iv_ ___ _______ ______ ______ ___ _________
1093,Fighting for peace is like screwing for virginity,42,5,2_4_7_12_24,010100100001000000000001000000000000000000,_i_h__n_ ___ p____ __ ____ _c______ ___ _________
1094,We can easily forgive a child who is afraid of the dark the real tragedy of life is when men are afraid of the light,92,9,11_16_27_38_57_71_74_75_78,00000000001000010000000000100000000001000000000000000000100000000000001001100100000000000000,__ ___ _____y ____i__ _ _____ __o __ ______ __ t__ ____ ___ ____ _____d_ __ ____ __ ____ m__ ar_ _f____ __ ___ _____
1095,When you do things from your soul you feel a river moving in you a joy,55,7,1_11_12_14_15_17_20,1000000000110110100100000000000000000000000000000000000,W___ ___ __ _hi_gs _r__ y___ ____ ___ ____ _ _____ ______ __ ___ _ ___
1096,The only way to deal with an unfree world is to become so absolutely free that your very existence is an act of rebellion,98,8,6_20_33_39_48_73_76_79,00000100000000000001000000000000100000100000000100000000000000000000000010010010000000000000000000,___ __l_ ___ __ ____ ___h __ ______ ____d __ __ _e____ __ __s_______ ____ ____ ____ ____ _x__t__c_ __ __ ___ __ _________
1097,There are no faster or firmer friendships than those formed between people who love the same books,82,9,29_37_40_48_50_54_55_62_69,0000000000000000000000000000100000001001000000010100011000000100000010000000000000,_____ ___ __ ______ __ ______ ____n______ _h__ t____ ___m_d ___we__ ____l_ ___ __v_ ___ ____ _____
1098,The best books are those that tell you what you know already,49,6,1_10_31_32_44_45,1000000001000000000000000000001100000000000110000,T__ ____ __o__ ___ _____ ____ ____ __u w___ ___ ____ _lr____
1099,Because you are beautiful I enjoy looking at beautiful people and I decided a while ago not to deny myself the simpler pleasures of existence,117,9,5_12_26_35_37_38_44_61_106,000010000001000000000000010000000010110000010000000000000000100000000000000000000000000000000000000000000100000000000,____u__ ___ _r_ _________ _ __j__ ______g _t b_____f__ ______ ___ _ ____d__ _ _____ ___ ___ __ ____ ______ ___ _______ ________s __ _________
1100,Love is not affectionate feeling but a steady wish for the loved persons ultimate good as far as it can be obtained,94,7,24_28_37_57_62_67_93,0000000000000000000000010001000000001000000000000000000010000100001000000000000000000000000010,____ __ ___ ____________ __e___g ___ _ ____d_ ____ ___ ___ _____ ___s___ _l____t_ ____ __ ___ __ __ ___ __ ______e_
1101,You were born with wings why prefer to crawl through life,47,9,8_13_24_29_34_36_38_40_42,00000001000010000000000100001000010101010100000,___ ____ b___ _i__ _____ ___ p____r __ __a_l _h_o_g_ ____
1102,Solitude is fine but you need someone to tell that solitude is fine,55,4,24_30_47_49,0000000000000000000000010000010000000000000000101000000,________ __ ____ ___ ___ ___d _____n_ __ ____ ____ _____u_e __ ____
1103,I can resist anything except temptation,34,5,6_9_15_31_33,0000010010000010000000000000001010,_ ___ _e__s_ ____h___ ______ ______t_o_
1104,But a mermaid has no tears and therefore she suffers so much more,53,6,1_8_19_31_42_43,10000001000000000010000000000010000000000110000000000,B__ _ ___m___ ___ __ __a__ ___ ______o__ ___ _____rs __ ____ ____
1105,Confront the dark parts of yourself and work to banish them with illumination and forgiveness Your willingness to wrestle with your demons will cause your angels to sing,142,10,40_48_56_57_58_63_69_83_84_91,0000000000000000000000000000000000000001000000010000000111000010000010000000000000110000001000000000000000000000000000000000000000000000000000,________ ___ ____ _____ __ ________ ___ ____ __ b_____ __e_ ____ __lum____i__ ___ f__________ ___r w______n___ __ _______ ____ ____ ______ ____ _____ ____ ______ __ ____
1106,And still after all this time The sun never says to the earth You owe Me Look what happens with a love like that It lights the Whole Sky,108,9,3_23_36_47_65_71_94_101_104,001000000000000000000010000000000001000000000010000000000000000010000010000000000000000000000100000010010000,__d _____ _____ ___ ____ __m_ ___ ___ _____ s___ __ ___ __r__ ___ ___ __ ____ ___t _____n_ ____ _ ____ ____ ____ __ __g___ ___ W__l_ ___
1107,What you do the way you think makes you beautiful,40,6,8_26_28_29_36_39,0000000100000000000000000101100000010010,____ ___ d_ ___ ___ ___ _____ __k_s y__ ____t__u_
1108,Always do sober what you said youd do drunk That will teach you to keep your mouth shut,70,8,11_14_21_24_44_59_63_64,0000000000100100000010010000000000000000000100000000000000100011000000,______ __ __b__ w___ ___ s__d ____ __ _____ ____ ____ t____ ___ __ ____ _o__ _ou__ ____
1109,Be with me always take any form drive me mad only do not leave me in this abyss where I cannot find you Oh God it is unutterable I can not live without my life I can not live without my soul,149,9,14_27_84_99_100_101_103_135_141,00000000000001000000000000100000000000000000000000000000000000000000000000000000000100000000000000111010000000000000000000000000000000100000100000000,__ ____ __ _____s ____ ___ ____ _r___ __ ___ ____ __ ___ _____ __ __ ____ _____ _____ _ ______ ____ ___ __ G__ __ __ ________ble _ c__ ___ ____ _______ __ ____ _ ___ ___ __v_ ____o__ __ ____
1110,The moment you doubt whether you can fly you cease for ever to be able to do it,62,7,10_12_26_28_29_30_31,00000000010100000000000001011110000000000000000000000000000000,___ ______ y_u _____ _______ _o_ can f__ ___ _____ ___ ____ __ __ ____ __ __ __
1111,Forget safety Live where you fear to live Destroy your reputation Be notorious,66,8,15_17_18_37_41_48_55_60,000000000000001011000000000000000000100010000001000000100001000000,______ ______ __v_ wh___ ___ ____ __ ____ __s___y ____ __p______n __ __t______
1112,Be brave to stand for what you believe in even if you stand alone,52,7,4_5_21_23_30_36_40,0001100000000000000010100000010000010001000000000000,__ _ra__ __ _____ ___ ___t _o_ _____v_ __ __e_ __ y__ _____ _____
1113,Life shrinks or expands in proportion to ones courage,45,9,6_10_15_23_27_29_30_42_45,000001000100001000000010001011000000000001001,____ _h___k_ __ _x_____ __ p___o_ti__ __ ____ ___r__e
1114,Maybe everybody in the whole damn world is scared of each other,52,9,7_11_13_21_27_30_37_43_49,0000001000101000000010000010010000001000001000001000,_____ _v___b_d_ __ ___ _h___ __m_ _o___ __ _c____ _f ____ _t___
1115,It is true that those we meet can change us sometimes so profoundly that we are not the same afterwards even unto our names,100,10,7_12_14_30_41_46_49_54_55_86,0000001000010100000000000000010000000000100001001000011000000000000000000000000000000100000000000000,__ __ __u_ ___t _h___ __ ____ ___ ___n__ __ ______m__ __ p__f____ly ____ __ ___ ___ ___ ____ __________ _v__ ____ ___ _____
1116,As if you were on fire from within The moon lives in the lining of your skin,60,6,1_2_4_23_37_56,110100000000000000000010000000000000100000000000000000010000,As _f ___ ____ __ ____ ____ _i____ ___ ____ __v__ __ ___ ______ __ ___r ____
1117,After silence that which comes nearest to expressing the inexpressible is music,68,9,2_21_38_41_43_45_54_65_68,01000000000000000000100000000000000001001010100000000100000000001001,_f___ _______ ____ ____h _____ _______ __ __p__s_i_g ___ _____r_______ __ _u__c
1118,But I dont want comfort I want God I want poetry I want real danger I want freedom I want goodness I want sin,86,7,4_17_19_41_57_66_78,00010000000000001010000000000000000000001000000000000000100000000100000000000100000000,___ I ____ ____ ____o_t _ ____ ___ _ ____ ______ _ _a__ ____ ______ _ __n_ _______ I ____ _______s _ ____ ___
1119,The first draft of anything is shit,29,5,16_17_20_23_28,00000000000000011001001000010,___ _____ _____ __ an__h__g __ __i_
1120,For last years words belong to last years language And next years words await another voice,76,9,14_19_29_43_52_55_61_67_75,0000000000000100001000000000100000000000001000000001001000001000001000000010,___ ____ _____ _o___ _e____ __ ___t _____ ________ A__ ____ __a__ w____ _w___ __o____ ___c_
1121,I shut my eyes and all the world drops dead I lift my eyes and all is born again,62,8,5_10_21_23_40_43_46_59,00001000010000000000101000000000000000010010010000000000001000,_ ___t __ __e_ ___ ___ ___ w_r__ _____ ____ _ ____ m_ _y__ a__ ___ __ ____ _g___
1122,How did it get so late so soon,23,3,2_9_23,01000000100000000000001,_o_ ___ __ g__ __ ____ __ ___n
1123,He does something to me that boy Every time Its his only detriment He steps on my heart He makes me cry,82,8,3_15_22_24_27_32_43_61,0010000000000010000001010010000100000000001000000000000000001000000000000000000000,__ d___ ________g __ __ __a_ b__ E____ t___ ___ ___ _n__ _________ __ ____s __ __ _____ __ _____ __ ___
1124,You speak an infinite deal of nothing,31,6,3_4_9_17_18_26,0011000010000000110000000100000,__u s____ a_ ______te ____ __ _o_____
1125,You know what charm is a way of getting the answer yes without having asked any clear question,77,7,2_17_34_52_61_70_71,01000000000000001000000000000000010000000000000000010000000010000000011000000,_o_ ____ ____ _____ i_ _ ___ __ _______ __e ______ ___ _______ _a____ ____d ___ _____ qu______
1126,What makes the desert beautiful said the little prince is that somewhere it hides a well,73,9,13_17_19_26_33_44_54_56_68,0000000000001000101000000100000010000000000100000000010100000000000100000,____ _____ ___ d___r_ b______u_ ____ _h_ ______ ___n__ __ ____ _o_e_____ __ ____s _ ____
1127,It is a great thing to start life with a small number of really good books which are your very own,78,6,25_35_47_53_58_59,000000000000000000000000100000000010000000000010000010000110000000000000000000,__ __ _ _____ _____ __ _____ __f_ ____ _ ___l_ ______ __ __a___ __o_ ___ks _____ ___ ____ ____ ___
1128,Do your thing and dont care if they like it,34,8,1_4_5_19_21_22_30_33,1001100000000000001011000000010010,D_ _ou_ _____ ___ ____ c_re __ ____ _i__ i_
1129,I would like to be the air that inhabits you for a moment only I would like to be that unnoticed and that necessary,92,8,6_30_36_40_51_81_90_92,00000100000000000000000000000100000100010000000000100000000000000000000000000000100000000101,_ ____d ____ __ __ ___ ___ ____ _____i__ ___ f__ _ m_____ ____ _ w____ ____ __ __ ____ _________ ___ _h__ ______a_y
1130,The world was hers for the reading,28,5,3_11_24_26_28,0010000000100000000000010101,__e _____ __s ____ ___ ___ __a_i_g
1131,How wrong is it for a woman to expect the man to build the world she wants rather than to create it herself,85,10,1_8_18_25_26_39_42_49_55_56,1000000100000000010000001100000000000010010000001000001100000000000000000000000000000,H__ ____g __ __ ___ _ _o___ __ _xp___ ___ ___ __ _u__d ___ ___l_ ___ _an__ ______ ____ __ ______ __ _______
1132,All you have to do is write one true sentence Write the truest sentence that you know,69,4,1_6_36_68,100001000000000000000000000000000001000000000000000000000000000000010,A__ __u ____ __ __ __ _____ ___ ____ _______e _____ ___ ______ ________ ____ ___ __o_
1133,The world breaks everyone and afterward many are strong at the broken places,64,8,19_21_30_31_51_56_60_62,0000000000000000001010000000011000000000000000000010000100010100,___ _____ ______ ____y_n_ ___ ____rw___ ____ ___ ______ __ _h_ ___k__ _l_c__
1134,To me Fearless is not the absense of fear Its not being completely unafraid To me Fearless is having fears Fearless is having doubts Lots of them To me Fearless is living in spite of those things that scare you to death,178,10,3_10_21_55_68_80_107_113_128_159,0010000001000000000010000000000000000000000000000000001000000000000100000000000100000000000000000000000000100000100000000000000100000000000000000000000000000010000000000000000000,__ m_ _____e__ __ ___ ___ a______ __ ____ ___ ___ _____ __________ u_______ __ __ _e______ __ ___i__ _____ ________ __ ______ ___b__ ___s __ ____ __ __ ____l___ __ ______ __ _____ __ _____ _____s ____ _____ ___ __ _____
1135,They say when you are missing someone that they are probably feeling the same but I dont think its possible for you to miss me as much as Im missing you right now,130,9,11_40_48_50_57_73_78_90_108,0000000000100000000000000000000000000001000000010100000010000000000000001000010000000000010000000000000000010000000000000000000000,____ ___ ___n ___ ___ _______ _______ ____ ____ a__ _____b_y ______g ___ ____ ___ _ ____ t____ i__ ________ _o_ ___ __ ____ __ __ ___h __ __ _______ ___ _____ ___
1136,Understanding is the first step to acceptance and only with acceptance can there be recovery,78,6,11_12_53_74_77_78,000000000011000000000000000000000000000000000000000010000000000000000000010011,__________in_ __ ___ _____ ____ __ __________ ___ ____ ____ __c_______ ___ _____ __ ___o__ry
1137,The purpose of life is not to be happy It is to be useful to be honorable to be compassionate to have it make some difference that you have lived and lived well,128,7,17_27_29_30_94_125_127,00000000000000001000000000101100000000000000000000000000000000000000000000000000000000000000010000000000000000000000000000001010,___ _______ __ ____ i_ ___ __ __ _a_py __ __ __ __ ______ __ __ _________ __ __ _____________ __ ____ __ ____ ____ ___f______ ____ ___ ____ _____ ___ _____ w_l_
1138,An expert is a person who has made all the mistakes that can be made in a very narrow field,72,7,9_16_40_46_62_63_71,000000001000000100000000000000000000000100000100000000000000011000000010,__ ______ i_ _ ____o_ ___ ___ ____ ___ ___ ______e_ ____ c__ __ ____ __ _ ____ na____ ___l_
1139,Its not the face but the expressions on it Its not the voice but what you say Its not how you look in that body but the thing you do with it You are beautiful,124,7,30_44_62_89_90_101_119,0000000000000000000000000000010000000000000100000000000000000100000000000000000000000000110000000000100000000000000000100000,___ ___ ___ ____ ___ ___ __________s __ __ ___ ___ ___ v____ ___ ____ ___ ___ I__ ___ ___ ___ ____ __ ____ ____ _ut ___ _____ __u __ ____ __ ___ ___ ___u_____
1140,Dont feel bad Im usually about to die,30,7,6_12_13_15_17_21_26,000001000001101010001000010000,____ _e__ ___ Im _s_a___ a____ t_ ___
1141,Imagine smiling after a slap in the face Then think of doing it twentyfour hours a day,70,9,2_6_22_39_44_53_59_60_69,0100010000000000000001000000000000000010000100000000100000110000000010,_m___n_ _______ _____ _ _l__ __ ___ ____ ____ _h___ _f _____ __ _w_____ou_ _____ _ _a_
1142,It is only with the heart that one can see rightly what is essential is invisible to the eye,74,7,5_29_36_41_60_64_74,00001000000000000000000000001000000100001000000000000000000100010000000001,__ __ o___ ____ ___ _____ ____ ___ _a_ ___ __g____ w___ __ _________ __ __v___b__ __ ___ __e
1143,You is kind You is smart You is important,33,6,6_12_26_27_30_32,000001000001000000000000011001010,___ __ k___ __u __ _____ ___ __ _mp__t_n_
1144,There are years that ask questions and years that answer,47,5,16_26_39_41_43,00000000000000010000000001000000000000101010000,_____ ___ _____ __a_ ___ _____i___ ___ _____ _h_t _n____
1145,Letting go means to come to the realization that some people are a part of your history but not a part of your destiny,95,10,13_31_43_45_56_68_87_88_91_95,00000000000010000000000000000010000000000010100000000001000000000001000000000000000000110010001,_______ __ ___n_ __ ____ __ ___ _____z_____ ____ __m_ p_____ ___ _ _a__ __ ____ ___t___ ___ ___ _ ____ __ __ur __s___y
1146,Life appears to me too short to be spent in nursing animosity or registering wrongs,69,8,1_5_36_45_48_50_63_65,100010000000000000000000000000000001000000001001010000000000001010000,L___ a______ __ __ ___ _____ __ __ _____ __ _u_____ ___m__i_y __ __________g _r____
1147,I never change I simply become more myself,35,3,29_31_34,00000000000000000000000000001010010,_ _____ ______ _ ______ ______ ___e _y__l_
1148,Atticus told me to delete the adjectives and Id have the facts,51,6,1_6_12_27_33_48,100001000001000000000000001000001000000000000001000,A____u_ ____ m_ __ ______ ___ __j_____e_ ___ __ ____ ___ _a___
1149,I dream Sometimes I think thats the only right thing to do,47,5,12_13_29_31_35,00000000000110000000000000001010001000000000000,_ _____ _____im__ _ _____ _____ __e _n__ _i___ _____ __ __
1150,There is not always a good guy Nor is there always a bad one Most people are somewhere in between,78,5,15_42_44_76_78,000000000000001000000000000000000000000001010000000000000000000000000000000101,_____ __ ___ ____y_ _ ____ ___ ___ __ _____ ______ _ b_d ___ ____ ______ ___ _________ __ ____e_n
1151,We waste time looking for the perfect lover instead of creating the perfect love,67,8,12_15_37_39_52_53_60_66,0000000000010010000000000000000000001010000000000001100000010000010,__ _____ ____ l__k___ ___ ___ _______ _____ i_s____ __ ______ng ___ ___f___ __v_
1152,We should consider every day lost on which we have not danced at least once,61,7,6_7_12_15_21_33_59,0000011000010010000010000000000010000000000000000000000000100,__ ___ul_ ___s__e_ ____y ___ ____ __ __i__ __ ____ ___ ______ __ _____ _n__
1153,It is not that Im so smart But I stay with the questions much longer,54,7,19_29_31_37_43_52_53,000000000000000000100000000010100000100000100000000110,__ __ ___ ____ __ __ ___r_ ___ _ ____ w_t_ ___ _u_____n_ ____ ___ge_
1154,If you ever find yourself in the wrong story leave,41,7,11_24_31_34_35_37_39,00000000001000000000000100000010011010100,__ ___ ____ _i__ ________ __ t__ ____g __or_ l_a__
1155,Literature is the most agreeable way of ignoring life,45,8,8_16_24_25_34_35_36_38,000000010000000100000001100000000111010000000,_______u__ __ ___ m___ ____ea___ ___ __ ign_r___ ____
1156,Today a reader tomorrow a leader,27,5,1_3_12_20_24,101000000001000000010001000,T_d__ _ _____r _______w _ __a___
1157,We all bear scars Mine just happen to be more visible than most,51,7,20_37_38_41_42_45_47,000000000000000000010000000000000000110011001010000,__ ___ ____ _____ ____ _u__ ______ __ __ ____ vi__bl_ _h_n ____
1158,People demand freedom of speech as a compensation for the freedom of thought which they seldom use,82,9,10_16_18_53_59_62_65_73_76,0000000001000001010000000000000000000000000000000000100000100100100000001001000000,______ ___a__ ___e_o_ __ ______ __ _ ____________ ___ ___ ____d__ __ _h__g__ w____ ___y __l___ ___
1159,The bravest people are the ones who dont mind looking like cowards,55,8,20_27_34_44_50_52_54_55,0000000000000000000100000010000001000000000100000101011,___ _______ ______ ___ t__ ____ w__ ____ m___ ______g ____ _o_a_ds
1160,If you do not tell the truth about yourself you cannot tell it about other people,66,6,6_12_13_19_24_42,000001000001100000100001000000000000000001000000000000000000000000,__ ___ d_ ___ _el_ ___ _r___ _b___ ________ ___ ___n__ ____ __ _____ _____ ______
1161,Many a book is like a key to unknown chambers within the castle of ones own self,64,7,2_12_22_23_24_40_43,0100000000010000000001110000000000000001001000000000000000000000,_a__ _ ____ __ l___ _ ___ __ unk____ ________ ___h__ t__ ______ __ ____ ___ ____
1162,A cynic is a man who knows the price of everything and the value of nothing,60,9,2_11_12_13_18_35_43_49_53,010000000011100001000000000000000010000000100000100010000000,_ c____ __ _ _an w__ __o__ ___ _____ __ ____y_____ __d ___ __l__ _f _______
1163,All great and precious things are lonely,34,4,9_10_15_25,0000000011000010000000001000000000,___ _____ an_ ___c____ _____s ___ ______
1164,You might be poor your shoes might be broken but your mind is a palace,56,9,1_23_24_31_32_35_47_51_53,10000000000000000000001100000011001000000000001000101000,Y__ _____ __ ____ ____ ____s m____ __ br__e_ ___ ____ ___d __ _ p_l___
1165,It happens to everyone as they grow up You find out who you are and what you want and then you realize that people youve known forever dont see things the way you do So you keep the wonderful memories but find yourself moving on,184,10,13_14_16_80_158_175_177_178_182_184,0000000000001101000000000000000000000000000000000000000000000000000000000000000100000000000000000000000000000000000000000000000000000000000000000000000000000100000000000000001011000101,__ _______ __ _ve_y___ __ ____ ____ __ ___ ____ ___ ___ ___ ___ ___ ____ ___ ____ ___ ____ ___ _____z_ ____ ______ _____ _____ _______ ____ ___ ______ ___ ___ ___ __ __ ___ ____ ___ _________ ____r___ ___ ____ ______l_ mo___g _n
1166,Never be afraid to trust an unknown future to a known God,46,7,12_13_16_21_34_44_45,0000000000011001000010000000000001000000000110,_____ __ ____id __ t____ a_ _______ ____r_ __ _ _____ Go_
1167,Tonight I can write the saddest lines I loved her and sometimes she loved me too,65,5,1_21_25_37_58,10000000000000000000100010000000000010000000000000000000010000000,T______ _ ___ _____ ___ _a___s_ _____ _ ____d ___ ___ _________ ___ __v__ __ ___
1168,Suffering has been stronger than all other teaching and has taught me to understand what your heart used to be I have been bent and broken but I hope into a better shape,137,11,2_4_22_28_29_30_57_95_111_124_136,01010000000000000000010000011100000000000000000000000000100000000000000000000000000000000000001000000000000000100000000000010000000000010,_u_f_____ ___ ____ _____g__ ___n al_ _____ ________ ___ ___ ______ m_ __ __________ ____ ____ _____ ____ __ __ _ __v_ ____ ____ ___ ___k__ ___ _ ____ __t_ _ ______ ___p_
1169,Words are easy like the wind faithful friends are hard to find,51,7,2_15_18_20_31_34_43,010000000000001001010000000000100100000000100000000,_o___ ___ ____ __k_ _h_ w___ _______l __i____ ___ _a__ __ ____
1170,Live in the sunshine swim the sea drink the wild air,42,7,11_15_16_29_32_38_39,000000000010001100000000000010010000011000,____ __ ___ _u___in_ ____ ___ ___ _r__k ___ __ld ___
1171,Perhaps its impossible to wear an identity without becoming what you pretend to be,69,8,1_26_27_31_38_45_48_65,100000000000000000000000011000100000010000001001000000000000000010000,P______ ___ __________ __ ___r a_ __e_____ _i_____ _e__m___ ____ ___ ______d __ __
1172,At some point you just pull off the BandAid and it hurts but then its over and youre relieved,75,6,5_11_21_34_68_75,000010000010000000001000000000000100000000000000000000000000000000010000001,__ __m_ ____t ___ ____ __l_ ___ ___ _____i_ ___ __ _____ ___ ____ ___ ____ ___ _____ r______d
1173,You dont remember what happened What you remember becomes what happened,61,7,1_3_5_20_22_23_44,1010100000000000000101100000000000000000000100000000000000000,Y_u _o__ ________ ____ h_pp____ ____ ___ ________ _e_____ ____ ________
1174,Gravitation is not responsible for people falling in love,49,5,1_2_5_8_22,1100100100000000000001000000000000000000000000000,Gr__i__t___ __ ___ _____n_____ ___ ______ _______ __ ____
1175,Sometimes it seems safer to hold it all in where the only person who can judge is yourself,73,9,1_15_18_19_27_40_47_54_68,1000000000000010011000000010000000000001000000100000010000000000000100000,S________ __ ___m_ _af__ __ ___d __ ___ __ _____ t__ ____ p_____ _h_ ___ _____ __ __u_____
1176,Its been my experience that you can nearly always enjoy things if you make up your mind firmly that you will,88,9,12_17_18_19_26_34_53_73_78,0000000000010000111000000100000001000000000000000000100000000000000000001000010000000000,___ ____ __ __p____nce ____ __u ___ ____l_ ______ _____ ______ i_ ___ ____ __ ____ ____ _i____ t___ ___ ____
1177,Despite my ghoulish reputation I really have the heart of a small boy I keep it in a jar on my desk,78,9,10_20_24_27_37_42_53_55_68,000000000100000000010001001000000000100001000000000010100000000000010000000000,_______ __ g_______ __p___t__n _ ______ __v_ ___ h____ __ _ ___l_ b__ _ ____ __ __ _ j__ __ __ ____
1178,All we demanded was our right to twinkle,33,8,2_8_13_16_18_19_23_27,010000010000100101100010001000000,_l_ __ __m____d __s _ur ___h_ __ t______
1179,Dont be afraid of death be afraid of an unlived life You dont have to live forever you just have to live,83,7,23_28_34_44_48_71_82,00000000000000000000001000010000010000000001000100000000000000000000001000000000010,____ __ ______ __ _____ __ _f____ o_ __ __l____ ____ _o_ __n_ ____ __ ____ _______ ___ _u__ ____ __ __v_
1180,I cannot believe in a God who wants to be praised all the time,49,6,10_12_13_23_33_48,0000000001011000000000100000000010000000000000010,_ ______ __l_ev_ __ _ ___ __o _____ __ __ p______ ___ ___ __m_
1181,If a book about failures doesnt sell is it a success,42,7,4_5_7_14_16_27_41,000110100000010100000000001000000000000010,__ _ bo_k _____ _a_l____ ______ s___ __ __ _ _____s_
1182,Wherever you go becomes a part of you somehow,37,7,14_15_16_21_25_27_30,0000000000000111000010001010010000000,________ ___ __ bec____ a ___t _f __u _______
1183,Never lose hope Storms make people stronger and never last forever,56,7,10_22_27_35_40_43_52,00000000010000000000010000100000001000010010000000010000,_____ ____ h___ ______ __k_ ___p__ _____g__ __d __v__ ____ __r____
1184,Great things happen to those who dont stop believing trying learning and being grateful,74,5,19_69_70_72_73,00000000000000000010000000000000000000000000000000000000000000000000110110,_____ ______ ______ _o _____ ___ ____ ____ _________ ______ ________ ___ _____ __at_fu_
1185,Im sure the universe is full of intelligent life Its just been too intelligent to come here,75,8,16_28_30_40_50_55_67_74,000000000000000100000000000101000000000100000000010000100000000000100000010,__ ____ ___ ______s_ __ ____ __ __t_l______ ___e ___ ____ __e_ ___ i__________ _o ____ __r_
1186,The very least you can do in your life is figure out what you hope for And the most you can do is live inside that hope Not admire it from a distance but live right in it under its roof,145,6,16_34_71_107_114_140,0000000000000001000000000000000001000000000000000000000000000000000000100000000000000000000000000000000000100000010000000000000000000000000100000,___ ____ _____ ___ c__ __ __ ____ ____ __ _i____ ___ ____ ___ ____ ___ ___ ___ ____ ___ __n __ __ ____ ______ ____ ____ ___ ______ __ __o_ _ ____a___ ___ ____ _____ __ __ _____ _t_ ____
1187,Dont waste your time with explanations people only hear what they want to hear,65,5,1_10_31_44_51,10000000010000000000000000000010000000000001000000100000000000000,D___ _____ y___ ____ ____ _________o__ ______ ____ h___ ___t ____ ____ __ ____
1188,There are three types of lies lies damn lies and statistics,49,7,3_10_19_21_46_47_48,0010000001000000001010000000000000000000000001110,__e__ ___ _h___ _____ o_ l___ ____ ____ ____ ___ ______tic_
1189,You here to finish me off Sweetheart,30,5,7_12_13_28_29,000000100001100000000000000110,___ ___e __ __ni__ __ ___ _______ar_
1190,Dont part with your illusions When they are gone you may still exist but you have ceased to live,78,10,6_23_27_30_36_39_54_58_66_70,000001000000000000000010001001000001001000000000000001000100000001000100000000,____ _a__ ____ ____ ______o__ _h__ t___ __e __n_ ___ ___ _____ __i__ _u_ ___ ___e ___s__ __ ____
1191,Someday somewhere anywhere unfailingly youll find yourself and that and only that can be the happiest or bitterest hour of your life,111,10,12_33_38_47_56_82_87_91_99_108,000000000001000000000000000000001000010000000010000000010000000000000000000000000100001000100000001000000001000,_______ ____w____ ________ ________g__ __u__ ____ __u_____ ___ t___ ___ ____ ____ ___ __ ___ ___p____ o_ __t______ _o__ __ ____ l___
1192,I wasnt actually in love but I felt a sort of tender curiosity,50,4,8_20_26_50,00000001000000000001000001000000000000000000000001,_ _____ _c______ __ ___e ___ _ _e__ _ ____ __ ______ ________y
1193,It is forbidden to kill therefore all murderers are punished unless they kill in large numbers and to the sound of trumpets,102,7,24_25_33_41_71_73_99,000000000000000000000001100000001000000010000000000000000000000000000010100000000000000000000000001000,__ __ _________ __ ____ ____ef___ ___ _u_______ a__ ________ ______ ____ ____ __ ___g_ n______ ___ __ ___ _____ __ ____p___
1194,Though nobody can go back and make a new beginning Anyone can start over and make a new ending,76,9,4_5_6_21_24_32_44_55_57,0001110000000000000010010000000100000000000100000000001010000000000000000000,___ugh ______ ___ __ ___k __d ____ _ __w _________ __y___ ___ ____t _v__ ___ ____ _ ___ ______
1195,Time is an illusion Lunchtime doubly so,33,7,16_18_20_21_22_29_32,000000000000000101011100000010010,____ __ __ _______n _u_cht___ ___b__ s_
1196,Fall down again Bella No Emmett I punched a werewolf in the face,52,7,5_11_12_13_16_22_49,0000100000111001000001000000000000000000000000001000,____ d___ __ain __l__ __ _m____ _ _______ _ ________ __ ___ f___
1197,Whatever the cost of our libraries the price is cheap compared to that of an ignorant nation,76,8,1_3_6_23_24_48_51_64,1010010000000000000000110000000000000000000000010010000000000001000000000000,W_a__v__ ___ ____ __ ___ __br_____ ___ _____ __ _____ ___p__e_ __ ____ __ __ _g______ ______
1198,Dont you think its better to be extremely happy for a short while even if you lose it than to be just okay for your whole life,100,7,1_23_26_46_58_79_90,1000000000000000000000100100000000000000000001000000000001000000000000000000001000000000010000000000,D___ ___ _____ ___ ______ _o __ e________ _____ ___ _ __o__ _____ ____ i_ ___ ____ __ ____ __ __ __s_ ____ ___ __u_ _____ ____
1199,Oh well Id just been thinking if you had died youd have been welcome to share my toilet,70,5,6_31_38_42_69,0000010000000000000000000000001000000100010000000000000000000000000010,__ ___l __ ____ ____ ________ __ ___ _a_ ____ _o__ _a__ ____ _______ __ _____ __ ____e_
1200,You never know what worse luck your bad luck has saved you from,51,7,3_10_22_24_37_48_51,001000000100000000000101000000000000100000000001001,__u _____ _n__ ____ _____ l_c_ ____ ___ ____ h__ _____ ___ f__m
1201,The past has no power over the present moment,37,5,19_20_26_32_36,0000000000000000001100000100000100010,___ ____ ___ __ _____ _ve_ ___ _r_____ m___n_
1202,You know when it works love is pretty amazing Its not overrated Theres a reason for all those songs,81,8,3_4_30_33_36_45_48_68,001100000000000000000000000001001001000000001001000000000000000000010000000000000,__u k___ ____ __ _____ ____ __ _____y __a__n_ ___ ___ _v__r____ ______ _ ______ __r ___ _____ _____
1203,You will do foolish things but do them with enthusiasm,45,4,12_14_28_29,000000000001010000000000000110000000000000000,___ ____ __ __o_i__ ______ ___ __ th__ ____ __________
1204,He stepped down trying not to look long at her as if she were the sun yet he saw her like the sun even without looking,93,6,14_33_41_59_77_83,000000000000010000000000000000001000000010000000000000000010000000000000000010000010000000000,__ _______ ____ t_____ ___ __ ____ ____ a_ ___ __ _f ___ ____ ___ ___ ___ _e ___ ___ ____ ___ ___ _v__ ___h___ _______
1205,Words are pale shadows of forgotten names As names have power words have power Words can light fires in the minds of men Words can wring tears from the hardest hearts,136,7,9_30_33_50_78_118_124,0000000010000000000000000000010010000000000000000100000000000000000000000000010000000000000000000000000000000000000001000001000000000000,_____ ___ p___ _______ __ ________n __m__ __ _____ ____ ___e_ _____ ____ _____ _____ ___ ____t _____ __ ___ _____ __ ___ _____ ___ _____ _____ _r__ ___ h______ ______
1206,Look after my heart Ive left it with you,32,4,3_28_29_30,00100000000000000000000000011100,__o_ _____ __ _____ ___ ____ __ __th y__
1207,You see things you say Why But I dream things that never were and I say Why not,62,7,14_15_22_27_33_35_42,00000000000001100000010000100000101000000100000000000000000000,___ ___ ______ _ou ___ ___ B__ _ _r___ __i_g_ ____ _e___ ____ ___ _ ___ ___ ___
1208,The happiness of your life depends upon the quality of your thoughts,57,5,1_4_16_27_54,100100000000000100000000001000000000000000000000000001000,T__ h________ __ _o__ ____ ____n__ ____ ___ _______ __ ____ ____g___
1209,Growing apart doesnt change the fact that for a long time we grew side by side our roots will always be tangled Im glad for that,103,9,7_9_17_21_59_81_86_98_101,0000001010000000100010000000000000000000000000000000000000100000000000000000000010000100000000000100100,______g _p___ ____n_ __a___ ___ ____ ____ ___ _ ____ ____ __ ____ ____ _y ____ ___ _____ ____ _____s __ __n____ __ ____ _o_ _h__
1210,When I discover who I am Ill be free,28,8,3_4_6_7_8_11_14_19,0011011100100100001000000000,__en _ dis__v__ w__ _ _m ___ __ ____
1211,Say provoking again Your mouth looks provocative when you do,51,9,10_24_31_32_33_34_43_44_50,000000000100000000000001000000111100000000110000010,___ ______i__ _____ ____ __u__ ____s pro________ wh__ ___ d_
1212,We are just an advanced breed of monkeys on a minor planet of a very average star But we can understand the Universe That makes us something very special,125,9,1_23_30_43_71_87_90_118_123,10000000000000000000001000000100000000000010000000000000000000000000001000000000000000100100000000000000000000000000010000100,W_ ___ ____ __ ________ ___e_ __ ___k___ __ _ _____ _l____ __ _ ____ _______ ____ ___ __ c__ __________ ___ U__v____ ____ _____ __ _________ ___y ____i__
1213,You cannot pick and choose what parts of her to love,42,5,14_15_17_22_41,000000000000011010000100000000000000000010,___ ______ ____ an_ c____e ____ _____ __ ___ __ __v_
1214,I woke up thinking a very pleasant thought There is lots left in the world to read,66,7,2_11_17_21_37_39_66,010000000010000010001000000000000000101000000000000000000000000001,_ w___ __ ___n____ _ v___ p_______ _______ _h_r_ __ ____ ____ __ ___ _____ __ ___d
1215,People say that life is the thing but I prefer reading,44,5,21_23_29_31_41,00000000000000000000101000001010000000001000,______ ___ ____ ____ __ _h_ t____ _u_ I ______ ___d___
1216,Do not fear failure but rather fear not trying,38,5,3_6_32_36_38,00100100000000000000000000000001000101,__ n__ f___ _______ ___ ______ ____ __t ___i_g
1217,Everyone you will ever meet knows something you dont,44,8,5_19_22_27_34_36_37_41,00001000000000000010010000100000010110001000,____y___ ___ ____ ___r __e_ ___w_ _____h_ng ___ d___
1218,Knock And Hell open the door Vanish And Hell make you shine like the sun Fall And Hell raise you to the heavens Become nothing And Hell turn you into everything,130,10,9_15_43_59_61_76_89_95_101_113,0000000010000010000000000000000000000000001000000000000000101000000000000001000000000000100000100000100000000000100000000000000000,_____ ___ H___ __e_ ___ ____ ______ ___ ____ ____ __u _____ ____ ___ ___ F_l_ ___ ____ _____ _o_ __ ___ ______s _____e _____n_ ___ ____ ___n ___ ____ __________
1219,Hello babies Welcome to Earth Its hot in the summer and cold in the winter Its round and wet and crowded On the outside babies youve got a hundred years here Theres only one rule that I know of babies God damn it youve got to be kind,186,8,3_16_47_51_74_125_146_170,001000000000000100000000000000000000000000000010001000000000000000000000010000000000000000000000000000000000000000000000000010000000000000000000010000000000000000000000010000000000000000,__l__ ______ ____o__ __ _____ ___ ___ __ ___ ______ ___ _o__ _n ___ ______ ___ _____ ___ __t ___ _______ __ ___ _______ ______ _____ ___ _ _______ _____ _e__ ______ ____ ___ ____ _h__ _ ____ __ ______ ___ ____ _t _____ ___ __ __ ____
1220,If you want to be a writer you must do two things above all others read a lot and write a lot,72,9,8_15_42_48_49_51_52_56_66,000000010000001000000000000000000000000001000001101100010000000001000000,__ ___ __n_ __ __ _ w_____ ___ ____ __ ___ ______ ___v_ ___ _th_rs ___d _ ___ ___ __i__ _ ___
1221,Success is getting what you want happiness is wanting what you get,55,6,7_12_16_24_26_32,0000001000010001000000010100000100000000000000000000000,______s __ __t___g ____ ___ w_n_ ____i____ __ _______ ____ ___ ___
1222,To say goodbye is to die a little,26,5,6_10_17_21_24,00000100010000001000100100,__ ___ g___b__ __ __ d__ _ l__t__
1223,What you do speaks so loudly that I cannot hear what you say,48,7,11_14_23_28_36_39_42,000000000010010000000010000100000001001001000000,____ ___ __ _p__k_ __ _____y ____ I ______ _e__ w__t ___ ___
1224,What and how much had I lost by trying to do only what was expected of me instead of what I myself had wished to do,90,10,12_23_48_50_59_65_66_72_74_85,000000000001000000000010000000000000000000000001010000000010000011000001010000000000100000,____ ___ ___ _u__ ___ _ ____ b_ ______ __ __ ____ ____ ___ __p_c___ __ __ _n_____ of ____ _ m_s___ ___ ____e_ __ __
1225,I love you like a fat kid loves cake,28,5,3_4_10_11_14,0011000001100100000000000000,_ _ov_ ___ _ik_ _ f__ ___ _____ ____
1226,Live in the present remember the past and fear not the future for it doesnt exist and never shall There is only now,93,8,10_24_51_56_64_73_74_90,000000000100000000000001000000000000000000000000001000010000000100000000110000000000000001000,____ __ ___ p______ _______r ___ ____ ___ ____ ___ ___ ______ f__ __ d_____ __i__ ___ ___er _____ _____ __ ___y ___
1227,I can shake off everything as I write my sorrows disappear my courage is reborn,65,10,1_8_14_18_19_26_33_43_45_49,10000001000001000110000001000000100000000010100010000000000000000,I ___ ___k_ ___ _v___th___ __ _ w____ __ s______ ___a_p___ m_ _______ __ ______
1228,It was not the feeling of completeness I so needed but the feeling of not being empty,69,6,17_20_24_25_38_43,000000000000000010010001100000000000010000100000000000000000000000000,__ ___ ___ ___ _____n_ _f ___pl_______ _ __ __e___ _u_ ___ _______ __ ___ _____ _____
1229,And when her lips met mine I knew that I could live to be a hundred and visit every country in the world but nothing would ever compare to that single moment when I first kissed the girl of my dreams and knew that my love would last forever,192,9,14_47_65_99_105_113_118_136_155,000000000000010000000000000000000000000000000010000000000000000010000000000000000000000000000000001000001000000010000100000000000000000100000000000000000010000000000000000000000000000000000000,___ ____ ___ ___s ___ ____ _ ____ ____ _ _____ ____ __ __ _ _u_____ ___ _____ ____y _______ __ ___ _____ ___ _______ _____ _v__ ___p___ __ __a_ ___g__ ______ ____ _ ____t ______ ___ ____ __ __ _r____ ___ ____ ____ __ ____ _____ ____ _______
1230,The reasonable man adapts himself to the world the unreasonable one persists in trying to adapt the world to himself Therefore all progress depends on the unreasonable man,144,9,6_24_29_48_64_73_104_130_139,000001000000000000000001000010000000000000000001000000000000000100000000100000000000000000000000000000010000000000000000000000000100000000100000,___ __a_______ ___ ______ _i____f __ ___ _____ ___ _____s______ ___ ______t_ __ _____g __ _____ ___ _____ __ _______ ______o__ ___ ________ _______ __ ___ u________b__ ___
1231,If you want to tell people the truth make them laugh otherwise theyll kill you,64,9,2_3_6_19_25_39_40_43_45,0110010000000000001000001000000000000011001010000000000000000000,_f y__ w___ __ ____ ___p__ ___ t____ ____ ____ _au__ o_h______ ______ ____ ___
1232,That it will never come again is what makes life so sweet,46,6,1_11_15_18_33_41,1000000000100010010000000000000010000000100000,T___ __ ____ n___r __m_ _____ __ ____ __k__ ____ _o _____
1233,Welcome to the wonderful world of jealousy he thought For the price of admission you get a splitting headache a nearly irresistable urge to commit murder and an inferiority complex Yippee,157,10,33_37_80_86_104_108_117_151_152_154,0000000000000000000000000000000010001000000000000000000000000000000000000000000100000100000000000000000100010000000010000000000000000000000000000000001101000,_______ __ ___ _________ _____ __ ____o___ h_ _______ ___ ___ _____ __ _________ ___ ___ _ _____t___ __a_____ _ ______ _____i___b__ ____ __ c_____ ______ ___ __ ___________ ______x Y_p___
1234,Education is the ability to listen to almost anything without losing your temper or your selfconfidence,88,10,4_6_8_16_38_42_66_68_71_76,0001010100000001000000000000000000000100010000000000000000000000010100100001000000000000,___c_t_o_ __ ___ _b_____ __ ______ __ ______ a___h___ _______ ______ ____ ___p_r __ y___ _e____________
1235,Happiness is only real when shared,29,5,4_5_19_25_27,00011000000000000010000010100,___pi____ __ ____ ___l ____ _h_r__
1236,You cant measure the mutual affection of two human beings by the number of words they exchange,78,6,19_45_65_66_69_71,000000000000000000100000000000000000000000001000000000000000000011001010000000,___ ____ _______ ___ _u____ _________ __ ___ _____ __i___ __ ___ ______ __ ___ds __e_ e_______
1237,Have you ever noticed that anybody driving slower than you is an idiot and anyone going faster than you is a maniac,94,6,18_37_40_41_66_93,0000000000000000010000000000000000001001100000000000000000000000010000000000000000000000000010,____ ___ ____ ______d ____ _______ _______ s__we_ ____ ___ __ __ _____ ___ ____n_ _____ ______ ____ ___ __ _ ____a_
1238,Love is an untamed force When we try to control it it destroys us When we try to imprison it it enslaves us When we try to understand it it leaves us feeling lost and confused,140,5,16_19_45_56_108,00000000000000010010000000000000000000000000100000000001000000000000000000000000000000000000000000000000000100000000000000000000000000000000,____ __ __ _______ f__c_ ____ __ ___ __ _______ __ __ __s_____ __ ___n __ ___ __ ________ __ __ ________ __ ____ __ ___ __ __________ _t __ ______ __ _______ ____ ___ ________
1239,Let us learn to show our friendship for a man when he is alive and not after he is dead,68,8,3_10_16_18_27_49_54_67,00100000010000010100000000100000000000000000000010000100000000000010,__t __ ____n __ ___w _u_ _______h__ ___ _ ___ ____ __ __ ____e ___ _o_ _____ __ __ __a_
1240,If you treat an individual as he is he will remain how he is But if you treat him as if he were what he ought to be and could be he will become what he ought to be and could be,135,10,2_17_21_24_31_40_82_105_110_130,010000000000000010001001000000100000000100000000000000000000000000000000000000000100000000000000000000001000010000000000000000000100000,_f ___ _____ __ ____v___a_ _s __ __ __ w___ _____n ___ __ __ ___ __ ___ _____ ___ __ __ __ ____ ____ __ __g__ __ __ ___ _____ __ __ ____ b____e ____ __ _____ __ __ ___ _o___ __
1241,If we wait for the moment when everything absolutely everything is ready we shall never begin,78,8,9_17_19_21_30_46_60_74,000000001000000010101000000001000000000000000100000000000001000000000000010000,__ __ ____ f__ ___ __m_n_ w___ _____t____ __________ _v________ __ ___d_ __ _____ _____ b____
1242,Though she be but little she is fierce,31,6,5_10_17_27_30_31,0000100001000000100000000010011,____g_ ___ b_ ___ __t___ ___ __ _i__ce
1243,And when at last you find someone to whom you feel you can pour out your soul you stop in shock at the words you utter they are so rusty so ugly so meaningless and feeble from being kept in the small cramped dark inside you so long,184,8,34_89_93_108_138_145_165_170,0000000000000000000000000000000001000000000000000000000000000000000000000000000000000000100010000000000000010000000000000000000000000000010000001000000000000000000010000100000000000000,___ ____ __ ____ ___ ____ _______ __ ____ y__ ____ ___ ___ ____ ___ ____ ____ ___ ____ __ _____ __ ___ _____ ___ u___r ____ ___ __ _____ s_ ____ __ ___________ ___ ______ __o_ _____ k___ __ ___ _____ ______d ____ i_____ ___ __ ____
1244,Yeah Quirrell was a great teacher There was just that minor drawback of him having Lord Voldemort sticking out of the back of his head,110,7,30_37_53_64_73_77_82,00000000000000000000000000000100000010000000000000001000000000010000000010001000010000000000000000000000000000,____ ________ ___ _ _____ _______ _h___ ___ j___ ____ _____ ___w____ __ ___ _a____ ____ V___e____ s_______ ___ __ ___ ____ __ ___ ____
1245,Reading furnishes the mind only with materials of knowledge it is thinking that makes what we read ours,86,6,9_11_23_51_63_65,00000000101000000000001000000000000000000000000000100000000000101000000000000000000000,_______ _u_n_____ ___ ___d ____ ____ _________ __ ________e __ __ _______g _h__ _____ ____ __ ____ ____
1246,We must be willing to let go of the life we planned so as to have the life that is waiting for us,75,8,3_6_34_39_56_62_72_73,001001000000000000000000000000000100001000000000000000010000010000000001100,__ m__t __ _______ __ ___ __ __ ___ ____ __ p____e_ __ __ __ ____ ___ __f_ ____ i_ _______ _or __
1247,When it is dark enough you can see the stars,35,5,7_14_22_31_34,00000010000001000000010000000010010,____ __ i_ ____ _n____ ___ c__ ___ ___ s__r_
1248,Take pride in your pain you are stronger than those who have none,53,8,3_5_22_31_35_36_43_48,00101000000000000000010000000010001100000010000100000,__k_ p____ __ ____ ____ __u ___ _____g__ _ha_ _____ w__ __v_ ____
1249,you can you should and if youre brave enough to start you will,50,9,5_14_15_21_24_32_39_46_48,00001000000001100000100100000001000000100000010100,___ _a_ ___ ____ld ___ __ y__r_ _____ _n____ __ s____ __u _i__
1250,Never say no to adventures Always say yes otherwise youll lead a very dull life,65,7,10_11_15_17_21_24_40,00000000011000101000100100000000000000010000000000000000000000000,_____ ___ _o t_ __v_n___e_ _l____ ___ ___ _____w___ _____ ____ _ ____ ____ ____
1251,I cannot teach anybody anything I can only make them think,48,6,16_17_20_27_34_47,000000000000000110010000001000000100000000000010,_ ______ _____ ___bo__ a______g _ ___ __l_ ____ ____ ___n_
1252,You think your pain and your heartbreak are unprecedented in the history of the world but then you read,85,5,39_48_49_57_78,0000000000000000000000000000000000000010000000011000000010000000000000000000010000000,___ _____ ____ ____ ___ ____ __________ ___ __p________ed __ ___ __s____ __ ___ _____ ___ ___n ___ ____
1253,Life is a shipwreck but we must not forget to sing in the lifeboats,54,7,2_9_12_13_23_35_52,010000001001100000000010000000000010000000000000000100,_i__ __ _ _h__wr___ ___ __ _u__ ___ ______ t_ ____ __ ___ ______a__
1254,So its you and a syringe against the Capitol See this is why no one lets you make the plans,72,7,9_21_41_47_49_55_69,000000001000000000001000000000000000000010000010100000100000000000001000,__ ___ ___ a__ _ _______ _g_____ ___ _______ ___ _h__ __ _h_ n_ ___ _e__ ___ ____ ___ _l___
1255,Youth is happy because it has the capacity to see beauty Anyone who keeps the ability to see beauty never grows old,94,9,9_15_17_30_48_85_87_93_94,0000000010000010100000000000010000000000000000010000000000000000000000000000000000001010000011,_____ __ _a___ __c_u__ __ ___ ___ __p_____ __ ___ ______ _n____ ___ _____ ___ _______ __ ___ ______ ___e_ g____ _ld
1256,Money cant buy happiness but it can make you awfully comfortable while youre being miserable,78,9,5_14_17_48_50_68_71_73_77,000010000000010010000000000000000000000000000001010000000000000000010010100010,____y ____ ___ _a__i____ ___ __ ___ ____ ___ _______ ____o_t____ _____ _____ ___n_ _i_e___l_
1257,What is that you express in your eyes It seems to me more than all the print I have read in my life,77,9,11_15_25_44_49_64_74_75_76,00000000001000100000000010000000000000000001000010000000000000010000000001110,____ __ ____ y__ _x_____ __ __u_ ____ __ _____ __ __ __r_ ___n ___ ___ _____ _ __v_ ____ __ __ lif_
1258,There are three rules for writing a novel Unfortunately no one knows what they are,68,7,9_32_36_37_52_53_57,00000000100000000000000000000001000110000000000000011000100000000000,_____ ___ t____ _____ ___ _______ _ __v__ _nf__________ __ __e k___s ____ ____ ___
1259,The meek may inherit the earth but at the moment it belongs to the conceited Like me,68,6,15_30_38_42_55_61,00000000000000100000000000000100000001000100000000000010000010000000,___ ____ ___ ____r__ ___ _____ ___ _t ___ ____n_ __ b______ __ ___ _o_____e_ ____ __
1260,Every great love starts with a great story,35,4,3_11_15_17,00100000001000101000000000000000000,__e__ _____ l___ s_a___ ____ _ _____ _____
1261,Life is a series of natural and spontaneous changes Dont resist them that only creates sorrow Let reality be reality Let things flow naturally forward in whatever way they like,147,7,25_55_83_89_90_115_131,000000000000000000000000100000000000000000000000000000100000000000000000000000000010000011000000000000000000000000100000000000000010000000000000000,____ __ _ ______ __ _______ __d ___________ _______ ____ ______ _h__ ____ ____ _______ ______ ___ _e_____ be _______ ___ ______ ____ ____r____ _______ __ __a_____ ___ ____ ____
1262,There is no exquisite beauty without some strangeness in the proportion,61,9,2_19_24_25_34_36_39_53_61,0100000000000000001000011000000001010010000000000000100000001,_h___ __ __ _________ b____y w______ __m_ s__a_______ __ ___ _r_______n
1263,Every man I meet wants to protect me I cant figure out what from,51,7,15_16_28_31_38_43_50,000000000000001100000000000100100000010000100000010,_____ ___ _ ____ _an__ __ _______ m_ _ c___ ___u__ __t ____ __o_
1264,Life he realize was much like a song In the beginning there is mystery in the end there is confirmation but its in the middle where all the emotion resides to make the whole thing worthwhile,155,7,60_99_109_133_137_138_146,00000000000000000000000000000000000000000000000000000000000100000000000000000000000000000000000000100000000010000000000000000000000010001100000001000000000,____ __ _______ ___ ____ ____ _ ____ __ ___ _________ _____ __ _______ __ t__ ___ _____ __ ____________ ___ ___ __ ___ ___d__ _____ __l ___ _______ _______ __ ____ t__ _ho__ _____ w_________
1265,A ship is safe in harbor but thats not what ships are for,45,3,8_34_45,000000010000000000000000000000000100000000001,_ ____ __ s___ __ ______ ___ _____ ___ ___t _____ ___ __r
1266,So many things are possible just as long as you dont know theyre impossible,62,9,3_8_14_24_40_43_51_55_59,00100001000001000000000100000000000000010010000000100010001000,__ m___ _h____ _r_ ________ j___ __ ____ __ ___ _o__ k___ ____r_ __p___i___
1267,The only way to get through life is to laugh your way through it You either have to laugh or cry I prefer to laugh Crying gives me a headache,112,9,15_20_25_26_34_67_78_87_94,0000000000000010000100001100000001000000000000000000000000000000001000000000010000000010000001000000000000000000,___ ____ ___ __ __t ____u__ __fe __ __ ___g_ ____ ___ _______ __ ___ ______ ____ __ l____ __ ___ _ p_____ __ _a___ ___i__ _____ __ _ ________
1268,Appear weak when you are strong and strong when you are weak,49,6,3_16_18_29_36_49,0010000000000001010000000000100000010000000000001,__p___ ____ ____ _o_ a__ ______ __d ______ w___ ___ ___ ___k
1269,All women become like their mothers That is their tragedy No man does and that is his,69,6,4_17_26_45_52_57,000100000000000010000000010000000000000000001000000100001000000000000,___ w____ ______ __k_ _____ __t____ ____ __ _____ ___g___ __ _a_ ___s ___ ____ __ ___
1270,Books should go where they will be most appreciated and not sit unread gathering dust on a forgotten shelf dont you agree,100,10,5_14_22_27_37_38_62_75_78_93,0000100000000100000001000010000000001100000000000000000000000100000000000010010000000000000010000000,____s ______ __ w____ ___y ____ b_ ____ ____ec_____ ___ ___ ___ ______ ___h_____ ____ __ _ f__g_____ _____ ____ y__ _____
1271,Behind every exquisite thing that existed there was something tragic,59,8,1_6_14_23_29_42_46_52,10000100000001000000001000001000000000000100010000010000000,B____d _____ __q______ __i__ ___t _______ _____ w__ _o_____n_ ______
1272,Crying is all right in its way while it lasts But you have to stop sooner or later and then you still have to decide what to do,100,8,1_19_28_33_43_45_52_53,1000000000000000001000000001000010000000001010000001100000000000000000000000000000000000000000000000,C_____ __ ___ _____ __ i__ ___ ___l_ __ _a___ ___ ___ h_v_ __ ___p s_____ __ _____ ___ ____ ___ _____ ____ __ ______ ____ __ __
1273,If I got rid of my demons Id lose my angels,33,7,9_13_15_22_23_29_33,000000001000101000000110000010001,__ _ ___ __d __ _y _e____ __ lo__ __ _n___s
1274,If you ask me what I came to do in this world I an artist will answer you I am here to live out loud,76,8,2_4_8_16_27_54_67_71,0101000100000001000000000010000000000000000000000000010000000000001000100000,_f _o_ __k __ ____ _ c___ __ __ __ _h__ _____ _ __ ______ ____ ______ y__ _ __ ____ __ _i__ _u_ ____
1275,No woman really wants a man to carry her off she only wants him to want to do it,62,4,4_34_55_59,00010000000000000000000000000000010000000000000000000010001000,__ _o___ ______ _____ _ ___ __ _____ ___ _f_ ___ ____ _____ ___ __ __n_ __ d_ __
1276,You couldnt relive your life skipping the awful parts without losing what made it worthwhile You had to accept it as a wholelike the world or the person you loved,133,8,18_39_50_55_64_65_108_121,0000000000000000010000000000000000000010000000000100001000000001100000000000000000000000000000000000000000010000000000001000000000000,___ _______ ______ _o__ ____ ________ ___ ___u_ _____ ____o__ __s___ ____ _ad_ __ __________ ___ ___ __ ______ __ __ _ _________ _h_ _____ __ ___ _e____ ___ _____
1277,She read books as one would breathe air to fill up and live,47,7,9_12_20_26_45_46_47,00000000100100000001000001000000000000000000111,___ ____ _o__s __ ___ __u__ ___a___ ___ __ ____ __ ___ _ive
1278,Im not young enough to know everything,32,5,1_15_17_25_29,10000000000000101000000010001000,I_ ___ _____ ____g_ t_ ____ __e___h___
1279,The only way to get rid of temptation is to yield to it,43,8,2_8_12_20_23_26_32_39,0100000100010000000100100100000100000010000,_h_ ____ w__ _o ___ ___ _f __m__a____ _s __ ____d __ __
1280,Failure is the condiment that gives success its flavor,46,8,1_13_16_17_18_22_29_42,1000000000001001110001000000100000000000010000,F______ __ ___ c__dim___ t___ ___e_ _______ ___ _l____
1281,I realize now that dying is easy Living is hard,38,7,5_10_12_26_29_34_37,00001000010100000000000001001000010010,_ ___l___ _o_ t___ _____ __ ___y __v___ _s __r_
1282,In politics If you want anything said ask a man If you want anything done ask a woman,68,4,3_8_58_61,00100001000000000000000000000000000000000000000000000000010010000000,__ p____i__ __ ___ ____ ________ ____ ___ _ ___ __ ___ ____ ________ __n_ _s_ _ _____
1283,Always find opportunities to make someone smile and to offer random acts of kindness in everyday life,85,7,8_20_22_58_64_71_77,0000000100000000000101000000000000000000000000000000000001000001000000100000100000000,______ _i__ _________t_e_ __ ____ _______ _____ ___ __ _____ ______ a___ __ k______s __ ___r____ ____
1284,Be clearly aware of the stars and infinity on high Then life seems almost enchanted after all,77,7,3_31_32_40_43_58_59,00100000000000000000000000000011000000010010000000000000011000000000000000000,__ c______ _____ __ ___ _____ ___ ___in___ __ __g_ _h__ ____ _____ ___os_ _________ _____ ___
1285,Everybody talks about wanting to change things and help and fix but ultimately all you can do is fix yourself And thats a lot Because if you can fix yourself it has a ripple effect,146,9,2_9_23_33_86_108_114_127_139,01000000100000000000001000000000100000000000000000000000000000000000000000000000000001000000000000000000000100000100000000000010000000000010000000,_v______y _____ _____ ___t___ __ ____g_ ______ ___ ____ ___ ___ ___ __________ ___ ___ ___ __ __ ___ ___r____ ___ _____ _ ___ _____s_ __ __u ___ ___ ______l_ __ ___ _ ____l_ ______
1286,I knew when I met you an adventure was going to happen,43,7,2_14_20_21_22_24_26,0100000000000100000111010100000000000000000,_ k___ ____ _ ___ y__ __ _dve_t_r_ ___ _____ __ ______
1287,Rivers know this there is no hurry We shall get there some day,50,8,6_9_10_13_33_34_38_47,00000100110010000000000000000000110001000000001000,_____s __ow __i_ _____ __ __ _____ __ __al_ __t _____ ___e ___
1288,All your life you will be faced with a choice You can choose love or hate I choose love,69,6,19_26_42_53_57_60,000000000000000000100000010000000000000001000000000010001001000000000,___ ____ ____ ___ ____ b_ _____ w___ _ ______ ___ __n ______ ____ o_ __t_ _ c_____ ____
1289,Everyone is a moon and has a dark side which he never shows to anybody,56,8,2_30_34_43_44_48_50_53,01000000000000000000000000000100010000000011000101001000,_v______ __ _ ____ ___ ___ _ ____ ___e ___c_ __ _____ sh___ t_ a__b___
1290,Its funny how humans can wrap their mind around things and fit them into their version of reality,80,8,19_30_40_45_64_71_72_78,00000000000000000010000000000100000000010000100000000000000000010000001100000100,___ _____ ___ ______ _a_ ____ _____ m___ ______ t____s ___ ___ ____ ____ ____r ______n o_ ____i__
1291,And then he gives me a smile that just seems so genuinely sweet with just the right touch of shyness that unexpected warmth rushes through me,116,11,12_34_38_46_62_64_89_90_101_108_110,00000000000100000000000000000000010001000000010000000000000001010000000000000000000000001100000000001000000101000000,___ ____ __ __v__ __ _ _____ ____ ____ ___m_ __ g_______y _____ ____ ____ __e _i___ _____ __ _______ ____ ___xp_____ _____h ______ t_r____ __
1292,You wanna fly you got to give up the shit that weighs you down,49,8,7_9_12_25_35_38_39_46,0000001010010000000000001000000000100110000001000,___ ___n_ f__ y__ ___ __ ____ _p ___ ____ __a_ _ei___ ___ d___
1293,When I am with you we stay up all night When youre not here I cant go to sleep Praise God for those two insomnias And the difference between them,116,5,60_83_87_103_111,00000000000000000000000000000000000000000000000000000000000100000000000000000000001000100000000000000010000000100000,____ _ __ ____ ___ __ ____ __ ___ _____ ____ _____ ___ ____ _ ____ __ __ ____p ______ ___ ___ _____ ___ __s___i__ ___ ___ _______n__ _____e_ ____
1294,Men are afraid that women will laugh at them Women are afraid that men will kill them,69,4,30_35_55_66,000000000000000000000000000001000010000000000000000000100000000001000,___ ___ ______ ____ _____ ____ ____h __ __e_ _____ ___ ______ ____ m__ ____ ____ t___
1295,Biology gives you a brain Life turns it into a mind,41,8,4_18_19_25_26_27_38_40,00010000000000000110000011100000000001010,___l___ _____ ___ _ _ra__ ___e tu___ __ ____ _ m_n_
1296,Time is Too Slow for those who Wait Too Swift for those who Fear Too Long for those who Grieve Too Short for those who Rejoice But for those who Love Time is not,128,8,11_27_68_82_90_105_118_119,00000000001000000000000000100000000000000000000000000000000000000001000000000000010000000100000000000000100000000000011000000000,____ __ ___ _l__ ___ _____ ___ __i_ ___ _____ ___ _____ ___ ____ ___ ____ ___ _____ _h_ ______ ___ ___r_ ___ ___s_ ___ _______ ___ f__ _____ ___ __ve ____ __ ___
1297,Everything we hear is an opinion not a fact Everything we see is a perspective not the truth,75,5,48_56_58_60_61,000000000000000000000000000000000000000000000001000000010101100000000000000,__________ __ ____ __ __ _______ ___ _ ____ __________ __ s__ __ _ __r_p_ct___ ___ ___ _____
1298,Do I contradict myself Very well then I contradict myself I am large I contain multitudes,74,8,12_20_27_34_43_44_53_54,00000000000100000001000000100000010000000011000000001100000000000000000000,__ _ ________c_ ______ V___ ___l ____ _ _o________ my____ _ __ _ar__ _ _______ __________
1299,You can cut all the flowers but you cannot keep Spring from coming,54,10,11_14_18_19_22_23_34_42_46_49,000000000010010001100110000000000100000001000100100000,___ ___ ___ _l_ _h_ __ow__s b__ ___ _____t ____ ___i__ _r__ c_____
1300,If you dont like someones story write your own,38,4,6_12_26_30,00000100000100000000000001000100000000,__ ___ d___ __k_ ________ ____y ___t_ ____ ___
1301,Some lose all mind and become soul insane some lose all soul and become mind intellectual some lose both and become accepted,103,7,22_35_50_74_83_86_94,0000000000000000000001000000000000100000000000000100000000000000000000000100000000100100000001000000000,____ ____ ___ ____ ___ ___o__ ____ ______ s___ ____ ___ ____ a__ ______ ____ ___________l ____ ____ b__h ___ ____m_ ________
1302,Have no fear of perfection youll never reach it,39,4,13_14_16_19,000000000000110100100000000000000000000,____ __ ____ __ pe_f__t___ _____ _____ _____ __
1303,When people dont express themselves they die one piece at a time,53,8,13_24_26_29_36_40_45_50,00000000000010000000000101001000000100010000100001000,____ ______ __n_ _______ __e_s__v__ ____ d__ _n_ ___c_ __ _ t___
1304,I regret that it takes a life to learn how to live,39,5,2_6_18_26_30,010001000000000001000000010001000000000,_ r___e_ ____ __ ____s _ ____ __ l___n ___ __ ____
1305,She says nothing at all but simply stares upward into the dark sky and watches with sad eyes the slow dance of the infinite stars,105,7,2_12_35_51_59_61_73,010000000001000000000000000000000010000000000000001000000010100000000000100000000000000000000000000000000,_h_ ____ ____i__ __ ___ ___ ______ ______ u_____ ____ ___ ___k ___ ___ _a_c___ ____ ___ _y__ ___ ____ _____ __ ___ ________ _____
1306,Any fool knows men and women think differently at times but the biggest difference is this Men forget but never forgive women forgive but never forget,125,4,16_66_73_115,00000000000000010000000000000000000000000000000000000000000000000100000010000000000000000000000000000000000000000010000000000,___ ____ _____ ___ a__ _____ _____ ___________ __ _____ ___ ___ _______ ______e___ __ _h__ ___ ______ ___ _____ _______ _____ _______ ___ n____ ______
1307,Sometimes the smallest things take up the most room in your heart,54,8,17_25_28_35_46_48_53_54,000000000000000010000000100100000010000000000101000011,_________ ___ ____l___ ____g_ _a__ __ __e ____ ____ __ y_u_ ___rt
1308,Its a lot easier to be lost than found Its the reason were always searching and rarely discovered so many locks not enough keys,104,4,49_52_53_88,00000000000000000000000000000000000000000000000010011000000000000000000000000000000000010000000000000000,___ _ ___ ______ __ __ ____ ____ _____ ___ ___ ______ ____ __w__s s________ ___ ______ __________ __ ____ _o___ ___ ______ ____
1309,If you dont know the thing to do is not to get scared but to learn,51,8,1_3_11_14_32_37_38_50,101000000010010000000000000000010000110000000000010,I_ y__ ____ _n__ t__ _____ __ __ __ ___ _o ___ _ca___ ___ __ ___r_
1310,Tears shed for another person are not a sign of weakness They are a sign of a pure heart,70,7,17_20_24_42_50_63_65,0000000000000000100100010000000000000000010000000100000000000010100000,_____ ____ ___ ____h__ p___o_ ___ ___ _ ____ __ ___k____ ___y ___ _ ____ __ _ _u_e _____
1311,When he died all things soft and beautiful and bright would be buried with him,64,7,4_33_42_48_52_55_61,0001000000000000000000000000000010000000010000010001001000001000,___n __ ____ ___ ______ ____ ___ ______f__ ___ ___g__ ___l_ __ b__i__ ___h ___
1312,A good traveler has no fixed plans and is not intent on arriving,52,8,10_19_21_27_32_42_45_52,0000000001000000001010000010000100000000010010000001,_ ____ ____e___ ___ __ f_x__ ___n_ ___ i_ ___ _____t __ a______g
1313,I came from a real tough neighborhood Once a guy pulled a knife on me I knew he wasnt a professional the knife had butter on it,101,9,21_23_29_61_70_73_81_92_94,00000000000000000000101000001000000000000000000000000000000010000000010010000000100000000001010000000,_ ____ ____ _ ____ _____ _e_g_____o__ ____ _ ___ ______ _ _____ __ __ _ ____ h_ _____ _ _r__e_______ t__ _____ ___ b_t___ __ __
1314,A book is really like a lover It arranges itself in your life in a way that is beautiful,70,9,2_5_21_25_31_32_39_53_57,0100100000000000000010001000001100000010000000000000100010000000000000,_ b__k __ ______ ____ _ __v__ _t _____ge_ _____f __ ____ ____ __ _ w__ _h__ __ _________
1315,There is no mistaking a real book when one meets it It is like falling in love,62,7,15_39_50_51_52_60_61,00000000000000100000000000000000000000100000000001110000000110,_____ __ __ _____k___ _ ____ ____ ____ ___ ____s __ __ __ ____ fal____ __ _ov_
1316,I realize only one person will be damaged beyond repair if Peeta dies Me,59,9,9_12_22_23_25_26_30_32_49,00000000100100000000011011000101000000000000000010000000000,_ _______ o__y ___ ______ wi_l b_ __m_g__ ______ ______ __ P____ ____ __
1317,Perfection is not attainable but if we chase perfection we can catch excellence,67,5,4_39_45_57_65,0001000000000000000000000000000000000010000010000000000010000000100,___f______ __ ___ __________ ___ __ __ _____ _e_____i__ __ ___ ____h _______n__
1318,I am too fond of reading books to care to write them,41,5,16_29_33_36_39,00000000000000010000000000001000100100100,_ __ ___ ____ __ ___d___ _____ __ __r_ __ w__t_ _h__
1319,A single dream is more powerful than a thousand realities,48,5,2_32_35_46_47,010000000000000000000000000000010010000000000110,_ s_____ _____ __ ____ ________ ____ _ t__u____ ______ie_
1320,A common mistake that people make when trying to design something completely foolproof is to underestimate the ingenuity of complete fools,118,7,2_47_49_81_83_98_114,0100000000000000000000000000000000000000000000101000000000000000000000000000000010100000000000000100000000000000010000,_ c_____ _______ ____ ______ ____ ____ ______ __ ______ s_m______ __________ _________ __ __ __d_r________ ___ ___e_____ __ ________ f____
1321,In life unlike chess the game continues after checkmate,47,6,21_30_32_35_39_44,00000000000000000000100000000101001000100001000,__ ____ ______ _____ ___ g___ _____n_e_ _f___ c____m___
1322,Raise your words not voice It is rain that grows flowers not thunder,56,7,1_8_21_39_41_43_51,10000001000000000000100000000000000000101010000000100000,R____ __u_ _____ ___ ___c_ __ __ ____ ____ ____s _l_w___ ___ _h_____
1323,Letting go doesnt mean that you dont care about someone anymore Its just realizing that the only person you really have control over is yourself,120,8,10_12_43_44_89_97_98_115,000000000101000000000000000000000000000000110000000000000000000000000000000000000000000010000000110000000000000000100000,_______ __ d_e___ ____ ____ ___ ____ ____ _____ ___eo__ _______ ___ ____ _________ ____ ___ ____ ______ __u ______ _av_ _______ ____ __ __u_____
1324,Thats why they call it the American Dream because you have to be asleep to believe it,69,7,8_18_24_26_40_55_61,000000010000000001000001010000000000000100000000000000100000100000000,_____ __y ____ ____ _t ___ __e_i___ _____ _____s_ ___ ____ __ __ __l___ __ b______ __
1325,I stood still vision blurring and in that moment I heard my heart break It was a small clean sound like the snapping of a flowers stem,108,11,12_20_37_38_48_74_82_84_91_98_101,000000000001000000010000000000000000110000000001000000000000000000000000010000000101000000100000010010000000,_ _____ _____ v_____ __u_____ ___ __ ____ __me__ _ _____ _y _____ _____ __ ___ _ _____ ____n _____ __k_ t__ ____p___ __ _ f__w___ ____
1326,Every one of us is in the cosmic perspective precious If a human disagrees with you let him live In a hundred billion galaxies you will not find another,124,8,4_30_36_88_94_97_103_111,0001000000000000000000000000010000010000000000000000000000000000000000000000000000000001000001001000001000000010000000000000,___r_ ___ __ __ __ __ ___ ______ ____p_____e ________ __ _ _____ _________ ____ ___ ___ ___ ____ __ _ ______d _____o_ _a_____s ___ ____ n__ ____ _______
1327,All the secrets of the world are contained in books Read at your own risk,59,8,3_26_29_42_46_49_52_59,00100000000000000000000001001000000000000100010010010000001,__l ___ _______ __ ___ _____ __e __n______ __ ____s ___d __ y__r ___ ___k
1328,Ive found that there is always some beauty left in nature sunshine freedom in yourself these can all help you,90,6,15_21_39_62_70_86,000000000000001000001000000000000000001000000000000000000000010000000100000000000000010000,___ _____ ____ __e__ __ _l____ ____ ______ ___t __ ______ ________ ______m __ _____e__ _____ ___ ___ __l_ ___
1329,Children must be taught how to think not what to think,44,8,1_4_9_11_13_19_30_34,10010000101010000010000000000100010000000000,C__l____ m_s_ b_ ____h_ ___ __ ____k ___ w___ __ _____
1330,Clothes make the man Naked people have little or no influence on society,60,6,1_34_45_46_49_60,100000000000000000000000000000000100000000001100100000000001,C______ ____ ___ ___ _____ ______ ____ _i____ __ __ __fl__n__ __ ______y
1331,Ive got nothing to do today but smile,30,8,3_4_20_21_22_23_25_28,001100000000000000011110100100,__e g__ _______ __ __ __day b_t __i__
1332,Books say She did this because Life says She did this Books are where things are explained to you life is where things arent Im not surprised some people prefer books,136,11,21_23_67_68_72_74_86_93_98_102_120,0000000000000000000010100000000000000000000000000000000000000000001100010100000000000100000010000100010000000000000000010000000000000000,_____ ___ ___ ___ ____ __c_u__ ____ ____ ___ ___ ____ _____ ___ _____ ______ ___ _xp___n_d __ ___ ____ __ w____ __i___ _r___ I_ ___ _________ ____ p_____ ______ _____
1333,A truth thats told with bad intent beats all the lies you can invent,55,5,6_30_49_51_54,0000010000000000000000000000010000000000000000001010010,_ ____h _____ ____ ____ ___ ______ _e___ ___ ___ ____ ___ __n _n__n_
1334,Its often just enough to be with someone I dont need to touch them Not even talk A feeling passes between you both Youre not alone,105,7,10_21_36_68_75_84_85,000000000100000000001000000000000001000000000000000000000000000000010000001000000001100000000000000000000,___ _____ _u__ ______ __ b_ ____ _______ _ _o__ ____ __ _____ ____ ___ ____ ____ _ __e____ __s___ _____en ___ ____ _____ ___ _____
1335,The pessimist complains about the wind the optimist expects it to change the realist adjusts the sails,86,9,6_9_22_23_25_30_39_45_73,00000100100000000000011010000100000000100000100000000000000000000000000010000000000000,___ __s__m___ _________ ab_u_ ___ w___ ___ __t_____ e______ __ __ ______ ___ _______ _d_____ ___ _____
1336,The most common way people give up their power is by thinking they dont have any,65,8,13_22_25_27_35_36_39_47,00000000000010000000010010100000001100100000001000000000000000000,___ ____ _____n ___ _____e __v_ u_ _____ _ow__ i_ __ ____k___ ____ ____ ____ ___
1337,A DEFINITION NOT FOUND IN THE DICTIONARY Not leaving an act of trust and love often deciphered by children,88,9,8_55_62_69_71_73_76_79_84,0000000100000000000000000000000000000000000000000000001000000100000010101001001000010000,_ ______T___ ___ _____ __ ___ __________ ___ _______ __ ___ __ ___s_ ___ __v_ _____ d_c_p__r__ b_ ___l____
1338,We are cups constantly and quietly being filled The trick is knowing how to tip ourselves over and let the beautiful stuff out,104,8,8_27_40_46_48_58_76_94,00000001000000000000000000100000000000010000010100000000010000000000000000010000000000000000010000000000,__ ___ __p_ __________ ___ ____t__ _____ _____d ___ __i_k __ _______ h__ __ ___ _________ _v__ ___ ___ ___ ______f__ _____ ___
1339,There are so many fragile things after all People break so easily and so do dreams and hearts,76,4,22_25_41_57,0000000000000000000001001000000000000000100000000000000010000000000000000000,_____ ___ __ ____ _______ t__n__ _____ ___ _____e _____ __ ______ __d __ __ ______ ___ ______
1340,Everything that irritates us about others can lead us to an understanding of ourselves,73,6,5_6_55_58_60_62,0000110000000000000000000000000000000000000000000000001001010100000000000,____yt____ ____ _________ __ _____ ______ ___ ____ __ __ __ _____s__n_i_g __ _________
1341,Sometimes when I look at you I feel Im gazing at a distant star Its dazzling but the light is from tens of thousands of years ago Maybe the star doesnt even exist any more Yet sometimes that light seems more real to me than anything,187,6,7_10_17_36_42_117,0000001001000000100000000000000000010000010000000000000000000000000000000000000000000000000000000000000000000000000010000000000000000000000000000000000000000000000000000000000000000000000,______m__ w___ _ __o_ __ ___ _ ____ __ _____g __ _ __s____ ____ ___ ________ ___ ___ _____ __ ____ ____ __ _________ __ _____ ___ _____ ___ ____ _o____ ____ _____ ___ ____ ___ _________ ____ _____ _____ ____ ____ __ __ ____ ________
1342,Success is stumbling from failure to failure with no loss of enthusiasm,60,6,3_13_14_25_42_51,001000000000110000000000100000000000000001000000001000000000,__c____ __ ___mb____ ____ __i____ __ _______ ___h __ ____ __ e_________
1343,Its like Tolstoy said Happiness is an allegory unhappiness a story,56,8,7_15_18_33_34_37_39_41,00000010000000100100000000000000110010101000000000000000,___ ___e _______ s__d _________ __ __ _ll__o_y _n_________ _ _____
1344,I loved you like a man loves a woman he never touches only writes to keeps little photographs of,78,9,5_12_20_26_35_39_44_61_73,000010000001000000010000010000000010001000010000000000000000100000000000100000,_ ___e_ ___ __k_ _ ___ __v__ _ __m__ __ ____r ___c___ _n__ ______ __ _____ _i____ _______a___ __
1345,Out of suffering have emerged the strongest souls the most massive characters are seared with scars,84,7,7_12_20_29_33_76_81,000000100001000000010000000010001000000000000000000000000000000000000000000100001000,___ __ _u____i__ ____ _m_____ ___ s___n____ _____ ___ ____ _______ __________ ___ ______ w___ _c___
1346,A writer is someone for whom writing is more difficult than it is for other people,67,5,10_23_29_41_57,0000000001000000000000100000100000000000100000000000000010000000000,_ ______ __ s______ ___ ___m _____n_ __ ____ ____i____ ____ __ __ ___ o____ ______
1347,Ah There is nothing like staying at home for real comfort,47,7,9_11_16_18_19_37_43,00000000101000010110000000000000000010000010000,__ _____ _s _o____g _ik_ _______ __ ____ ___ r___ __m____
1348,I cannot sleep unless I am surrounded by books,38,4,2_33_36_38,01000000000000000000000000000000100101,_ c_____ _____ ______ _ __ __________ _y __o_s
1349,Dogs never bite me Just humans,25,5,2_3_7_22_24,0110001000000000000001010,_og_ __v__ ____ __ ____ __m_n_
1350,The snake which cannot cast its skin has to die As well the minds which are prevented from changing their opinions they cease to be mind,111,10,7_11_48_53_60_64_70_71_78_111,000000100010000000000000000000000000000000000001000010000001000100000110000001000000000000000000000000000000001,___ ___k_ __i__ ______ ____ ___ ____ ___ __ ___ __ ____ ___ m____ w____ __e ___v_____ fr__ ____g___ _____ ________ ____ _____ __ __ ___d
1351,Remember to always be yourself Unless you suck,39,3,3_24_29,001000000000000000000001000010000000000,__m_____ __ ______ __ _____e__ __l___ ___ ____
1352,There is only one thing in the world worse than being talked about and that is not being talked about,82,7,3_18_27_46_47_53_79,0010000000000000010000000010000000000000000001100000100000000000000000000000001000,__e__ __ ____ ___ ___n_ __ ___ __r__ _____ ____ _____ __lk__ ___u_ ___ ____ __ ___ _____ ______ _b___
1353,A purpose of human life no matter who is controlling it is to love whoever is around to be loved,77,6,7_9_22_28_45_58,00000010100000000000010000010000000000000000100000000000010000000000000000000,_ _____s_ o_ _____ ____ __ m_____ w__ __ ___________ _t __ __ ____ ____v__ __ ______ __ __ _____
1354,I think theres just one kind of folks Folks,35,5,2_8_10_11_16,01000001011000010000000000000000000,_ t____ _h_re_ ___t ___ ____ __ _____ _____
1355,Is it so bad then to be misunderstood Pythagoras was misunderstood and Socrates and Jesus and Luther and Copernicus and Galileo and Newton and every pure and wise spirit that ever took flesh To be great is to be misunderstood,186,7,11_38_48_70_120_154_183,000000000010000000000000000000000000010000000001000000000000000000000100000000000000000000000000000000000000000000000001000000000000000000000000000000000100000000000000000000000000001000,__ __ __ ___ _h__ __ __ _____________ _______r__ ___ ____n________ ___ ________ __d _____ ___ ______ ___ __________ ___ _______ ___ ______ ___ e____ ____ ___ ____ ______ ____ ____ ____ f____ __ __ _____ __ __ __ _________t___
1356,It takes ten times as long to put yourself back together as it does to fall apart,65,7,13_35_38_45_48_51_65,00000000000010000000000000000000001001000000100100100000000000001,__ _____ ___ __m__ __ ____ __ ___ ________ b__k ______e_ _s __ d___ __ ____ ____t
1357,Stuff your eyes with wonder he said live as if youd drop dead in ten seconds See the world Its more fantastic than any dream made or paid for in factories,124,7,4_7_40_60_90_97_112,0001001000000000000000000000000000000001000000000000000000010000000000000000000000000000010000001000000000000001000000000000,___f_ _o__ ____ ____ ______ __ ____ ____ __ __ __u_ ____ ____ __ ___ _____d_ ___ ___ _____ ___ ____ _________ _h__ ___ _r___ ____ __ ____ _o_ __ _________
1358,You endure what is unbearable and you bear it That is all,46,7,2_6_11_27_35_36_43,0100010000100000000000000010000000110000001000,_o_ __d___ _h__ __ __________ _n_ ___ ___r i_ ____ _s ___
1359,The capacity for friendship is Gods way of apologizing for our families,60,9,15_32_34_39_42_50_55_56_58,000000000000001000000000000000010100001001000000010000110100,___ ________ ___ f_________ __ ____ _a_ o_ ___l__i____ ___ o__ __mi_i__
1360,You will find that it is necessary to let things go simply for the reason that they are heavy So let them go let go of them I tie no weights to my ankles,120,7,8_19_28_37_49_61_106,000000010000000000100000000100000000100000000000100000000000100000000000000000000000000000000000000000000100000000000000,___ ____ f___ ____ __ _s ________y __ ___ ___n__ __ ______ _o_ ___ ______ _h__ ____ ___ _____ __ ___ ____ __ ___ __ __ ____ _ ___ __ __i____ __ __ ______
1361,The clearest way into the Universe is through a forest wilderness,55,8,4_7_22_25_34_37_41_48,0001001000000000000001001000000001001000100000010000000,___ c__a____ ___ ____ ___ U__v____ __ __r__g_ _ _o____ __l_______
1362,Sometimes when Im talking my words cant keep up with my thoughts I wonder why we think faster than we speak Probably so we can think twice,112,10,2_9_19_20_37_41_49_52_73_74,0100000010000000001100000000000000001000100000001001000000000000000000001100000000000000000000000000000000000000,_o______s ____ __ ___ki__ __ _____ ____ ___p __ _i__ __ ___u__t_ _ ______ ___ __ _____ __st__ ____ __ _____ ________ __ __ ___ _____ _____
1363,You cant depend on your eyes when your imagination is out of focus,54,8,1_11_21_25_34_35_40_53,100000000010000000001000100000000110000100000000000010,Y__ ____ ___e__ __ ____ _y__ _h__ ____ __ag____i__ __ ___ __ ___u_
1364,It is my belief that the truth is generally preferable to lies,51,8,12_25_27_35_36_40_41_47,000000000001000000000000101000000011000110000010000,__ __ __ _____f ____ ___ _____ i_ g_______y p___er____ _o ____
1365,If you pick up a starving dog and make him prosperous he will not bite you This is the principal difference between a dog and man,104,11,8_9_14_40_41_42_77_78_82_88_91,00000001100001000000000000000000000000011100000000000000000000000000000000001100010000010010000000000000,__ ___ __ck __ _ _t______ ___ ___ ____ ___ ______rou_ __ ____ ___ ____ ___ ____ __ ___ ________l d___e_____ b__w___ _ ___ ___ ___
1366,There is a sacredness in tears They are the messengers of overwhelming grief of deep contrition and of unspeakable love,100,8,48_49_53_71_75_85_86_89,0000000000000000000000000000000000000000000000011000100000000000000000100010000000001100100000000000,_____ __ _ __________ __ _____ ____ ___ ___ __________ __ ov___h______ _____ __ ____ c___r_____ ___ _f u__p_______ ____
1367,Dont feel bad for one moment about doing what brings you joy,49,6,2_9_18_41_42_44,0100000010000000010000000000000000000000110100000,_o__ ____ b__ ___ ___ m_____ _____ _____ ____ ___ng_ y__ ___
1368,Real loneliness is not necessarily limited to when you are alone,54,8,20_22_23_33_35_41_44_51,000000000000000000010110000000001010000010010000001000,____ __________ __ ___ n_ce_______ __m_t__ __ _h__ y__ ___ _l___
1369,Maybe everyone can live beyond what theyre capable of,45,5,12_32_37_40_43,000000000001000000000000000000010000100100100,_____ ______n_ ___ ____ ______ ____ _h____ c__a__e __
1370,Better to be strong than pretty and useless,36,7,2_11_18_22_27_28_29,010000000010000001000100001110000000,_e____ __ __ s_____ _h__ _r____ and _______
1371,Yesterday is gone Tomorrow has not yet come We have only today Let us begin,61,8,3_10_24_42_51_57_59_61,0010000001000000000000010000000000000000010000000010000010101,__s______ i_ ____ ________ h__ ___ ___ ____ __ ___e ____ ____y ___ __ b_g_n
1372,From the moment I picked up your book until I put it down I was convulsed with laughter Some day I intend reading it,93,11,6_18_33_50_53_54_57_64_71_77_91,000001000000000001000000000000001000000000000000010011001000000100000010000010000000000000100,____ _h_ ______ _ ___k__ __ ____ ____ __t__ _ ___ __ ____ _ ___ c__vu__e_ ____ _a______ S___ __y _ ______ ______g __
1373,When everyone knows youre a monster you neednt waste time doing every monstrous thing,72,7,3_6_9_28_41_71_72,001001001000000000000000000100000000000010000000000000000000000000000011,__e_ _v__y___ _____ _____ _ ____t__ ___ ______ _a___ ____ _____ _____ _________ ___ng
1374,Dont Gain The World Lose Your Soul Wisdom Is Better Than Silver Or Gold,58,8,24_27_30_31_35_46_52_58,0000000000000000000000010010011000100000000001000001000001,____ ____ ___ _____ ____ ___r __u_ _is___ I_ ______ ___n _____r __ ___d
1375,Would it save you a lot of time if I just gave up and went mad now,50,9,3_11_20_23_28_34_37_44_47,00100000001000000001001000010000010010000001001000,__u__ __ ___e ___ _ ___ _f __m_ __ _ j___ __v_ _p ___ ___t __d ___
1376,People can lose their lives in libraries They ought to be warned,53,5,2_5_21_38_41,01001000000000000000100000000000000001001000000000000,_e__l_ ___ ____ _____ __v__ __ _________ ___y __g__ __ __ ______
1377,The one thing we can never get enough of is love And the one thing we never give enough of is love,77,8,4_14_32_39_43_65_67_74,00010000000001000000000000000001000000100010000000000000000000001010000001000,___ o__ _____ __ c__ _____ ___ ______ _f __ ____ A__ _h_ ___ _____ __ _____ ____ _n_u__ __ __ l___
1378,A learning experience is one of those things that says You know that thing you just did Dont do that,81,7,2_4_12_26_35_65_67,010100000001000000000000010000000010000000000000000000000000000010100000000000000,_ l_a_____ __p_______ __ ___ _f _____ ___n__ ____ ____ ___ ____ ____ _____ ___ j_s_ ___ ____ __ ____
1379,You only get one life Its actually your duty to live it as fully as possible,61,6,4_5_8_37_48_59,0001100100000000000000000000000000001000000000010000000000100,___ on__ g__ ___ ____ ___ ________ ____ ____ t_ ____ __ __ _u___ __ _____b__
1380,We both have war inside us Sometimes it keeps us alive Sometimes it threatens to destroy us,75,8,4_14_18_41_44_60_63_73,000100000000010001000000000000000000000010010000000000000001001000000000100,__ _o__ ____ ___ i___d_ __ _________ __ _____ __ _l__e _________ __ ____a__n_ __ ______y __
1381,Do you want to know who you are Dont ask Act Action will delineate and define you,65,8,3_12_26_31_36_46_48_53,00100000000100000000000001000010000100000000010100001000000000000,__ y__ ____ __ k___ ___ ___ ___ _o__ __k ___ _c____ ____ _e_i____e ___ ______ ___
1382,Science and religion are not at odds Science is simply too young to understand,65,4,36_52_62_65,00000000000000000000000000000000000100000000000000010000000001001,_______ ___ ________ ___ ___ __ ____ _____c_ __ ______ ___ ___n_ __ ______t__d
1383,Its amazing how a little tomorrow can make up for a whole lot of yesterday,60,9,4_11_16_19_35_43_44_54_58,000100000010000100100000000000000010000000110000000001000100,___ a______ h__ _ _i__l_ ________ ___ ___e __ ___ _ _ho__ ___ __ __s___d__
1384,Knowledge speaks but wisdom listens,31,6,2_8_10_14_17_22,0100000101000100100001000000000,_n_____g_ s___k_ _u_ ___d__ _______
1385,Still round the corner there may wait A new road or a secret gate And though I oft have passed them by A day will come at last when I Shall take the hidden paths that run West of the Moon East of the Sun,159,8,19_34_43_70_118_119_134_140,000000000000000000100000000000000100000000100000000000000000000000000100000000000000000000000000000000000000000000000110000000000000010000010000000000000000000,_____ _____ ___ _____r _____ ___ ____ _ _e_ ____ __ _ s_____ ____ ___ ______ _ ___ ____ p_____ ____ __ _ ___ ____ ____ __ ____ ____ _ _____ ____ ___ _id___ _____ ____ __n ____ _f ___ ____ ____ __ ___ ___
1386,I am not afraid of storms for I am learning how to sail my ship,49,5,11_18_19_40_45,0000000000100000011000000000000000000001000010000,_ __ ___ ____i_ __ ___rm_ ___ _ __ ________ ___ __ s___ _y ____
1387,Respect was invented to cover the empty place where love should be,55,6,2_3_30_39_42_49,0110000000000000000000000000010000000010010000001000000,_es____ ___ ________ __ _____ ___ _m___ _____ w__r_ ____ _h____ __
1388,Ive been homesick for countries Ive never been and longed to be where I couldnt be,67,8,11_15_38_48_55_56_63_65,0000000000100010000000000000000000000100000000010000001100000010100,___ ____ ___e___k ___ _________ ___ _____ __e_ ___ _____d __ __ __er_ _ ____d_t __
1389,Little by little one travels far,27,3,6_12_20,000001000001000000010000000,_____e __ ___t__ ___ __a____ ___
1390,You realize that our mistrust of the future makes it hard to give up the past,62,9,1_8_18_29_30_46_50_52_59,10000001000000000100000000001100000000000000010001010000001000,Y__ ____i__ ____ ___ m_______ __ _he ______ _____ __ __r_ __ g_v_ __ ___ p___
1391,Great minds are always feared by lesser minds,38,4,5_9_15_22,00001000100000100000010000000000000000,____t ___d_ ___ _l____ __a___ __ ______ _____
1392,Lets think the unthinkable lets do the undoable Let us prepare to grapple with the ineffable itself and see if we may not eff it after all,112,4,43_45_63_98,0000000000000000000000000000000000000000001010000000000000000010000000000000000000000000000000000100000000000000,____ _____ ___ ___________ ____ __ ___ ________ __t _s _______ __ _______ _i__ ___ _________ ______ ___ ___ __ __ ___ _o_ ___ __ _____ ___
1393,If you hate a person you hate something in him that is part of yourself What isnt part of ourselves doesnt disturb us,95,7,26_44_59_78_79_84_88,00000000000000000000000001000000000000000001000000000000001000000000000000000110000100010000000,__ ___ ____ _ ______ ___ ____ __m______ __ ___ ____ __ p___ __ ________ _h__ ____ ____ __ ______ve_ ___s__ _i_____ __
1394,Love the life you liveLive the life you love,36,5,5_16_19_21_32,000010000000000100101000000000010000,____ t__ ____ ___ _i__L_v_ ___ ____ __u ____
1395,And he took her in his arms and kissed her under the sunlit sky and he cared not that they stood high upon the walls in the sight of many,108,7,4_9_11_23_42_88_105,000100001010000000000010000000000000000001000000000000000000000000000000000000000000000100000000000000001000,___ h_ ___k _e_ __ ___ ____ _n_ ______ ___ _____ ___ s_____ ___ ___ __ _____ ___ ____ ____ _____ ____ ____ ___ w____ __ ___ _____ __ m___
1396,She was the heir of ash and fire and she would bow to no one,46,6,7_20_22_25_37_38,0000001000000000000101001000000000001100000000,___ ___ t__ ____ __ ___ _n_ f__e ___ ___ _____ bo_ __ __ ___
1397,Even if you are on the right track youll get run over if you just sit there,59,6,8_25_31_48_58_59,00000001000000000000000010000010000000000000000100000000011,____ __ _o_ ___ __ ___ _____ __a__ ___l_ ___ ___ ____ __ ___ j___ ___ ___re
1398,There is no such thing as bad people Were all just people who sometimes do bad things,69,5,4_18_42_43_61,000100000000000001000000000000000000000001100000000000000000100000000,___r_ __ __ ____ ____g __ ___ ______ ____ ___ ____ _eo___ ___ _________ __ b__ ______
1399,Our story has three parts a beginning a middle and an end And although this is the way all stories unfold I still cant believe that ours didnt go on forever,126,9,5_8_13_19_23_35_54_56_99,000010010000100000100010000000000010000000000000000001010000000000000000000000000000000000000000001000000000000000000000000000,___ _t__y ___ _h___ __r__ _ b________ _ __d___ ___ __ ___ ___ ____o_g_ ____ __ ___ ___ ___ _______ ______ _ _____ ____ ___i___ ____ ____ _____ __ __ _______
1400,Of all the trees we couldve hit we had to get one that hits back,50,5,7_17_47_48_50,00000010000000001000000000000000000000000000001101,__ ___ _h_ _____ __ _o_____ ___ __ ___ __ ___ ___ ____ ____ ba_k
1401,being alone never felt right sometimes it felt good but it never felt right,62,7,4_25_30_42_53_54_61,00010000000000000000000010000100000000000100000000001100000010,___n_ _____ _____ ____ _____ s____i___ __ ____ __o_ ___ __ ____r f___ ___h_
1402,Its discouraging to think how many people are shocked by honesty and how few by deceit,71,8,1_7_16_23_24_27_28_31,10000010000000010000001100110010000000000000000000000000000000000000000,I__ ___c________ t_ _____ ho_ _an_ _e____ ___ _______ __ _______ ___ ___ ___ __ ______
1403,Three may keep a secret if two of them are dead,37,7,2_6_9_20_23_26_36,0100010010000000000100100100000000010,_h___ m__ k___ _ ______ i_ _w_ _f ____ ___ __a_
1404,You gave me a forever within the numbered days and Im grateful,51,9,1_6_17_25_31_36_38_40_51,100001000000000010000000100000100001010100000000001,Y__ __v_ __ _ ______r ______ _h_ ____e___ _a_s _n_ __ _______l
1405,Im oxygen and hes dying to breathe,28,4,3_7_16_19,0010001000000001001000000000,__ o___e_ ___ ___ _y__g __ _______
1406,Cruelty does not make a person dishonest the same way bravery does not make a person kind,73,8,1_3_28_29_39_66_70_71,1010000000000000000000000001100000000010000000000000000000000000010001100,C_u____ ____ ___ ____ _ ______ __sh_____ ___ _a__ ___ _______ ____ ___ ____ _ __r___ ki__
1407,Anyone who falls in love is searching for the missing pieces of themselves So anyone whos in love gets sad when they think of their lover Its like stepping back inside a room you have fond memories of one you havent seen in a long time,190,8,13_29_56_71_94_125_131_138,0000000000001000000000000000100000000000000000000000000100000000000000100000000000000000000001000000000000000000000000000000100000100000010000000000000000000000000000000000000000000000000000,______ ___ ___l_ __ ____ __ ______i__ ___ ___ _______ ______ __ ___m______ __ ______ w___ __ ____ ____ ___ ____ __e_ _____ __ _____ _____ ___ ____ _____i__ ___k ______ a ____ ___ ____ ____ ________ __ ___ ___ ______ ____ __ _ ____ ____
1408,If neurotic is wanting two mutually exclusive things at one and the same time then Im neurotic as hell Ill be flying back and forth between one mutually exclusive thing and another for the rest of my days,167,7,26_44_52_94_102_110_154,00000000000000000000000001000000000000000001000000010000000000000000000000000000000000000000010000000100000001000000000000000000000000000000000000000000010000000000000,__ ________ __ _______ ___ ___u____ _________ ____g_ __ ___ _n_ ___ ____ ____ ____ __ ________ __ ____ ___ __ ____n_ ____ __d _____ __t____ ___ ________ _________ _____ ___ _______ ___ _h_ ____ __ __ ____
1409,Let me live love and say it well in good sentences,40,6,7_22_23_28_31_37,0000001000000000000001100001001000001000,___ __ _i__ ____ ___ ___ __ we__ __ g__d _____n___
1410,Beauty is only skin deep but ugly goes clean to the bone,45,7,7_10_17_20_32_34_40,000000100100000010010000000000010100000100000,______ i_ _n__ ____ d__p ___ ____ ____ c_e__ __ _h_ ____
1411,Kindred spirits are not so scarce as I used to think Its splendid to find out there are so many of them in the world,92,6,23_31_49_82_87_89,00000000000000000000001000000010000000000000000010000000000000000000000000000000010000101000,_______ _______ ___ ___ __ s_____ __ I ____ __ _____ ___ ___e____ __ ____ ___ _____ ___ __ ____ __ ___m __ __e _o___
1412,Music expresses that which cannot be said and on which it is impossible to be silent,69,7,2_14_19_22_38_52_67,010000000000010000100100000000000000010000000000000100000000000000100,_u___ ________s ____ w__c_ ______ __ ____ __d __ _____ __ __ __p_______ __ __ ___e__
1413,Art and love are the same thing Its the process of seeing yourself in things that are not you,75,7,21_22_35_45_53_54_73,000000000000000000001100000000000010000000001000000011000000000000000000100,___ ___ ____ ___ ___ ____ th___ ___ ___ ___c___ __ ____n_ ______lf __ ______ ____ ___ ___ y__
1414,My Best Friend is a person who will give me a book I have not read,51,10,1_2_8_10_16_25_28_29_43_47,110000010100000100000000100110000000000000100010000,My ____ _r_e__ __ _ p_____ ___ w__l g___ __ _ ____ _ __v_ __t ____
1415,The best portion of a good mans life his little nameless unremembered acts of kindness and love,79,9,2_6_8_11_12_50_54_58_66,0100010100110000000000000000000000000000000000000100010001000000010000000000000,_h_ __s_ p__ti__ __ _ ____ ____ ____ ___ ______ ________ ___e___b___d ____ __ _i______ ___ ____
1416,I like good strong words that mean something,37,6,19_20_23_31_34_37,0000000000000000001100100000001001001,_ ____ ____ ______ ___ds __a_ ____ __m__h__g
1417,If I had a world of my own everything would be nonsense Nothing would be what it is because everything would be what it isnt And contrary wise what is it wouldnt be And what it wouldnt be it would You see,163,6,24_57_72_105_126_151,0000000000000000000000010000000000000000000000000000000010000000000000010000000000000000000000000000000010000000000000000000010000000000000000000000001000000000000,__ _ ___ _ _____ __ __ ___ ____y_____ _____ __ ________ _______ _____ b_ ____ __ __ _____s_ __________ _____ __ ____ __ ____ ___ _o______ ____ ____ __ __ __u____ __ ___ ____ __ _______ __ i_ _____ ___ ___
1418,A woman without a man is like a fish without a bicycle,43,4,5_22_27_31,0000100000000000000001000010001000000000000,_ ___a_ _______ _ ___ __ __k_ _ __s_ __t____ _ _______
1419,Sometimes its a form of love just to talk to somebody that you have nothing in common with and still be fascinated by their presence,108,8,25_29_32_39_54_70_89_101,000000000000000000000000100010010000001000000000000001000000000000000100000000000000000010000000000010000000,_________ ___ _ ____ __ ____ _u__ _o __l_ __ ___e____ ____ ___ ___e _______ __ ______ w___ ___ _____ __ _____n____ __ _____ p_______
1420,Fools talk cowards are silent wise men listen,38,5,1_9_10_20_25,10000000110000000001000010000000000000,F____ ___k c______ ___ s____t ____ ___ ______
1421,Maybe there is a beast maybe its only us,32,4,2_11_21_30,01000000001000000000100000000100,_a___ _____ i_ _ _____ __y__ ___ ___y __
1422,Wisdom comes from experience Experience is often a result of lack of wisdom,63,6,2_4_24_48_49_51,010100000000000000000001000000000000000000000001101000000000000,_i_d__ _____ ____ ________c_ __________ __ _____ _ ____lt _f ____ __ ______
1423,Every now and then I like to do as Im told just to confuse people,51,5,2_3_43_45_49,011000000000000000000000000000000000000000101000100,_ve__ ___ ___ ____ _ ____ __ __ __ __ ____ ____ __ ____u_e ___p__
1424,Lighthouses dont go running all over an island looking for boats to save they just stand there shining,85,7,6_7_50_59_64_65_69,0000011000000000000000000000000000000000000000000100000000100001100010000000000000000,_____ho____ ____ __ _______ ___ ____ __ ______ _______ ___ b____ __ __v_ ___y j___ s____ _____ _______
1425,If you dont read the newspaper youre uninformed If you read the newspaper youre misinformed,77,6,8_26_29_52_60_70,00000001000000000000000001001000000000000000000000010000000100000000010000000,__ ___ __n_ ____ ___ _________ y__r_ __________ __ ___ ____ __e _______e_ _____ ___i_______
1426,Isnt it enough to see that a garden is beautiful without having to believe that there are fairies at the bottom of it too,98,9,35_40_50_69_72_75_78_85_91,00000000000000000000000000000000001000010000000001000000000000000000100100100100000010000010000000,____ __ ______ __ ___ ____ _ ______ __ ____t____ w______ ___i__ __ _______ ____ ___r_ _r_ _a__i__ __ __e _____m __ __ ___
1427,I was wise enough never to grow up while fooling people into believing I had,62,9,13_19_28_34_48_50_54_55_57,00000000000010000010000000010000010000000000000101000110100000,_ ___ ____ ____g_ ____r __ ____ __ w____ _o_____ ______ __t_ b___ev_n_ _ ___
1428,Dont be so humble you are not that great,32,7,2_13_14_15_16_27_29,01000000000011110000000000101000,_o__ __ __ ____le yo_ ___ ___ ___t _r___
1429,It is easier to forgive an enemy than to forgive a friend,46,3,18_30_39,0000000000000000010000000000010000000010000000,__ __ ______ __ _____v_ __ _____ ___n __ ______e _ ______
1430,Its possible to go on no matter how impossible it seems and that in time the grief lessens It may not go away completely but after a while its not so overwhelming,131,9,15_32_33_38_47_55_108_123_130,00000000000000100000000000000001100001000000001000000010000000000000000000000000000000000000000000000000000100000000000000100000010,___ ________ __ _o __ __ ______ ___ ___os____e __ _____ _n_ ____ __ t___ ___ _____ _______ __ ___ ___ __ ____ __________ ___ _____ _ _h___ ___ ___ __ ___r______n_
1431,There are books of which the backs and covers are by far the best parts,57,7,3_16_26_30_34_52_54,001000000000000100000000010001000100000000000000000101000,__e__ ___ _____ __ w____ ___ __c__ _n_ __v___ ___ __ ___ ___ ___t _a___
1432,People who deny the existence of dragons are often eaten by dragons From within,66,6,5_24_54_57_58_62,000010000000000000000001000000000000000000000000000001001100010000,____l_ ___ ____ ___ _______c_ __ _______ ___ _____ _____ __ ____o__ Fr__ _i____
1433,The creatures outside looked from pig to man and from man to pig and from pig to man again but already it was impossible to say which was which,115,9,7_23_26_32_40_82_96_103_106,0000001000000000000000100100000100000001000000000000000000000000000000000000000001000000000000010000001001000000000,___ ___a_____ _______ ___k__ f___ __g __ ___ __d ____ ___ __ ___ ___ ____ ___ __ ___ _____ ___ ______y __ ___ ________l_ __ ___ w__c_ ___ _____
1434,My imagination functions much better when I dont have to speak to people,60,7,2_12_15_19_31_32_38,010000000001001000100000000000110000010000000000000000000000,_y _________o_ _u___i___ ____ ____er ____ _ d___ ____ __ _____ __ ______
1435,I am constantly torn between killing myself and killing everyone around me,63,6,15_18_45_55_61_62,000000000000001001000000000000000000000000001000000000100000110,_ __ __________ _o__ b______ _______ ______ ___ ____i__ _______e _____d m_
1436,Make your own Bible Select and collect all the words and sentences that in all your readings have been to you like the blast of a trumpet,111,7,17_53_70_92_108_109_111,000000000000000010000000000000000000000000000000000010000000000000000100000000000000000000010000000000000001101,____ ____ ___ _____ S_____ ___ _______ ___ ___ _____ ___ ______c__ ____ __ ___ ____ _e______ ____ ____ __ ___ __k_ ___ _____ __ _ ___mp_t
1437,It is thanks to my evening reading alone that I am still more or less sane,59,7,20_24_25_43_44_46_47,00000000000000000001000110000000000000000011011000000000000,__ __ ______ __ __ _____n_ __ad___ _____ ____ _ __ __il_ mo__ __ ____ ____
1438,A good book is an event in my life,26,6,2_8_9_15_22_23,01000001100000100000011000,_ g___ __ok __ __ _v___ __ _y l___
1439,I knew the second I met you that there was something about you I needed Turns out it wasnt something about you at all It was just you,106,10,24_29_35_39_44_75_81_97_100_104,0000000000000000000000010000100000100010000100000000000000000000000000000010000010000000000000001001000100,_ ____ ___ ______ _ ___ ___ __a_ ___r_ ___ _o___h___ _b___ ___ _ ______ _____ ___ __ _____ __m_____g _____ ___ __ ___ __ w__ j___ y__
1440,May the forces of evil become confused on the way to your house,51,5,3_7_19_44_49,001000100000000000100000000000000000000000010000100,__y ___ f_____ __ ____ b_____ ________ __ ___ ___ __ _o__ __u__
1441,What you do makes a difference and you have to decide what kind of difference you want to make,76,8,5_34_44_45_49_61_66_72,0000100000000000000000000000000001000000000110001000000000001000010000010000,____ y__ __ _____ _ __________ ___ ___ __v_ __ ______ wh__ _i__ __ _______n__ __u ____ _o ____
1442,The worst part of success is trying to find someone who is happy for you,58,5,16_20_37_48_51,0000000000000001000100000000000000001000000000010010000000,___ _____ ____ __ _u___s_ __ ______ __ ____ _o_____ ___ __ h__p_ ___ ___
1443,Books are easily destroyed But words will live as long as people can remember them,68,10,1_14_20_25_36_38_45_54_61_66,10000000000001000001000010000000000101000000100000000100000010000100,B____ ___ _____y _____o___ _u_ _____ ____ l_v_ __ ___g __ ______ c__ ____m___ _h__
1444,Yes frosting The final defense of the dying,36,5,7_11_12_23_32,000000100011000000000010000000010000,___ ___s___g T__ _____ ___e___ __ ___ d____
1445,Never give up No one knows whats going to happen next,43,8,10_17_21_23_25_28_38_43,0000000001000000100010101001000000000100001,_____ ____ u_ __ ___ k___s _h_t_ _o___ __ ____e_ ___t
1446,Believe nothing you hear and only one half that you see,45,6,12_13_18_22_27_35,000000000001100001000100001000000010000000000,_______ ____in_ ___ h___ a__ __l_ ___ ___f ____ ___ ___
1447,There aint no sin and there aint no virtue Theres just stuff people do,57,7,6_18_38_40_48_56_57,000001000000000001000000000000000000010100000001000000011,_____ a___ __ ___ ___ t____ ____ __ ______ ___r_s ____ ___f_ ______ do
1448,To love oneself is the beginning of a lifelong romance,45,4,13_15_34_41,000000000000101000000000000000000100000010000,__ ____ ______f _s ___ _________ __ _ ___e____ __m____
1449,Only those who will risk going too far can possibly find out how far one can go,63,7,33_36_39_40_43_45_50,000000000000000000000000000000001001001100101000010000000000000,____ _____ ___ ____ ____ _____ ___ ___ _a_ _o__ib__ f_n_ ___ h__ ___ ___ ___ __
1450,It does not matter how slowly you go as long as you do not stop,49,7,3_11_13_22_28_34_37,0010000000101000000001000001000001001000000000000,__ d___ ___ _a_t__ ___ ___w__ ___ g_ __ __n_ _s ___ __ ___ ____
1451,And I asked myself about the present how wide it was how deep it was how much was mine to keep,74,7,9_10_11_25_39_64_67,00000000111000000000000010000000000000100000000000000000000000010010000000,___ _ ____d my____ _____ ___ _r_____ ___ ____ _t ___ ___ ____ __ ___ ___ ____ __s __n_ __ ____
1452,Trying to define yourself is like trying to bite your own teeth,52,6,11_32_37_44_50_52,0000000000100000000000000000000100001000000100000101,______ __ __f___ ________ __ ____ ___i__ __ b___ ___r ___ __e_h
1453,Today was good Today was fun Tomorrow is another one,43,4,20_25_28_38,0000000000000000000100001001000000000100000,_____ ___ ____ _____ __s ___ _o__r___ __ ____h__ ___
1454,I desire the things which will destroy me in the end,42,7,5_9_14_24_31_32_42,000010001000010000000001000000110000000001,_ ___i__ _h_ ___n__ _____ __l_ _____oy __ __ ___ __d
1455,He was going to live forever or die in the attempt,40,7,5_17_18_19_32_36_38,0000100000000000111000000000000100010100,__ __s _____ __ ____ for____ __ ___ __ _h_ __t_m__
1456,One day you will kiss a man you cant breathe without and find that breath is of little consequence,80,10,10_14_17_22_30_58_64_73_75_76,00000000010001001000010000000100000000000000000000000000010000010000000010110000,___ ___ ___ w___ k__s _ ___ y__ ____ _r_____ _______ ___ ____ ____ ____t_ __ __ l_____ ___s_qu____
1457,Once you had put the pieces back together even though you may look intact you were never quite the same as youd been before the fall,107,8,31_40_48_50_86_91_96_98,00000000000000000000000000000010000000010000000101000000000000000000000000000000000001000010000101000000000,____ ___ ___ ___ ___ ______ ____ ____t___ ____ _h____ ___ m_y ____ ______ ___ ____ _____ _____ ___ ____ _s ____ b___ _e_o__ ___ ____
1458,The world is full of magic things patiently waiting for our senses to grow sharper,68,5,8_24_34_52_64,00000001000000000000000100000000010000000000000000010000000000010000,___ ____d __ ____ __ _____ __i___ ______t__ _______ ___ ___ __n___ __ ____ __a____
1459,Im not sentimental Im as romantic as you are The idea you know is that the sentimental person thinks things will last The romantic person has a desperate confidence that they wont,148,9,35_55_56_66_67_71_72_89_132,0000000000000000000000000000000000100000000000000000001100000000011000110000000000000000100000000000000000000000000000000000000000010000000000000000,__ ___ ___________ __ __ ________ __ ___ _r_ ___ ____ ___ ____ __ __at ___ ______en___ pe____ ______ ______ w___ ____ ___ ________ ______ ___ _ _________ _____d____ ____ ____ ____
1460,Pain insists upon being attended to God whispers to us in our pleasures speaks in our consciences but shouts in our pains It is his megaphone to rouse a deaf world,133,10,16_20_28_56_64_70_77_87_108_129,0000000000000001000100000001000000000000000000000000000100000001000001000000100000000010000000000000000000010000000000000000000010000,____ _______ ____ b___g _______d __ ___ ________ __ __ __ ___ _____u___ ____k_ __ __r ______e____ ___ __o___ __ ___ _____ __ __ ___ m________ __ _____ _ ____ w____
1461,When you spend so long trapped in darkness Lucien you find that the darkness begins to stare back,80,8,1_14_30_36_42_45_46_72,10000000000001000000000000000100000100000100110000000000000000000000000100000000,W___ ___ _____ _o ____ _______ __ __r_____ L_____ y__ fi__ ____ ___ ________ ______ __ s____ ____
1462,Happiness can be found even in the darkest of times if one only remembers to turn on the light,76,5,8_56_65_66_72,0000000100000000000000000000000000000000000000000000000100000000110000010000,_______s_ ___ __ _____ ____ __ ___ _______ __ _____ __ ___ ____ ____m____ __ __rn __ ___ l____
1463,The world is a dangerous place to live not because of the people who are evil but because of the people who dont do anything about it,107,8,13_35_37_39_40_53_60_78,00000000000010000000000000000000001010110000000000001000000100000000000000000100000000000000000000000000000,___ _____ __ _ _a_______ _____ __ ____ ___ b_c_us_ __ ___ ______ w__ ___ _v__ ___ _______ __ ___ p_____ ___ ____ __ ________ _____ __
1464,There are good days and hard days for me even now Dont let the hard days win,60,4,4_11_54_59,000100000010000000000000000000000000000000000000000001000010,___r_ ___ __o_ ____ ___ ____ ____ ___ __ ____ ___ ____ ___ ___ ____ d___ _i_
1465,Promise me youll never forget me because if I thought you would Id never leave,64,9,1_4_16_24_29_37_44_62_64,1001000000000001000000010000100000001000000100000000000000000101,P__m___ __ _____ _e___ ____e_ __ _e_____ __ I ______t ___ _____ __ _____ __a_e
1466,A dream you dream alone is only a dream A dream you dream together is reality,62,6,7_8_14_23_48_55,00000011000001000000001000000000000000000000000100000010000000,_ _____ yo_ ____m _____ __ _n__ _ _____ _ _____ ___ _____ __g_____ _s _______
1467,If Id observed all the rules Id never have got anywhere,45,4,2_7_23_28,010000100000000000000010000100000000000000000,_f __ __s_____ ___ ___ ____s __ __v__ ____ ___ ________
1468,Light thinks it travels faster than anything but it is wrong No matter how fast light travels it finds the darkness has always got there first and is waiting for it,134,10,1_15_16_17_39_57_71_82_91_103,10000000000000111000000000000000000000100000000000000000100000000000001000000000010000000010000000000010000000000000000000000000000000,L____ ______ __ _rav___ ______ ____ ________ b__ __ __ _____ __ ____e_ ___ ____ _____ t______ __ __n__ ___ ___k____ ___ ____y_ ___ _____ _____ ___ __ _______ ___ __
1469,If things start happening dont worry dont stew just go right along and youll start happening too,80,8,20_22_38_42_60_61_65_79,00000000000000000001010000000000000001000100000000000000000110001000000000000010,__ ______ _____ ______i_g ____ _____ ____ __e_ __s_ __ _____ _____ ___ _ou__ _t___ _________ _o_
1470,In the beginning there was nothing which exploded,42,5,8_13_27_36_38,000000010000100000000000001000000001010000,__ ___ __g____n_ _____ ___ ____i__ _____ _x_l____
1471,Who in the world am I Ah thats the great puzzle,37,5,1_15_31_32_37,1000000000000010000000000000001100001,W__ __ ___ _____ _m _ __ _____ ___ ____t p____e
1472,Only the dead have seen the end of war,30,6,6_16_19_22_27_28,000001000000000100100100001100,____ _h_ ____ ____ s__n __e ___ _f w__
1473,My tongue will tell the anger of my heart or else my heart concealing it will break,67,8,7_26_32_38_40_49_50_56,0000001000000000000000000100000100000101000000001100000100000000000,__ ____u_ ____ ____ ___ _____ _f __ ___r_ __ __s_ m_ _____ __nc_____g __ ____ _____
1474,Never underestimate the power of stupid people in large groups,53,6,3_5_16_20_24_25,00101000000000010001000110000000000000000000000000000,__v_r __________a__ _h_ __we_ __ ______ ______ __ _____ ______
1475,He was my mum and dads best friend Hes a convicted murderer but hes broken out of wizard prison and hes on the run He likes to keep in touch with me though Keep up with my news Check if Im happy,153,9,27_37_43_47_75_100_113_114_123,000000000000000000000000001000000000100000100010000000000000000000000000001000000000000000000000000100000000000011000000001000000000000000000000000000000,__ ___ __ ___ ___ ____ ____ _____d ___ _ _____c___ __r___e_ ___ ___ ______ ___ __ ______ ___s__ ___ ___ __ ___ ___ __ _____ _o ____ __ _____ _it_ __ _____h ____ __ ____ __ ____ _____ __ __ _____
1476,Your beliefs become your thoughts Your thoughts become your words Your words become your actions Your actions become your habits Your habits become your values Your values become your destiny,162,8,10_47_49_90_130_142_150_159,000000000100000000000000000000000000000000000010100000000000000000000000000000000000000001000000000000000000000000000000000000000100000000000100000001000000001000,____ _____f_ ______ ____ ________ ____ ________ _____e _o__ _____ ____ _____ ______ ____ _______ ____ ___i___ ______ ____ ______ ____ ______ ______ ____ v_____ ____ __l___ ____m_ ____ ___t___
1477,Creativity is intelligence having fun,33,4,9_10_24_32,000000001100000000000001000000010,________ty __ ___________e ______ _u_
1478,We can know only that we know nothing And that is the highest degree of human wisdom,68,8,3_5_9_12_38_48_52_57,00101000100100000000000000000000000001000000000100010000100000000000,__ c_n ___w __l_ ____ __ ____ _______ ___ ____ i_ ___ _____s_ __g___ _f _____ ______
1479,It is absurd to divide people into good and bad People are either charming or tedious,70,8,6_12_22_26_50_51_54_63,0000010000010000000001000100000000000000000000000110010000000010000000,__ __ _b____ _o ______ ___p__ _n__ ____ ___ ___ ______ ___ __th__ c_______ _r _______
1480,Do not go gentle into that good night Rage rage against the dying of the light,63,5,7_8_35_51_55,000000110000000000000000000000000010000000000000001000100000000,__ ___ _o g_____ ____ ____ ____ _____ ____ r___ _______ ___ __i__ _f ___ _____
1481,Even strength must bow to wisdom sometimes,36,4,2_11_22_34,010000000010000000000100000000000100,_v__ ______t_ ____ ___ __ w_____ ______m__
1482,I say let the world go to hell but I should always have my tea,48,8,8_10_12_13_27_36_42_44,000000010101100000000000001000000001000001010000,_ ___ ___ t_e _or__ __ __ ____ ___ I ______ __w___ __v_ m_ ___
1483,Most books on witchcraft will tell you that witches work naked This is because most books on witchcraft were written by men,102,9,8_28_32_64_78_81_83_84_90,000000010000000000000000000100010000000000000000000000000000000100000000000001001011000001000000000000,____ ___k_ __ __________ ____ __l_ __u ____ _______ ____ _____ ____ __ _____s_ ____ _____ __ _i__h_ra__ ___e _______ __ ___
1484,My soul is from elsewhere Im sure of that and I intend to end up there,55,6,4_15_17_18_33_39,0001000000000010110000000000000010000010000000000000000,__ _o__ __ ____ __s_wh___ __ ____ __ ___t ___ _ _n____ __ ___ __ _____
1485,No matter what he does every person on earth plays a central role in the history of the world And normally he doesnt know it,100,6,20_39_63_87_96_99,0000000000000000000100000000000000000010000000000000000000000010000000000000000000000010000000010010,__ ______ ____ __ ____ _v___ ______ __ _____ __a__ _ _______ ____ __ ___ ____o__ __ ___ _____ ___ ________ h_ ______ _n__ i_
1486,You yourself as much as anybody in the entire universe deserve your love and affection,72,9,10_14_25_35_47_53_55_61_68,000000000100010000000000100000000010000000000010000010100000100000010000,___ ______l_ __ m___ __ _____d_ __ ___ ___i__ ________ _e_____ y_u_ ____ a__ ____c____
1487,Most of all I hate you because I think of you Often Its disgusting and I cant stop,65,5,30_47_49_52_54,00000000000000000000000000000100000000000000001010010100000000000,____ __ ___ _ ____ ___ _______ _ ____k __ ___ _____ ___ ___g_s__n_ a__ _ ____ ____
1488,Children begin by loving their parents as they grow older they judge them sometimes they forgive them,85,9,11_24_35_45_48_53_75_79_85,0000000000100000000000010000000000100000000010010000100000000000000000000010001000001,________ __g__ __ ______ __e__ _______ _s ____ ____ _l__r ____ j____ ____ _________ ____ f___i__ ___m
1489,People shouldnt be afraid of their government Governments should be afraid of their people,77,4,27_38_42_49,00000000000000000000000000100000000001000100000010000000000000000000000000000,______ ________ __ ______ __ __e__ ________n_ __v______t_ ______ __ ______ __ _____ ______
1490,No one knows for certain how much impact they have on the lives of other people Oftentimes we have no clue Yet we push it just the same,108,7,6_14_69_73_79_98_106,000001000000010000000000000000000000000000000000000000000000000000001000100000100000000000000000010000000100,__ ___ k____ ___ c______ ___ ____ ______ ____ ____ __ ___ _____ __ _____ ______ ____n___e_ __ __v_ __ ____ ___ __ ____ __ j___ ___ _a__
1491,For whatever we lose like a you or a me Its always our self we find in the sea,60,8,1_3_9_10_15_20_42_55,101000001100001000010000000000000000000001000000000000100000,F_r _____ve_ __ _o__ __k_ _ ___ __ _ __ ___ ______ __r ____ __ ____ __ t__ ___
1492,I am glad you are here with me Here at the end of all things Sam,49,5,10_18_23_37_43,0000000001000000010000100000000000001000001000000,_ __ ____ __u ___ ____ w___ _e ____ __ ___ ___ _f ___ __i___ ___
1493,DONT THINK OF IT AS DYING said Death JUST THINK OF IT AS LEAVING EARLY TO AVOID THE RUSH,70,8,7_10_12_23_33_34_40_69,0000001001010000000000100000000011000001000000000000000000000000000010,____ __I__ O_ I_ __ _____ __i_ _____ ___T T____ _F __ __ _______ _____ __ _____ ___ __S_
1494,Dont wait for a light to appear at the end of the tunnel stride down there and light the bloody thing yourself,89,8,6_8_21_41_44_62_75_83,00000101000000000000100000000000000000001001000000000000000001000000000000100000001000000,____ _a_t ___ _ _____ __ _p____ __ ___ ___ __ ___ __n__l ______ ____ _____ __d _____ ___ ____d_ _____ _o______
1495,Remember remember this is now and now and now Live it feel it cling to it I want to become acutely aware of all Ive taken for granted,106,8,11_14_23_34_42_69_80_93,0000000000100100000000100000000001000000010000000000000000000000000010000000000100000000000010000000000000,________ __m__b__ ____ __ n__ ___ ___ __d ___ ____ i_ ____ __ _____ __ __ _ ____ __ ___o__ _______ _w___ __ ___ ___ _a___ ___ _______
1496,If you want to keep a secret you must also hide it from yourself,51,6,7_9_12_27_35_50,000000101001000000000000001000000010000000000000010,__ ___ _a_t __ k___ _ ______ ___ _u__ ____ _i__ __ ____ ______l_
1497,But he who dares not grasp the thorn Should never crave the rose,52,7,17_27_29_33_34_44_47,0000000000000000100000000010100011000000000100100000,___ __ ___ _____ ___ g____ ___ __o_n ___ul_ _____ ___v_ _h_ ____
1498,There was another life that I might have had but I am having this one,55,9,8_11_16_19_22_32_37_39_42,0000000100100001001001000000000100001010010000000000000,_____ __s __o____ l__e __a_ _ _____ __v_ ___ b_t _ _m ______ ____ ___
1499,I didnt need you you idiot I picked you And then you picked me back,53,6,5_24_25_29_30_50,00001000000000000000000110001100000000000000000001000,_ ___n_ ____ ___ ___ _____ _ _ic___ yo_ ___ ____ ___ ______ __ b___
1500,Youre alive only once as far as we know and what could be worse than getting to the end of your life and realizing you hadnt lived it,106,4,2_68_79_98,0100000000000000000000000000000000000000000000000000000000000000000100000000001000000000000000000100000000,_o___ _____ ____ ____ __ ___ __ __ ____ ___ ____ _____ __ _____ ____ _______ __ ___ _n_ __ ____ ___e ___ _________ ___ ___n_ _____ __
1501,The ships hung in the sky in much the same way that bricks dont,50,7,7_9_10_12_20_32_47,00000010110100000001000000000001000000000000001000,___ ___p_ hu_g __ ___ __y __ ____ ___ __m_ ___ ____ ______ d___
1502,One thing you cant hide is when youre crippled inside,44,8,2_3_13_16_23_31_33_38,01100000000010010000001000000010100001000000,_ne _____ ___ _a__ h___ __ _h__ _____ c_i____d ______
1503,Love is the absence of judgment,26,9,8_11_15_18_19_20_21_22_25,00000001001000100111110010,____ __ _h_ _b___c_ _f judg__n_
1504,There are some things you cant share without ending up liking each other and knocking out a twelvefoot mountain troll is one of them,109,8,14_41_46_50_52_61_68_83,0000000000000100000000000000000000000000100001000101000000001000000100000000000000100000000000000000000000000,_____ ___ ____ _h____ ___ ____ _____ _______ ___i__ __ l___n_ e___ _____ a__ ____k___ ___ _ _______o__ ________ _____ __ ___ __ ____
1505,Always do what is right It will gratify half of mankind and astound the other,63,6,7_11_36_37_50_58,000000100010000000000000000000000001100000000000010000000100000,______ d_ __a_ __ _____ __ ____ _______ ___f o_ _______ ___ _s_____ __e _____
1506,When the heart speaks the mind finds it indecent to object,48,5,1_9_10_33_37,100000001100000000000000000000001000100000000000,W___ ___ _ea__ ______ ___ ____ _____ __ i___c___ __ ______
1507,The library is inhabited by spirits that come out of the pages at night,58,9,4_6_13_30_35_40_48_54_56,0001010000001000000000000000010000100001000000010000010100,___ l_b____ __ i________ __ ______s ____ c___ _u_ __ ___ _a___ __ n_g__
1508,Compassion is the basis of morality,30,5,2_8_20_22_27,010000010000000000010100001000,_o_____i__ __ ___ ____s _f ____l___
1509,Tell me and I forget teach me and I may remember involve me and I learn,56,5,11_16_22_24_49,00000000001000010000010100000000000000000000000010000000,____ __ ___ _ f____t _____ m_ a__ _ ___ ________ _______ __ _n_ _ _____
1510,We can never judge the lives of others because each person knows only their own pain and renunciation Its one thing to feel that you are on the right path but its another to think that yours is the only path,167,10,8_11_27_33_53_72_113_127_140_147,00000001001000000000000000100000100000000000000000001000000000000000000100000000000000000000000000000000000000001000000000000010000000000001000000100000000000000000000,__ ___ __v__ j____ ___ _____ __ _t____ _e_____ ____ ______ ____s ____ _____ ___ ____ __d ____________ ___ ___ _____ __ ____ ____ ___ ___ _n ___ _____ ____ _u_ ___ _______ _o _____ _h__ _____ __ ___ ____ ____
1511,Our memory is a more perfect world than the universe it gives back life to those who no longer exist,81,10,9_11_29_36_37_62_66_72_74_78,000000001010000000000000000010000001100000000000000000000000010001000001010001000,___ _____y _s _ ____ _______ _____ t___ ___ un______ __ _____ ____ ____ __ _h___ w__ __ _o_g__ _x___
1512,Art enables us to find ourselves and lose ourselves at the same time,56,7,7_16_18_23_40_50_51,00000010000000010100001000000000000000010000000001100000,___ ___b___ __ __ _i_d ____e____ ___ ____ _____l___ __ ___ _am_ ____
1513,I have learned now that while those who speak about ones miseries usually hurt those who keep silence hurt more,92,10,3_4_9_12_26_29_40_75_80_84,00110000100100000000000001001000000000010000000000000000000000000000000000100001000100000000,_ _av_ ___r__d ___ ____ _____ _h__e ___ _____ __o__ ____ ________ _______ ____ _____ ___ _e__ __l___e ____ ____
1514,You have to know what you stand for not just what you stand against,54,6,10_18_23_24_39_51,000000000100000001000011000000000000001000000000001000,___ ____ __ k___ ____ y__ __an_ ___ ___ ____ ___t ___ _____ ___i___
1515,My library is an archive of longings,30,6,5_6_17_20_26_30,000011000000000010010000010001,__ __br___ __ __ ___h__e __ ___g___s
1516,Those who know do not speak Those who speak do not know,44,4,2_18_25_32,01000000000000000100000010000001000000000000,_h___ ___ ____ __ ___ s____ __o__ ___ _p___ __ ___ ____
1517,I wanted a perfect ending Now Ive learned the hard way that some poems dont rhyme and some stories dont have a clear beginning middle and end,115,9,3_12_43_66_83_88_90_103_106,0010000000010000000000000000000000000000001000000000000000000000010000000000000000100001010000000000001001000000000,_ _a____ _ ___f___ ______ ___ ___ _______ ___ ____ _a_ ____ ____ _____ ____ ____e ___ ____ _______ __n_ ___e _ c____ ________g __d___ ___ ___
1518,Keep smiling because life is a beautiful thing and theres so much to smile about,66,6,9_10_19_26_42_52,000000001100000000100000010000000000000001000000000100000000000000,____ ____in_ _______ l___ __ _ b________ _____ __d ______ __ _u__ __ _____ _____
1519,Youth can not know how age thinks and feels But old men are guilty if they forget what it was to be young,83,7,6_7_27_42_71_77_79,00000110000000000000000000100000000000000100000000000000000000000000001000001010000,_____ ca_ ___ ____ ___ ___ _____s ___ _____ ___ ___ m__ ___ ______ __ ____ ______ ____ _t ___ __ b_ y____
1520,Success makes so many people hate you I wish it wasnt that way It would be wonderful to enjoy success without seeing envy in the eyes of those around you,124,9,7_49_50_67_74_86_96_99_121,0000001000000000000000000000000000000000000000001100000000000000001000000100000000000100000000010010000000000000000000001000,______s _____ __ ____ ______ ____ ___ _ ____ __ _____ ____ _ay __ _____ __ _______u_ __ ___o_ _______ ___h___ ______ e__y __ ___ ____ __ _____ _____d ___
1521,There is greatness in doing something you hate for the sake of someone you love,65,7,2_19_26_31_33_56_64,01000000000000000010000001000010100000000000000000000001000000010,_h___ __ _________ __ d____ __m____n_ y__ ____ ___ ___ ____ __ ____o__ ___ __v_
1522,When I had nothing to lose I had everything When I stopped being who I am I found myself,70,7,2_7_33_35_60_62_67,0100001000000000000000000000000010100000000000000000000000010100001000,_h__ _ _a_ _______ __ ____ _ ___ _______i_g ____ _ _______ _____ ___ _ __ _ f_u__ __s___
1523,Never interrupt your enemy when he is making a mistake,45,5,6_20_39_41_42,000001000000000000010000000000000000001011000,_____ i________ ____ _n___ ____ __ __ ______ _ m_st___
1524,Then I realize what it is Its him Something about him makes me feel like I am about to fall Or turn to liquid Or burst into flames,103,5,34_44_61_64_100,0000000000000000000000000000000001000000000100000000000000001001000000000000000000000000000000000001000,____ _ _______ ____ __ __ ___ ___ _______n_ _____ ___ m____ __ ____ ____ _ _m __o__ __ ____ __ ____ __ ______ __ _____ ____ __a___
1525,My bounty is as boundless as the seaMy love as deep the more I give to thee The more I have for both are infinite,89,5,17_59_61_63_85,00000000000000001000000000000000000000000000000000000000001010100000000000000000000010000,__ ______ __ __ ____d____ __ ___ _____ ____ __ ____ ___ ____ _ ____ __ ___e _h_ m___ _ ____ ___ ____ ___ ___i____
1526,Silence is the language of god all else is poor translation,49,5,5_7_22_35_46,0000101000000000000001000000000000100000000001000,____n_e __ ___ ________ _f ___ ___ ____ __ p___ _______t___
1527,But in a solitary life there are rare moments when another soul dips near yours as stars once a year brush the earth Such a constellation was he to me,121,9,14_34_38_46_53_71_85_102_110,0000000000000100000000000000000001000100000001000000100000000000000000100000000000001000000000000000010000000100000000000,___ __ _ _______y ____ _____ ___ ____ ___e___ w___ ____h__ ____ d___ ____ _____ __ ___r_ ____ _ ____ ___s_ ___ _____ ____ _ __n_______i__ ___ __ __ __
1528,In a time of destruction create something,35,5,3_23_28_32_35,00100000000000000000001000010001001,__ a ____ __ ___________ __e___ _o___h__g
1529,Its the questions we cant answer that teach us the most They teach us how to think If you give a man an answer all he gains is a little fact But give him a question and hell look for his own answers,156,9,1_31_63_76_87_109_124_127_153,100000000000000000000000000000100000000000000000000000000000001000000000000100000000001000000000000000000000100000000000000100100000000000000000000000001000,I__ ___ _________ __ ____ ______ ___t _____ __ ___ ____ ____ _____ __ ___ __ _h___ __ ___ ____ a ___ __ _____r ___ __ _____ __ _ ______ __c_ ___ ____ ___ _ __e__i__ ___ ____ ____ ___ ___ ___ ___w___
1530,Silence make the real conversations between friends Not the saying but the never needing to say that counts,90,8,10_21_29_41_54_83_89_90,000000000100000000001000000010000000000010000000000001000000000000000000000000000010000011,_______ __k_ ___ ____ __n_______o__ _______ __i____ ___ ___ __y___ ___ ___ _____ _______ __ ___ __a_ ____ts
1531,I wish I were a girl again halfsavage and hardy and free,45,6,7_13_24_26_33_36,000000100000100000000001010000001001000000000,_ ____ _ w___ _ _i__ _____ ___f_a____ __d __r__ ___ ____
1532,They who can give up essential liberty to obtain a little temporary safety deserve neither liberty nor safety,92,10,9_10_11_15_17_27_32_35_50_89,00000000111000101000000000100001001000000000000001000000000000000000000000000000000000001000,____ ___ _an g___ u_ e________ _i____y __ o_____ _ ______ __m______ ______ _______ _______ _______ ___ __f___
1533,I bet you could sometimes find all the mysteries of the universe in someones hand,67,8,1_8_14_17_32_42_44_56,1000000100000100100000000000000100000000010100000000000100000000000,I ___ ___ c____ _o__t____ ____ ___ ___ m________ _f _h_ ________ __ s_______ ____
1534,Confidence is ignorance If youre feeling cocky its because theres something you dont know,76,10,17_18_33_34_46_50_62_68_73_74,0000000000000000110000000000000011000000000001000100000000000100000100001100,__________ __ ____ra___ __ _____ ____in_ _____ ___ __c___e ______ _____h___ __u ____ kn__
1535,You can have it all Just not all at once,31,6,7_10_17_18_24_30,0000001001000000110000010000010,___ ___ h__e __ ___ _us_ ___ _l_ __ __c_
1536,Never be afraid to raise your voice for honesty and truth and compassion against injustice and lying and greed If people all over the world would do this it would change the earth,147,9,6_9_11_53_57_60_95_117_147,000001001010000000000000000000000000000000000000000010001001000000000000000000000000000000000010000000000000000000001000000000000000000000000000001,_____ b_ _f_a__ __ _____ ____ _____ ___ _______ ___ _____ ___ __m___s__n _______ _________ ___ _____ ___ _____ __ p_____ ___ ____ ___ _____ _o___ __ ____ __ _____ ______ ___ ____h
1537,A child can teach an adult three things to be happy for no reason to always be busy with something and to know how to demand with all his might that which he desires,132,9,5_40_42_51_66_79_100_110_126,000010000000000000000000000000000000000101000000001000000000000001000000000000100000000000000000000100000000010000000000000001000000,_ ___l_ ___ _____ __ _____ _____ ______ __ __ ___p_ f__ __ ____o_ __ ______ __ ___y ____ ________g ___ __ ____ ___ __ ______ w___ ___ ___ m____ ____ _____ __ d______
1538,Though my soul may set in darkness it will rise in perfect light I have loved the stars too fondly to be fearful of the night,100,6,3_24_29_37_76_86,0010000000000000000000010000100000001000000000000000000000000000000000000001000000000100000000000000,__o___ __ ____ ___ ___ __ ___k____ i_ ____ __s_ __ _______ _____ _ ____ _____ ___ _____ ___ __n___ __ __ __a____ __ ___ _____
1539,There is only one sin and that is theft when you tell a lie you steal someones right to the truth,77,5,7_30_41_60_73,00000010000000000000000000000100000000001000000000000000000100000000000010000,_____ _s ____ ___ ___ ___ ____ __ ___f_ ____ ___ __l_ _ ___ ___ _____ _____n__ _____ __ ___ t____
1540,We didnt talk about anything heavy or light We were just there together And that was enough,75,7,4_12_26_30_40_59_73,000100000001000000000000010001000000000100000000000000000010000000000000100,__ _i___ ____ a____ ________ _e___ o_ _____ __ _e__ ____ _____ _______r ___ ____ ___ ___u__
1541,Everything has beauty but not everyone sees it,39,4,8_14_28_29,000000010000010000000000000110000000000,_______i__ ___ b_____ ___ ___ __er____ ____ __
1542,A girl should be two things who and what she wants,40,5,4_8_10_29_35,0001000101000000000000000000100000100000,_ __r_ __o_l_ __ ___ ______ ___ ___ w___ __e _____
1543,Life isnt finding shelter in the storm Its about learning to dance in the rain,64,5,18_23_28_49_56,0000000000000000010000100001000000000000000000001000000100000000,____ ____ _______ __e____ i_ ___ s____ ___ _____ ________ t_ _____ i_ ___ ____
1544,The purpose of life is to live it to taste experience to the utmost to reach out eagerly and without fear for newer and richer experience,112,7,26_47_49_52_71_98_104,0000000000000000000000000100000000000000000000101001000000000000000000100000000000000000000000000100000100000000,___ _______ __ ____ __ __ ____ _t __ _____ __________ __ _h_ u__o__ __ _____ ___ ______y ___ _______ ____ ___ _____ ___ _i____ _x________
1545,Have a heart that never hardens and a temper that never tires and a touch that never hurts,73,6,3_47_55_58_64_70,0010000000000000000000000000000000000000000000100000001001000001000001000,__v_ _ _____ ____ _____ _______ ___ _ ______ ____ _____ _i___ ___ _ t__c_ ____ n____ _u___
1546,Never forget what you are for surely the world will not Make it your strength Then it can never be your weakness,91,7,6_9_27_31_38_70_73,0000010010000000000000000010001000000100000000000000000000000000000001001000000000000000000,_____ f__g__ ____ ___ ___ ___ __r___ t__ ____d ____ ___ ____ __ ____ ________ ____ __ c__ n____ __ ____ ________
1547,Courage is resistance to fear mastery of fear not absence of fear,54,7,3_4_21_32_35_43_47,001100000000000000001000000000010010000000100010000000,__ur___ __ __________ _o ____ ______y __ f___ ___ _b___c_ __ ____
1548,I must learn to be content with being happier than I deserve,49,9,1_3_13_15_17_18_32_34_48,1010000000001010110000000000000101000000000000010,I _u__ _____ __ b_ c_nt___ ____ _____ _a_p___ ____ _ _____v_
1549,I suppose a fire that burns that bright is not meant to last,48,5,8_26_27_28_38,000000010000000000000000011100000000010000000000,_ ______e _ ____ ____ _____ ___t br____ __ ___ m____ __ ____
1550,Keep in mind that people change but the past doesnt,42,7,5_7_17_18_23_25_32,000010100000000011000010100000010000000000,____ i_ m___ ____ __op__ __a_g_ ___ __e ____ ______
1551,Books are the carriers of civilization They are companions teachers magicians bankers of the treasures of the mind Books are humanity in print,120,7,16_24_35_58_59_63_87,000000000000000100000001000000000010000000000000000000000110001000000000000000000000001000000000000000000000000000000000,_____ ___ ___ ____i___ __ __v_________ _h__ ___ __________ _______s m___c____ _______ __ ___ _______e_ __ ___ ____ _____ ___ ________ __ _____
1552,Every time you smile at someone it is an action of love a gift to that person a beautiful thing,76,9,8_13_32_36_43_46_60_63_65,0000000100001000000000000000000100010000001001000000000000010010100000000000,_____ __m_ ___ s____ __ _______ __ __ _n ___i__ __ __v_ _ g___ __ ____ ____o_ _ b_a______ _____
1553,Lack of direction not lack of time is the problem We all have twentyfour hour days,67,10,7_11_15_22_48_58_63_65_66_67,0000001000100010000001000000000000000000000000010000000001000010111,____ __ d___c___n ___ ___k __ ____ __ ___ _______ __ ___ __v_ ________u_ ___r _ays
1554,In individuals insanity is rare but in groups parties nations and epochs it is the rule,72,6,7_11_20_34_39_55,000000100010000000010000000000000100001000000000000000100000000000000000,__ ____v___a__ ______t_ __ ____ ___ __ _r____ p______ _______ __d ______ __ __ ___ ____
1555,Nothing in the world is ever completely wrong Even a stopped clock is right twice a day,71,7,5_10_28_44_54_69_70,00001000010000000000000000010000000000000001000000000100000000000000110,____i__ __ t__ _____ __ ____ ____l_____ _____ ____ _ s______ ___c_ __ _____ _____ _ da_
1556,You should never be surprised when someone treats you with respect you should expect it,73,8,10_12_15_18_20_42_44_65,0000000001010010010100000000000000000000010100000000000000000000100000000,___ ______ n_v__ b_ _u_p_____ ____ _______ _____s _o_ ____ _______ ___ _____d ______ __
1557,A book lying idle on a shelf is wasted ammunition,40,7,2_7_26_28_29_33_34,0100001000000000000000000101100011000000,_ b___ _y___ ____ __ _ _____ __ _a_te_ __mu______
1558,Quotation is a serviceable substitute for wit,39,6,3_13_15_16_26_34,001000000000101100000000010000000100000,__o______ __ _ s_rv_______ __b_______ f__ ___
1559,I may not have been sure about what really did interest me but I was absolutely sure about what didnt,82,7,8_15_38_42_43_60_78,0000000100000010000000000000000000000100011000000000000000010000000000000000010000,_ ___ ___ h___ ___n ____ _____ ____ ______ ___ i___re__ __ ___ _ ___ _____u____ ____ _____ ____ d____
1560,Is there no way out of the mind,24,6,10_11_18_22_23_24,000000000110000001000111,__ _____ __ wa_ ___ __ t__ _ind
1561,Go on with what your heart tells you or you will lose all,45,5,4_7_17_34_36,000100100000000010000000000000000101000000000,__ _n __t_ ____ ____ h____ _____ ___ __ __u _i__ ____ ___
1562,A halfread book is a halffinished love affair,38,7,6_7_10_13_23_30_31,00000110010010000000001000000110000000,_ ____re__ b__k __ _ ______n_____ _ov_ ______
1563,We need in love to practice only this letting each other go For holding on comes easily we do not need to learn it,91,9,15_18_35_46_52_59_63_68_72,0000000000000010010000000000000000100000000001000001000000100010000100010000000000000000000,__ ____ __ ____ __ p__c____ ____ ____ ____i__ ____ ____r __ ___ h______ o_ __m__ __s___ w_ __ ___ ____ __ _____ __
1564,If I loved you less I might be able to talk about it more,44,5,9_17_30_33_36,00000000100000001000000000000100100100000000,__ _ _____ y__ ____ _ m____ __ ____ __ t__k __o__ __ ____
1565,I do not think sir you have any right to command me merely because you are older than I or because you have seen more of the world than I have your claim to superiority depends on the use you have made of your time and experience,183,9,6_11_27_34_46_74_125_128_168,000001000010000000000000001000000100000000000100000000000000000000000000010000000000000000000000000000000000000000000000000010010000000000000000000000000000000000000001000000000000000,_ __ __t ____k ___ ___ ____ ___ __g__ __ __m____ __ _____y _______ ___ ___ _____ ____ _ __ __c____ ___ ____ ____ ____ __ ___ _____ ____ _ ____ ____ _____ __ _u__r______ _______ __ ___ ___ ___ ____ ____ __ ____ _i__ ___ __________
1566,A lot of you cared just not enough,27,4,2_6_10_20,010001000100000000010000000,_ l__ _f ___ c____ ____ _o_ ______
1567,Change will not come if we wait for some other person or if we wait for some other time We are the ones weve been waiting for We are the change that we seek,123,7,2_10_22_24_29_72_105,010000000100000000000101000010000000000000000000000000000000000000000001000000000000000000000000000000001000000000000000000,_h____ ___l ___ ____ __ __ w_i_ ___ s___ _____ ______ __ __ __ ____ ___ ____ _____ ____ __ a__ ___ ____ ____ ____ _______ ___ __ ___ t__ ______ ____ __ ____
1568,Tact is the ability to tell someone to go to hell in such a way that they look forward to the trip,77,6,23_24_25_32_37_67,00000000000000000000001110000001000010000000000000000000000000000010000000000,____ __ ___ _______ __ ____ som____ __ g_ __ _e__ __ ____ _ ___ ____ ____ ____ _____r_ __ ___ ____
1569,So please oh please we beg we pray go throw your TV set away and in its place you can install a lovely bookshelf on the wall,98,8,5_35_36_51_71_75_89_92,00001000000000000000000000000000001100000000000000100000000000000000001000100000000000001001000000,__ __e___ __ ______ __ ___ __ ____ __ _____ yo__ __ ___ ____ ___ i_ ___ _____ ___ ___ ____a__ _ l_____ ________f __ t__ ____
1570,Whats the good of living if you dont try a few things,42,6,1_2_15_18_25_37,110000000000001001000000100000000000100000,Wh___ ___ ____ __ l__i__ __ __u ____ ___ _ ___ t_____
1571,If you end up with a boring miserable life because you listened to your mom your dad your teacher your priest or some guy on television telling you how to do your shit then you deserve it,151,9,5_35_58_67_77_93_108_110_135,0000100000000000000000000000000000100000000000000000000001000000001000000000100000000000000010000000000000010100000000000000000000000010000000000000000,__ __u ___ __ ____ _ ______ _________ ____ b______ ___ ________ __ ___r ___ ____ _a_ ____ ____h__ ____ ______ __ _o__ ___ __ _______i_n _______ ___ ___ __ __ ____ ___t ____ ___ _______ __
1572,Dreams do come true if only we wish hard enough You can have anything in life if you will sacrifice everything else for it,99,5,6_18_32_81_84,000001000000000001000000000000010000000000000000000000000000000000000000000000001001000000000000000,_____s __ ____ ____ _f ____ __ ____ ___d ______ ___ ___ ____ ________ __ ____ __ ___ ____ _________ e__r______ ____ ___ __
1573,Where there is love there is often also hate They can exist side by side,58,4,36_40_46_51,0000000000000000000000000000000000010001000001000010000000,_____ _____ __ ____ _____ __ _____ ____ ___e ___y ___ __i__ __d_ __ ____
1574,Its all in the view Thats what I mean about forever too For any one of us our forever could end in an hour or a hundred years from now You never know for sure so youd better make every second count,156,9,27_32_89_91_93_100_129_154_155,000000000000000000000000001000010000000000000000000000000000000000000000000000000000000010101000000100000000000000000000000000001000000000000000000000000110,___ ___ __ ___ ____ _____ ____ _ _e__ __o__ _______ ___ ___ ___ ___ __ __ ___ _______ _____ ___ __ __ ____ __ _ __n_r_d _____ _r__ ___ ___ _____ ____ ___ ____ __ __u_ ______ ____ _____ ______ __un_
1575,That which can be asserted without evidence can be dismissed without evidence,66,8,12_19_27_29_34_38_46_55,000000000001000000100000001010000100010000000100000000100000000000,____ _____ __n __ ____r___ ____o_t ____e___ c__ __ ___m_____ ___h___ ________
1576,When you find your path you must not be afraid You need to have sufficient courage to make mistakes Disappointment defeat and despair are the tools God uses to show us the way,143,9,4_30_44_63_66_74_95_113_135,00010000000000000000000000000100000000000001000000000000000000100100000001000000000000000000001000000000000000001000000000000000000000100000000,___n ___ ____ ____ ____ ___ ____ ___ b_ ______ ___ ___d __ ____ __________ __u__g_ __ ____ m_______ _____________t ______ ___ _______ _r_ ___ _____ ___ ____ __ ___w __ ___ ___
1577,If you want to know what God thinks of money just look at the people he gave it to,64,7,25_26_31_45_53_59_64,0000000000000000000000001100001000000000000010000000100000100001,__ ___ ____ __ ____ ____ ___ __in__ __ m____ ____ ____ _t ___ ____l_ __ __v_ __ _o
1578,Just because youre paranoid doesnt mean they arent after you,51,7,12_20_24_38_39_41_48,000000000001000000010001000000000000011010000001000,____ _______ y____ ___a___d ______ ____ ___y a_e__ ____r ___
1579,Learn to value yourself which means fight for your happiness,51,9,5_8_9_11_21_30_31_34_35,000010011010000000001000000001100110000000000000000,____n __ va_u_ ________ w____ ____s f__ht ___ ____ _________
1580,I dont know that love changes People change Circumstances change,55,7,7_17_18_21_23_35_39,0000001000000000110010100000000000100010000000000000000,_ ____ _n__ ____ ___e c__n_e_ ______ ____g_ __r__________ ______
1581,A snowball in the face is surely the perfect beginning to a lasting friendship,65,9,4_19_28_35_37_38_39_44_49,00010000000000000010000000010000001011100001000010000000000000000,_ __o_____ __ ___ ____ i_ ______ _h_ _____c_ beg____n_ __ _ l______ __________
1582,And thus the heart will break yet brokenly live on,41,6,15_23_28_29_33_38,00000000000000100000001000011000100001000,___ ____ ___ ____t ____ ___a_ ___ br___n__ __v_ __
1583,Expose yourself to your deepest fear after that fear has no power and the fear of freedom shrinks and vanishes You are free,101,10,2_3_26_37_38_56_73_77_84_94,01100000000000000000000001000000000011000000000000000001000000000000000010001000000100000000010000000,_xp___ ________ __ ____ _____s_ ____ _____ th__ ____ ___ __ _____ _n_ ___ ____ __ ______m ___i___ ___ v_______ __u ___ ____
1584,Older men declare war But it is youth that must fight and die,49,6,1_2_33_37_45_49,1100000000000000000000000000000010001000000010001,Ol___ ___ _______ ___ ___ __ __ _____ __a_ __s_ _____ _n_ __e
1585,All alone Whether you like it or not alone is something youll be quite a lot,61,9,10_15_16_18_23_30_39_47_52,0000000001000011010000100000010000000010000000100001000000000,___ _____ _h____r y_u ____ i_ __ ___ a____ __ __m______ _o___ _e _____ _ ___
1586,Dont spend time beating on a wall hoping to transform it into a door,55,4,11_16_39_42,0000000000100001000000000000000000000010010000000000000,____ _____ _i__ __a____ __ _ ____ ______ __ ___n__o__ __ ____ _ ____
1587,How nice to feel nothing and still get full credit for being alive,54,5,14_16_17_28_50,000000000000010110000000000100000000000000000000010000,___ ____ __ ____ n_th___ ___ ____l ___ ____ ______ ___ _____ a____
1588,Kindness is a language which the deaf can hear and the blind can see,55,8,1_14_15_21_23_31_39_46,1000000000000110000010100000001000000010000001000000000,K_______ __ _ __ng____ _h_c_ ___ ___f ___ ____ a__ ___ _l___ ___ ___
1589,The world is indeed comic but the joke is on mankind,42,4,9_10_16_22,000000001100000100000100000000000000000000,___ _____ is _____d _____ b__ ___ ____ __ __ _______
1590,Atheism turns out to be too simple If the whole universe has no meaning we should never have found out that it has no meaning,101,7,5_11_18_26_74_92_101,00001000001000000100000001000000000000000000000000000000000000000000000001000000000000000001000000001,____i__ ___n_ ___ __ b_ ___ ___p__ __ ___ _____ ________ ___ __ _______ __ ______ _____ __v_ _____ ___ ____ __ __s __ ______g
1591,The truth is what I make it I could set this world on fire and call it rain,58,7,16_19_27_28_35_42_51,0000000000000001001000000011000000100000010000000010000000,___ _____ __ ____ _ m__e __ _ ____d s__ ____ w____ __ f___ ___ __l_ __ ____
1592,Time doesnt heal emotional pain you need to learn how to let go,51,5,6_11_30_31_38,000001000010000000000000000001100000010000000000000,____ _o____ h___ _________ ____ __u n___ __ _e___ ___ __ ___ __
1593,Families are messy Immortal families are eternally messy Sometimes the best we can do is to remind each other that were related for better or for worse and try to keep the maiming and killing to a minimum,167,6,25_75_80_138_145_152,00000000000000000000000010000000000000000000000000000000000000000000000000100001000000000000000000000000000000000000000000000000000000000100000010000001000000000000000,________ ___ _____ ________ f_______ ___ _________ _____ _________ ___ ____ __ ___ __ __ t_ ___i__ ____ _____ ____ ____ _______ ___ ______ __ ___ _____ ___ ___ __ ____ t__ ____i__ ___ _i_____ __ _ _______
1594,God cant give us peace and happiness apart from Himself because there is no such thing,71,5,23_24_28_30_47,00000000000000000000001100010100000000000000001000000000000000000000000,___ ____ ____ __ _____ ___ _ap___e_s _____ ____ _______ b______ _____ __ __ ____ _____
1595,Politeness is deception in pretty packaging,38,7,2_9_13_14_17_25_32,01000000100011001000000010000001000000,_o______s_ __ de__p____ __ _r____ __c______
1596,Without suffering thered be no compassion,36,9,1_4_9_11_12_14_24_32_33,100100001011010000000001000000011000,W__h___ _u_fe_i__ ______ _e __ _____ss___
1597,Beautiful face Beautiful body Horrible attitude It was the holy trinity of hot boys,70,6,8_12_25_30_32_42,0000000100010000000000001000010100000000010000000000000000000000000000,_______u_ __c_ _________ __d_ ___r_b__ _______e __ ___ ___ ____ _______ __ ___ ____
1598,Cry Forgive Learn Move on Let your tears water the seeds of your future happiness,67,8,7_11_14_15_27_45_53_61,0000001000100110000000000010000000000000000010000000100000001000000,___ ___g___ L__rn ____ __ ___ __u_ _____ _____ ___ ___d_ __ ____ f_____ __p______
1599,No persons are more frequently wrong than those who will not admit they are wrong,67,9,3_12_13_17_20_21_24_46_52,0010000000011000100110010000000000000000000001000001000000000000000,__ p______ __e m___ f__qu__t__ _____ ____ _____ ___ __l_ ___ _d___ ____ ___ _____
1600,Fill your paper with the breathings of your heart,41,7,6_21_24_28_29_30_40,00000100000000000000100100011100000000010,____ _o__ _____ ____ ___ b__a___ngs __ ____ ___r_
1601,If people refuse to look at you in a new light and they can only see you for what you were only see you for the mistakes youve made if they dont realize that you are not your mistakes then they have to go,161,9,3_11_44_56_99_113_121_122_139,00100000001000000000000000000000000000000001000000000001000000000000000000000000000000000000000000100000000000001000000011000000000000000010000000000000000000000,__ p_____ __f___ __ ____ __ ___ __ _ ___ _____ ___ ____ c__ ____ ___ __u ___ ____ ___ ____ ____ ___ ___ ___ ___ ________ ____e ____ __ ____ ___t _______ th__ ___ ___ ___ ____ _i______ ____ ____ ____ __ __
1602,Worry never robs tomorrow of its sorrow but only saps today of its strength,62,7,13_23_30_35_52_59_62,00000000000010000000001000000100001000000000000000010000001001,_____ _____ __b_ ________ o_ ___ __r___ _u_ ____ ____ _____ __ i__ ____n__h
1603,If conversation was the lyrics laughter was the music making time spent together a melody that could be replayed over and over without getting stale,124,7,9_57_59_85_88_90_108,0000000010000000000000000000000000000000000000000000000010100000000000000000000000001001010000000000000000010000000000000000,__ ______s_____ ___ ___ ______ ________ ___ ___ _____ ______ ____ _p_n_ ________ _ ______ ____ _____ b_ _e_l____ ____ ___ ____ __t____ _______ _____
1604,The saddest people Ive ever met in life are the ones who dont care deeply about anything at all Passion and satisfaction go hand in hand and without them any happiness is only temporary because theres nothing to make it last,184,9,22_24_40_49_60_80_87_137_175,0000000000000000000001010000000000000001000000001000000000010000000000000000000100000010000000000000000000000000000000000000000000000000100000000000000000000000000000000000001000000000,___ _______ ______ ___ __e_ m__ __ ____ ___ ___ _n__ ___ ___t ____ ______ a____ ________ __ ___ __s____ __d ____________ __ ____ __ ____ ___ _______ ____ ___ ________s __ ____ _________ _______ ______ _______ __ m___ __ ____
1605,If theres a single lesson that life teaches us its that wishing doesnt make it so,66,9,6_14_27_31_32_48_55_59_64,000001000000010000000000001000110000000000000001000000100010000100,__ ___r__ _ ____l_ ______ ____ _i__ _ea____ __ ___ ____ __s____ __e___ m___ _t __
1606,You cant stop the future You cant rewind the past The only way to learn the secret is to press play,79,6,17_47_50_57_63_69,0000000000000000100000000000000000000000000000100100000010000010000010000000000,___ ____ ____ ___ __t___ ___ ____ ______ ___ ____ ___ ___y __y __ ____n ___ __c___ __ t_ _____ ____
1607,When I was a child adults would tell me not to make things up warning me of what would happen if I did As far as I can tell so far it seems to involve lots of foreign travel and not having to get up too early in the morning,174,8,16_28_39_72_85_136_137_167,000000000000000100000000000100000000001000000000000000000000000000000001000000000000100000000000000000000000000000000000000000000000000110000000000000000000000000000010000000,____ _ ___ _ _____ _d____ _____ __l_ __ ___ __ __k_ ______ __ _______ __ __ ____ _____ ___p__ __ _ ___ __ __r __ _ ___ ____ __ ___ __ _____ __ _______ ____ __ _______ ______ an_ ___ ______ __ ___ __ ___ _____ __ __e _______
1608,A word after a word after a word is power,32,5,3_5_10_26_27,00101000010000000000000001100000,_ _o_d ____r _ ____ _____ _ ____ is _____
1609,Here is a lesson in creative writing First rule Do not use semicolons They are transvestite hermaphrodites representing absolutely nothing All they do is show youve been to college,152,8,24_57_80_86_110_139_141_144,00000000000000000000000100000000000000000000000000000000100000000000000000000001000001000000000000000000000001000000000000000000000000000010100100000000,____ __ _ ______ __ ________ w______ _____ ____ __ ___ ___ _________s ____ ___ ____________ ___m_____d____ ____________ _______e__ _______ ___ ____ __ __ ____ ____e _e__ t_ _______
1610,It is a good rule after reading a new book never to allow yourself another new one till you have read an old one in between,98,6,23_32_48_53_76_82,00000000000000000000001000000001000000000000000100001000000000000000000000010000010000000000000000,__ __ _ ____ ____ _____ ____i__ _ ___ __o_ _____ __ _____ __u____f _______ ___ ___ ____ ___ __v_ ____ a_ ___ ___ __ _______
1611,I want to grow old without facelifts I want to have the courage to be loyal to the face I have made,78,7,13_20_21_48_67_69_71,000000000000100000011000000000000000000000000001000000000000000000101010000000,_ ____ __ ____ _l_ _____ut _________ _ ____ __ ____ ___ ___r___ __ __ _____ __ ___ _a_e _ h___ ____
1612,I know I am but summer to your heart and not the full four seasons of the year,61,7,2_6_9_20_41_51_55,0100010010000000000100000000000000000000100000000010001000000,_ k___ I __ b__ ______ __ y___ _____ ___ ___ ___ ___l ____ _____n_ __ t__ ____
1613,All parents damage their children It cannot be helped Youth like pristine glass absorbs the prints of its handlers Some parents smudge others crack a few shatter childhoods completely into jagged little pieces beyond repair,189,6,26_43_75_93_129_178,000000000000000000000000010000000000000000100000000000000000000000000000001000000000000000001000000000000000000000000000000000001000000000000000000000000000000000000000000000000100000000000,___ _______ ______ _____ ____d___ __ ______ __ ___p__ _____ ____ ________ _____ _______ t__ ______ __ ___ ____l___ ____ _______ ______ ______ _____ _ ___ s______ __________ __________ ____ ______ ______ ______ b_____ ______
1614,The greatest enemy of knowledge is not ignorance it is the illusion of knowledge,67,7,7_25_34_39_40_58_59,0000001000000000000000001000000001000011000000000000000001100000000,___ ___a____ _____ __ ______d__ __ ___ _g____nc_ __ __ ___ ________ _f k________
1615,Weve got to live no matter how many skies have fallen,43,5,1_15_24_26_31,1000000000000010000000010100001000000000000,W___ ___ __ ____ _o ______ __w _a__ __i__ ____ ______
1616,Books are not made to be believed but to be subjected to inquiry When we consider a book we mustnt ask ourselves what it says but what it means,115,7,5_24_31_48_51_52_74,0000100000000000000000010000001000000000000000010011000000000000000000000100000000000000000000000000000000000000000,____s ___ ___ ____ __ __ ____e___ ___ t_ __ _________ __ __q__ry ____ __ ________ _ ____ __ m_____ ___ _________ ____ __ ____ ___ ____ __ _____
1617,If you want to find out what a man is to the bottom give him power Any man can stand adversity only a great man can stand prosperity It is the glory of Abraham Lincoln that he never abused power only on the side of mercy,175,10,5_39_84_97_100_101_105_113_124_150,0000100000000000000000000000000000000010000000000000000000000000000000000000000000010000000000001001100010000000100000000001000000000000000000000000010000000000000000000000000,__ __u ____ __ ____ ___ ____ _ ___ __ __ ___ _____m ____ ___ _____ ___ ___ ___ _____ _________ ____ _ ____t ___ ___ _____ _r__pe___y __ __ ___ g____ __ ____h__ _______ ____ __ _____ _____d _____ ____ __ ___ ____ __ _____
1618,This is the way the world endsNot with a bang but a whimper,47,6,3_9_17_28_34_44,00100000100000001000000000010000010000000001000,__i_ __ __e ___ ___ _o___ _______ w___ _ _a__ ___ _ ___m___
1619,Dont try to make life a mathematics problem with yourself in the center and everything coming out equal When youre good bad things can still happen And if youre bad you can still be lucky,153,10,22_37_45_46_64_67_83_99_130_152,000000000000000000000100000000000000100000001100000000000000000100100000000000000010000000000000001000000000000000000000000000000100000000000000000000010,____ ___ __ ____ ____ _ ___h_______ _______ w___ ____se__ __ ___ ______ ___ _v__y_____ ______ ___ _q___ ____ _____ ___d ___ ______ ___ _____ ______ ___ __ __u__ ___ ___ ___ _____ __ ___k_
1620,Do not be afraid our fate cannot be taken from us it is a gift,48,5,6_37_40_43_48,000001000000000000000000000000000000100100100001,__ ___ b_ ______ ___ ____ ______ __ _____ ___m __ i_ _s _ ___t
1621,They say time heals all wounds but that presumes the source of the grief is finite,67,10,2_7_19_20_23_24_26_34_55_62,0100001000000000001100110100000001000000000000000000001000000100000,_h__ __y ____ _____ __l w__nd_ b__ ____ _r______ ___ ______ __ ___ g____ __ f_____
1622,You shall know the truth and the truth shall make you mad,46,6,2_3_10_12_28_30,0110000001010000000000000001010000000000000000,_ou _____ _n_w ___ _____ ___ ___ _r_t_ _____ ____ ___ ___
1623,If you would tell me the heart of a man tell me not what he reads but what he rereads,66,7,1_7_8_9_37_51_59,100000111000000000000000000000000000100000000000001000000010000000,I_ ___ _oul_ ____ __ ___ _____ __ _ ___ ____ __ n__ ____ __ _____ b__ ____ _e _______
1624,Honestly if you were any slower youd be going backward,45,8,1_7_10_13_32_33_41_42,100000100100100000000000000000011000000011000,H_____l_ _f __u ____ ___ ______ ____ _e g____ ___kw___
1625,We take for granted the very things that most deserve our gratitude,56,8,5_7_25_32_34_41_43_48,00001010000000000000000010000001010000001010000100000000,__ __k_ f__ _______ ___ ____ _h____ __a_ m___ ___e_v_ ___ g________
1626,The trouble is not in dying for a friend but in finding a friend worth dying for,64,7,8_16_26_28_51_56_61,0000000100000001000000000101000000000000000000000010000100001000,___ ____b__ __ ___ i_ _____ ___ a _r____ ___ __ _______ _ _____d ____h ____g ___
1627,Illegal aliens have always been a problem in the United States Ask any Indian,64,4,6_10_16_48,0000010001000001000000000000000000000000000000010000000000000000,_____a_ __i___ __v_ ______ ____ _ _______ __ ___ ______ _t____ ___ ___ ______
1628,I drink to make other people more interesting,38,7,11_13_18_24_28_29_34,00000000001010000100000100011000010000,_ _____ __ __k_ o____ p_____ m___ in____s____
1629,A man who procrastinates in his choosing will inevitably have his choice made for him by circumstance,85,10,4_5_9_30_42_53_62_64_73_78,0001100010000000000000000000010000000000010000000000100000000101000000001000010000000,_ __n w__ _r____________ __ ___ ___o____ ____ ___v______ ____ h__ ______ m_d_ ___ ___ _y ____u_______
1630,As it has been said Love and a cough cannot be concealed Even a small cough Even a small love,74,7,2_5_23_38_56_58_59,01001000000000000000001000000000000001000000000000000001011000000000000000,_s __ h__ ____ ____ ____ ___ a _____ ______ __ _o_______ ____ _ _____ c_ug_ ____ _ _____ ____
1631,Talk sense to a fool and he calls you foolish,36,5,5_18_27_30_36,000010000000000001000000001001000001,____ s____ __ _ ____ _n_ __ _____ y__ f_____h
1632,Being the richest man in the cemetery doesnt matter to me Going to bed at night saying weve done something wonderful thats what matters to me,116,10,1_24_30_31_36_76_86_96_98_105,10000000000000000000000100000110000100000000000000000000000000000000000000010000000001000000000101000000100000000000,B____ ___ _______ ___ __ ___ c_____ry ____n_ ______ __ __ _____ __ ___ __ _____ ______ ____ _o__ _______n_ ________l _h___ ___t _______ __ __
1633,If you think you are too small to make a difference try sleeping with a mosquito,65,9,11_19_34_37_45_51_52_53_61,00000000001000000010000000000000010010000000100000111000000010000,__ ___ _____ y__ ___ __o _____ __ ____ _ __f__r____ ___ s_____ng w___ _ ___q____
1634,Scared is what youre feeling Brave is what youre doing,45,7,9_13_22_26_27_29_44,000000001000100000000100011010000000000000010,______ __ w___ y____ ____i__ _ra_e __ ____ _____ ___n_
1635,Open your heart Someone will come Someone will come for you But first you must open your heart,77,9,14_20_23_44_50_55_66_71_75,00000000000001000001001000000000000000000001000001000010000000000100001000100,____ ____ _____ S_____e __l_ ____ _______ ____ ____ f__ ___ B__ __r__ ___ ____ _p__ __u_ __a__
1636,Happiness is holding someone in your arms and knowing you hold the whole world,65,8,21_23_25_30_39_42_44_53,00000000000000000000101010000100000000100101000000001000000000000,_________ __ _______ __m_o_e __ __u_ ____ ___ k__w_n_ ___ ____ t__ _____ _____
1637,Dont compromise yourself youre all you have,37,6,9_13_16_29_30_36,0000000010001001000000000000110000010,____ ____r___s_ _o______ _____ _ll ___ __v_
1638,Nothing in the world is more dangerous than sincere ignorance and conscientious stupidity,77,8,4_13_14_24_29_51_69_71,00010000000011000000000100001000000000000000000000100000000000000000101000000,___h___ __ ___ wo___ __ ____ d____r___ ____ _______ _______c_ ___ _____________ s_u______
1639,By the pricking of my thumbs Something wicked this way comes,50,7,1_6_16_24_28_33_46,10000100000000010000000100010000100000000000010000,B_ ___ p_______ __ m_ ______ S___t____ w_____ ____ ___ c____
1640,The helpful thought for which you look is written somewhere in a book,57,8,6_7_8_41_46_47_51_54,000001110000000000000000000000000000000010000110001001000,___ __lpf__ _______ ___ _____ ___ ____ __ ______n ____wh___ i_ _ b___
1641,Wheresoever you go go with all your heart,34,5,2_5_7_9_23,0100101010000000000000100000000000,_h__e_o_v__ ___ __ __ ____ a__ ____ _____
1642,The nitrogen in our DNA the calcium in our teeth the iron in our blood the carbon in our apple pies were made in the interiors of collapsing stars We are made of starstuff,138,7,25_58_62_112_113_126_135,000000000000000000000000100000000000000000000000000000000100010000000000000000000000000000000000000000000000000110000000000001000000001000,___ ________ __ ___ ___ ___ __l____ __ ___ _____ ___ ____ __ ___ _____ _h_ __r___ __ ___ _____ ____ ____ ____ __ ___ _________ __ ________ng _____ __ ___ __d_ __ _____t___
1643,Do your little bit of good where you are its those little bits of good put together that overwhelm the world,88,7,3_8_47_55_69_71_81,0010000100000000000000000000000000000000000000100000001000000000000010100000000010000000,__ y___ _i____ ___ __ ____ _____ ___ ___ ___ _____ ______ b___ __ __o_ ___ ________ _h_t _________ t__ _____
1644,Even in the Future the Story Begins with Once Upon a Time,46,5,10_12_35_36_45,0000000001010000000000000000000000110000000010,____ __ ___ F_t___ ___ _____ ______ ____ _nc_ ____ _ __m_
1645,Forgive O Lord my little jokes on Thee And Ill forgive Thy great big one on me,62,5,5_23_24_42_54,00001000000000000000001100000000000000000100000000000100000000,____i__ _ ____ __ ______ __ke_ __ ____ ___ ___ ____i__ ___ _____ _i_ ___ __ __
1646,Ever has it been that love knows not its own depth until the hour of separation,64,9,2_10_16_17_22_24_36_57_62,0100000001000001100001010000000000010000000000000000000010000100,_v__ ___ __ b___ __at ____ k_o__ ___ ___ ___ d____ _____ ___ ____ __ __p____i__
1647,Our mothers always remain the strangest craziest people weve ever met,59,7,15_24_34_35_49_52_53,00000000000000100000000100000000011000000000000010011000000,___ _______ ____y_ ______ _h_ ________t c_______ ______ w__e e___ ___
1648,Knowing too much of your future is never a good thing,43,4,3_5_31_39,0010100000000000000000000000001000000010000,__o_i__ ___ ____ __ ____ ______ __ __v__ _ ____ t____
1649,A house without books is like a room without windows,43,7,1_3_21_33_35_38_40,1010000000000000000010000000000010100101000,A _o___ _______ _____ __ l___ _ ____ ___h_u_ _i_d___
1650,No one can construct for you the bridge upon which precisely you must cross the stream of life no one but you yourself alone,101,9,9_17_19_29_37_49_50_54_55,00000000100000001010000000001000000010000000000011000110000000000000000000000000000000000000000000000,__ ___ ___ c_______t _o_ ___ ___ __i___ ____ w____ _______ly ___ mu__ _____ ___ ______ __ ____ __ ___ ___ ___ ________ _____
1651,From there to here from here to there funny things are everywhere,54,7,3_20_26_28_32_41_49,001000000000000000010000010100010000000010000000100000,__o_ _____ __ ____ ____ h___ __ t_e__ _u___ _____s ___ ____y_____
1652,the free soul is rare but you know it when you see it basically because you feel good very good when you are near or with them,100,10,16_24_26_33_34_51_68_69_73_98,0000000000000001000000010100000011000000000000000010000000000000000110001000000000000000000000000100,___ ____ ____ __ __r_ ___ ___ k_o_ __ ___n y__ ___ __ _________ b______ ___ ____ ___d v___ g___ ____ ___ ___ ____ __ ____ _h__
1653,I felt like crying but nothing came out it was just a sort of sad sickness sick sad when you cant feel any worse I think you know it I think everybody knows it now and then but I think I have known it pretty often too often,176,10,16_38_43_54_70_116_142_150_168_174,00000000000000010000000000000000000001000010000000000100000000000000010000000000000000000000000000000000000000000001000000000000000000000000010000000100000000000000000100000100,_ ____ ____ ______ b__ _______ ____ ___ __ ___ j___ _ s___ __ ___ __c_____ ____ ___ ___n ___ ____ ____ ___ _____ _ _____ ___ ____ __ _ _____ _____b___ _____ __ ___ ___ ____ ___ _ _h___ _ ___e _____ __ ______ ____n ___ __t__
1654,One of the advantages of being disorganized is that one is always having surprising discoveries,81,7,20_32_54_62_70_74_75,000000000000000000010000000000010000000000000000000001000000010000000100011000000,___ __ ___ __________ _f _____ ______a_____ __ ____ ___ __ _____s ______ _u_______g ___co______
1655,The mind once enlightened cannot again become dark,43,5,15_17_20_30_42,0000000000000010100100000000010000000000010,___ ____ ____ ___i_h__n__ ______ _g___ ______ __r_
1656,No one has ever become poor by giving,30,5,1_13_15_22_30,100000000000101000000100000001,N_ ___ ___ ____ b_c___ ___r __ _____g
1657,Of all the words of mice and men the saddest are It might have been,53,6,17_26_31_37_41_43,00000000000000001000000001000010000010001010000000000,__ ___ ___ _____ __ _i__ ___ ___ t__ __d____ _r_ __ m_g__ ____ ____
1658,So many things become beautiful when you really look,44,9,9_18_23_27_28_29_33_37_44,00000000100000000100001000111000100010000001,__ ____ __i___ _____e ____t___l wh__ _o_ __a___ ___k
1659,Time is the longest distance between two places,40,3,14_22_37,0000000000000100000001000000000000001000,____ __ ___ ____e__ _____n__ _______ ___ __a___
1660,Because you cant argue with all the fools in the world Its easier to let them have their way then trick them when theyre not paying attention,115,5,6_16_45_69_104,0000010000000001000000000000000000000000000010000000000000000000000010000000000000000000000000000000000100000000000,_____s_ ___ ____ _r___ ____ ___ ___ _____ __ ___ _____ I__ ______ __ ___ ____ ____ __e__ ___ ____ _____ ____ ____ ______ ___ ___i__ _________
1661,When people talk listen completely Most people never listen,51,3,20_33_44,000000000000000000010000000000001000000000010000000,____ ______ ____ _____n __________ __s_ ______ ___e_ ______
1662,You may encounter many defeats but you must not be defeated In fact it may be necessary to encounter the defeats so you can know who you are what you can rise from how you can still come out of it,156,7,6_27_33_47_70_101_113,000001000000000000000000001000001000000000000010000000000000000000000100000000000000000000000000000010000000000010000000000000000000000000000000000000000000,___ __y _________ ____ _______ b__ ___ m___ ___ __ _____t__ __ ____ __ ___ __ _______r_ __ _________ ___ _______ __ ___ ___ k___ ___ ___ __e ____ ___ ___ ____ ____ ___ ___ ___ _____ ____ ___ __ __
1663,What she was finding also was how one book led to another doors kept opening wherever she turned and the days werent long enough for the reading she wanted to do,131,8,19_57_68_84_88_91_116_120,00000000000000000010000000000000000000000000000000000000100000000001000000000000000100010010000000000000000000000001000100000000000,____ ___ ___ _______ _l__ ___ ___ ___ ____ ___ __ _______ _____ ____ _p_____ _____v__ ___ ______ ___ _h_ __y_ _e____ ____ ______ ___ ___ ____i__ _h_ ______ __ __
1664,She refused to be bored chiefly because she wasnt boring,47,8,21_25_26_29_38_39_42_47,00000000000000000000100011001000000001100100001,___ _______ __ __ _____ _h___ly __c____ ___ _as__ b____g
1665,You see I usually find myself among strangers because I drift here and there trying to forget the sad things that happened to me,105,7,20_39_47_50_75_96_100,000000000000000000010000000000000000001000000010010000000000000000000000001000000000000000000001000100000,___ ___ _ _______ ____ _y____ _____ _________ b______ _ d__f_ ____ ___ _____ ______ __ ___g__ ___ ___ ______ ____ __p___e_ __ __
1666,Im on Aslans side even if there isnt any Aslan to lead it Im going to live as like a Narnian as I can even if there isnt any Narnia,102,8,7_18_46_51_53_72_89_90,000000100000000001000000000000000000000000000100001010000000000000000001000000000000000011000000000000,__ __ __l___ ____ ___n __ _____ ____ ___ _____ __ ____ __ I_ ___n_ t_ ____ __ ____ _ ______n __ _ ___ ____ __ ____e i___ ___ ______
1667,Courage is found in unlikely places,30,6,1_4_5_11_21_23,100110000010000000001010000000,C__ra__ __ _o___ __ ____k_l_ ______
1668,I want you always to remember me Will you remember that I existed and that I stood next to you here like this,87,7,13_27_30_34_48_61_64,000000000000100000000000001001000100000000000001000000000000100100000000000000000000000,_ ____ ___ ____y_ __ ________ __ W__l ___ r_______ ____ _ _x_____ ___ ____ I __o__ ____ __ ___ ____ ____ ____
1669,I cannot make you understand I cannot make anyone understand what is happening inside me I cannot even explain it to myself,102,7,12_15_45_52_58_80_88,000000000001001000000000000000000000000000001000000100000100000000000000000000010000000100000000000000,_ ______ ____ y__ u_________ _ ______ ____ ______ ___e______ w___ __ h________ ______ __ _ ____o_ ____ __p____ __ __ ______
1670,Thats what careless words do They make people love you a little less,56,6,7_22_37_43_49_56,00000010000000000000010000000000000010000010000010000001,_____ _h__ ________ ____s __ ____ ____ ____l_ ____ y__ _ __t___ ___s
1671,Whenever you read a cancer booklet or website or whatever they always list depression among the side effects of cancer But in fact depression is not a side effect of cancer Depression is a side effect of dying,172,10,2_11_28_46_54_63_74_96_107_149,0100000000100000000000000001000000000000000001000000010000000010000000000100000000000000000000010000000000100000000000000000000000000000000000000000100000000000000000000000,_h______ __u ____ _ ______ _____e_ __ _______ __ _____v__ ____ _l____ ____ d_________ _m___ ___ ____ _______ __ __n___ ___ __ __c_ __________ __ ___ _ ____ ______ __ ______ ______s___ __ _ ____ ______ __ _____
1672,Crying is for plain women Pretty women go shopping,42,6,14_18_26_28_36_40,000000000000010001000000010100000001000100,______ __ ___ __a__ _o___ ____t_ w____ __ _h___i__
1673,The thing that is really hard and really amazing is giving up on being perfect and beginning the work of becoming yourself,101,10,17_21_27_29_58_74_80_86_88_95,00000000000000001000100000101000000000000000000000000000010000000000000001000001000001010000001000000,___ _____ ____ __ __a___ h___ __d _e____ _______ __ ______ __ __ _____ p______ ___ ______i__ ___ w___ __ b_c_____ _o______
1674,My concern is not whether God is on our side my greatest concern is to be on Gods side for God is always right,87,7,33_35_49_57_81_83_86,000000000000000000000000000000001010000000000000100000001000000000000000000000001010010,__ _______ __ ___ _______ ___ __ __ ___ _i_e __ ________ ___c___ __ __ b_ __ ____ ____ ___ ___ __ ____y_ r__h_
1675,We were like gods at the dawning of the world our joy was so bright we could see nothing else but the other,85,10,18_20_23_24_32_35_40_56_57_75,0000000000000000010100110000000100100001000000000000000110000000000000000010000000000,__ ____ ____ ____ __ _h_ d__ni__ __ ___ w__l_ ___ j__ ___ __ ______ __ co___ ___ _______ ____ b__ ___ _____
1676,Love can change a person the way a parent can change a baby awkwardly and often with a great deal of mess,84,7,28_30_44_51_52_55_60,000000000000000000000000000101000000000000010000001100100001000000000000000000000000,____ ___ ______ _ ______ ___ ___ _ p_r___ ___ ______ _ b___ ___wa__l_ ___ o____ ____ _ _____ ____ __ ____
1677,And I guess I realized at that moment that I really did love her Because there was nothing to gain and that didnt matter,97,7,8_16_25_42_54_73_80,0000000100000001000000001000000000000000010000000000010000000000000000001000000100000000000000000,___ _ ___s_ _ _____z__ __ ____ m_____ ____ _ ______ d__ ____ ___ __c____ _____ ___ ______g __ ____ a__ ____ _____ ______
1678,I have the simplest tastes I am always satisfied with the best,51,7,4_11_14_28_40_42_48,000100000010010000000000000100000000000101000001000,_ __v_ ___ __m__e__ ______ _ __ __w___ ________d _i__ ___ b___
1679,There is something delicious about writing the first words of a story You never quite know where theyll take you,93,7,14_16_41_65_66_67_89,000000000000010100000000000000000000000010000000000000000000000011100000000000000000000010000,_____ __ ______i_g _________ _____ _______ ___ f____ _____ __ _ _____ ___ ___er q____ ____ _____ ______ __k_ ___
1680,Never make someone a priority when all you are to them is an option,54,5,4_25_32_46_54,000100000000000000000000100000010000000000000100000001,___e_ ____ _______ _ _______y ____ __l ___ ___ __ ____ _s __ _____n
1681,Reputation is what other people know about you Honor is what you know about yourself,70,5,1_17_25_45_63,1000000000000000100000001000000000000000000010000000000000000010000000,R_________ __ ____ o____ ___p__ ____ _____ ___ _____ i_ ____ ___ ____ _____ y_______
1682,We are addicted to our thoughts We cannot change anything if we cannot change our thinking,75,7,17_27_43_54_57_60_72,000000000000000010000000001000000000000000100000000001001001000000000001000,__ ___ ________ __ _u_ ________ W_ ______ ______ __y_____ __ __ _a__o_ _h____ ___ ____k___
1683,The more you know who you are and what you want the less you let things upset you,64,5,6_19_41_52_57,0000010000000000001000000000000000000000100000000001000010000000,___ __r_ ___ ____ ___ _o_ ___ ___ ____ ___ ____ ___ l___ ___ ___ _h____ u____ ___
1684,If you look the right way you can see that the whole world is a garden,55,6,2_15_27_30_40_44,0100000000000010000000000010010000000001000100000000000,_f ___ ____ ___ __g__ ___ ___ ___ s__ t___ ___ ___l_ __r__ __ _ ______
1685,Strange as it may seem I still hope for the best even though the best like an interesting piece of mail so rarely arrives and even when it does it can be lost so easily,134,10,3_5_21_45_48_72_106_112_129_133,00101000000000000000100000000000000000000000100100000000000000000000000100000000000000000000000000000000010000010000000000000000100010,__r_n__ __ __ ___ ____ _ _t___ ____ ___ ___ ____ ____ __o__h ___ ____ ____ __ __________g _____ __ ____ __ ______ _______ ___ ____ w___ __ d___ __ ___ __ ____ __ e___l_
1686,Fear is a phoenix You can watch it burn a thousand times and still it will return,65,10,1_2_10_17_18_39_40_43_50_60,11000000010000001100000000000000000000110010000001000000000100000,Fe__ __ _ __o____ __u c__ _____ __ ____ _ ______nd __m__ ___ _t___ __ ____ r_____
1687,Those who escape hell however never talk about it and nothing much bothers them after that,75,8,3_6_23_26_38_55_56_63,001001000000000000000010010000000000010000000000000000110000001000000000000,__o__ w__ ______ ____ ____v__ n____ ____ ___u_ __ ___ _______ ___h b______ t___ _____ ____
1688,Try a little harder to be a little better,33,3,7_12_14,000000100001010000000000000000000,___ _ __t___ _a_d__ __ __ _ ______ ______
1689,Nitwit Blubber Oddment Tweak,25,4,3_8_9_24,0010000110000000000000010,__t___ _lu____ _______ ___a_
1690,Dont let the bastards grind you down,30,5,9_10_13_26_30,000000001100100000000000010001,____ ___ _he __s_____ _____ __u ___n
1691,There is only one page left to write on I will fill it with words of only one syllable I love I have loved I will love,92,9,7_15_17_22_35_37_48_62_78,00000010000000101000010000000000001010000000000100000000000001000000000000000100000000000000,_____ _s ____ ___ p_g_ ___t __ _____ __ _ __l_ f___ __ ____ _o___ __ ____ ___ _y______ _ ____ _ ___e _____ _ ____ ____
1692,Sometimes you have to lose all you have to find out who you truly are,55,7,19_20_28_37_42_45_49,0000000000000000001100000001000000001000010010001000000,_________ ___ ____ __ lo__ ___ __u ____ __ __n_ ___ w__ y__ _r___ ___
1693,To shine your brightest light is to be who you truly are,45,6,2_8_19_23_31_39,010000010000000000100010000000100000001000000,_o _____ y___ _______s_ __g__ __ __ _e ___ ___ _r___ ___
1694,A wonderful fact to reflect upon that every human creature is constituted to be that profound secret and mystery to every other,106,7,3_20_57_65_88_89_92,0010000000000000000100000000000000000000000000000000000010000000100000000000000000000001100100000000000000,_ _o_______ ____ __ ___l___ ____ ____ _____ _____ ________ __ _____i_____ __ b_ ____ ________ ______ ___ my__e__ __ _____ _____
1695,She had always wanted words she loved them grew up on them Words gave her clarity brought reason shape,84,9,11_15_18_25_53_65_67_68_77,000000000010001001000000100000000000000000000000000010000000000010110000000010000000,___ ___ ____y_ __n__d _____ _h_ _____ ____ ____ __ __ ____ _____ g___ ___ _____t_ br_____ ___s__ _____
1696,Then the Grinch thought of something he hadnt before What if Christmas he thought doesnt come from a store What if Christmas perhaps means a little bit more,129,4,30_34_41_111,000000000000000000000000000001000100000010000000000000000000000000000000000000000000000000000000000000000000001000000000000000000,____ ___ ______ _______ __ _______n_ __ h____ __f___ ____ __ _________ __ _______ ______ ____ ____ _ _____ ____ __ _________ _______ m____ _ ______ ___ ____
1697,The heart has its reasons which reason knows not,40,5,6_16_25_27_32,0000010000000001000000001010000100000000,___ __a__ ___ ___ _e_____ ___c_ r____n _____ ___
1698,Sell your cleverness and buy bewilderment,36,4,6_7_13_18,000001100000100001000000000000000000,____ _ou_ ____e____s ___ ___ ____________
1699,Im a success today because I had a friend who believed in me and I didnt have the heart to let him down,81,8,6_10_19_32_37_41_59_70,000001000100000000100000000000010000100010000000000000000010000000000100000000000,__ _ __c___s _____ ___a___ _ ___ _ ____n_ ___ b___e___ __ __ ___ _ _____ _a__ ___ _____ t_ ___ ___ ____
1700,When you are content to be simply yourself and dont compare or compete everyone will respect you,80,8,1_3_20_27_43_55_61_74,10100000000000000001000000100000000000000010000000000010000010000000000001000000,W_e_ ___ ___ _______ __ b_ _____y ________ ___ ____ c______ __ ___p___ __e_____ ____ ___p___ ___
1701,Come sleep with me We wont make Love Love will make us,43,6,1_2_16_22_25_38,1100000000000001000001001000000000000100000,Co__ _____ ____ __ W_ ____ m__e ____ ____ ____ m___ __
1702,True love is usually the most inconvenient kind,40,8,1_2_14_15_19_23_30_37,1100000000000110001000100000010000001000,Tr__ ____ __ ___al__ _h_ __s_ _____v______ k___
1703,The beginning of love is the will to let those we love be perfectly themselves the resolution not to twist them to fit our own image,107,5,11_23_36_55_73,00000000001000000000001000000000000100000000000000000010000000000000000010000000000000000000000000000000000,___ _______n_ __ ____ __ __e ____ __ ___ ___s_ __ ____ __ _________ t_________ ___ _____u____ ___ __ _____ ____ __ ___ ___ ___ _____
1704,I always channel my emotions into my work That way I dont hurt anyone but myself,65,9,2_4_8_22_34_43_45_47_49,01010001000000000000010000000000010000000010101010000000000000000,_ a_w___ c______ __ _____o__ ____ __ ___k ____ ___ _ d_n_ h_r_ ______ ___ ______
1705,I dont think of all the misery but of the beauty that still remains,54,6,2_20_22_29_35_45,010000000000000000010100000010000010000000001000000000,_ d___ _____ __ ___ ___ _i_e__ ___ _f ___ __a___ ____ __i__ _______
1706,May the odds be ever in your favor,27,4,9_15_17_26,000000001000001010000000010,___ ___ __d_ __ __e_ i_ ____ ___o_
1707,Where you used to be there is a hole in the world which I find myself constantly walking around in the daytime and falling in at night I miss you like hell,124,9,4_15_34_54_56_58_70_88_123,0001000000000010000000000000000001000000000000000000010101000000000001000000000000000001000000000000000000000000000000000010,___r_ ___ ____ __ b_ _____ __ _ ____ __ ___ w____ _____ _ ____ _____f _o_s______ _____n_ ______ __ ___ _____m_ ___ _______ __ __ _____ _ ____ ___ ____ __l_
1708,What do we live for if it is not to make life less difficult for each other,59,7,16_22_29_36_39_45_59,00000000000000010000010000001000000100100000100000000000001,____ __ __ ____ ___ i_ __ __ n__ __ __k_ ____ _e__ d_____u__ ___ ____ ____r
1709,When you play a game of thrones you win or you die,39,7,2_8_9_11_18_22_28,010000011010000001000100000100000000000,_h__ ___ pl_y _ ____ _f ___o___ __u ___ __ ___ ___
1710,Hope can be a powerful force Maybe theres no actual magic in it but when you know what you hope for most and hold it like a light within you you can make things happen almost like magic,148,6,16_26_51_66_72_134,0000000000000001000000000100000000000000000000000010000000000000010000010000000000000000000000000000000000000000000000000000000000000100000000000000,____ ___ __ _ _____f__ _____ __y__ ______ __ ______ _____ __ _t ___ ____ ___ ____ w___ __u ____ ___ ____ ___ ____ __ ____ _ _____ ______ ___ ___ ___ ____ ______ ______ a_____ ____ _____
1711,A childhood without books that would be no childhood That would be like being shut out from the enchanted place where you can go and find the rarest kind of joy,130,6,12_16_19_22_40_75,0000000000010001001001000000000000000001000000000000000000000000000000000010000000000000000000000000000000000000000000000000000000,_ _________ _i___u_ _o__s ____ _____ __ __ ____d____ ____ _____ __ ____ _____ ____ ___ ___m ___ _________ _____ _____ ___ ___ __ ___ ____ ___ ______ ____ __ ___
1712,I wrote the story myself Its about a girl who lost her reputation and never missed it,69,10,2_16_26_34_36_45_59_60_63_66,010000000000000100000000010000000101000000001000000000000011001001000,_ w____ ___ _____ _y____ ___ __o__ _ ____ w_o ____ ___ _e________ ___ __ve_ _i__e_ __
1713,I am free and that is why I am lost,26,4,1_12_23_24,10000000000100000000001100,I __ ____ ___ _h__ __ ___ _ __ lo__
1714,I can only note that the past is beautiful because one never realises an emotion at the time It expands later and thus we dont have complete emotions about the present only about the past,153,6,13_32_79_109_137_142,000000000000100000000000000000010000000000000000000000000000000000000000000000100000000000000000000000000000100000000000000000000000000010000100000000000,_ ___ ____ ____ t___ ___ ____ __ ______f__ _______ ___ _____ ________ __ _______ __ ___ ____ __ _x_____ _____ ___ ____ __ ____ ____ __m_____ ________ _____ ___ ______t ____ a____ ___ ____
1715,The pleasure of all reading is doubled when one lives with another who shares the same books,76,7,42_44_48_56_62_63_69,0000000000000000000000000000000000000000010100010000000100000110000010000000,___ ________ __ ___ _______ __ _______ ____ ___ __v_s ___h _______ w__ ___re_ ___ _a__ _____
1716,Reading brings us unknown friends,29,6,8_10_13_16_26_28,00000001010010010000000001010,_______ b_i__s __ u______ ___e_d_
1717,Sometimes when I have to do something I dont want to do I pretend Im a character from a book Its easier to know what they would do,103,4,12_19_88_91,0000000000010000001000000000000000000000000000000000000000000000000000000000000000000001001000000000000,_________ __e_ _ ____ t_ __ _________ _ ____ ____ __ __ _ _______ __ _ _________ ____ _ ____ ___ ______ __ ___w __a_ ____ _____ __
1718,Man only likes to count his troubles he doesnt calculate his happiness,59,7,8_11_27_30_37_49_56,00000001001000000000000000100100000010000000000010000001000,___ ____ l__e_ __ _____ ___ ____b__s __ ____n_ _________ _i_ _____n___
1719,Tears are words that need to be written,32,4,5_8_10_32,00001001010000000000000000000001,____s __e _o___ ____ ____ __ __ ______n
1720,It is good to have an end to journey toward but it is the journey that matters in the end,70,8,13_16_30_31_33_35_62_68,0000000000001001000000000000011010100000000000000000000000000100000100,__ __ ____ __ __v_ _n ___ __ _______ _ow_r_ b__ __ __ ___ _______ ____ ______s __ ___ e__
1721,Art washes away from the soul the dust of everyday life,45,6,9_17_25_35_37_43,000000001000000010000000100000000010100000100,___ _____s ____ ___m ___ ____ t__ ____ __ _v_r____ _i__
1722,And I urge you to please notice when you are happy and exclaim or murmur or think at some point If this isnt nice I dont know what is,105,8,7_9_11_24_26_78_79_89,000000101010000000000001010000000000000000000000000000000000000000000000000001100000000010000000000000000,___ _ __g_ y_u __ ______ ____c_ w___ ___ ___ _____ ___ _______ __ ______ __ _____ __ ____ _____ _f t___ ____ __c_ _ ____ ____ ____ __
1723,If you work really hard and youre kind amazing things will happen,54,6,16_28_32_34_37_52,000000000000000100000000000100010100100000000000000100,__ ___ ____ ______ h___ ___ _____ k___ a_a__n_ ______ ____ ___p__
1724,Faith is not the belief that God will do what you want It is the belief that God will do what is right,80,8,4_29_35_39_42_68_76_78,00010000000000000000000000001000001000100100000000000000000000000001000000010100,___t_ __ ___ ___ ______ ____ ___ __l_ __ __a_ __u __n_ __ __ ___ ______ ____ ___ ____ d_ ____ __ r_g__
1725,Once upon a time an angel and a devil fell in love It did not end well,54,8,6_17_18_27_39_42_43_51,000001000000000011000000001000000000001001100000001000,____ _p__ _ ____ __ _ng__ ___ _ __v__ ____ __ ___e __ di_ ___ ___ w___
1726,Memories even your most precious ones fade surprisingly quickly But I dont go along with that The memories I value most I dont ever see them fading,121,10,33_37_40_49_52_56_69_74_78_84,0000000000000000000000000000000010001001000000001001000100000000000010000100010000010000000000000000000000000000000000000,________ ____ ____ ____ ________ ____ f___ s__p________ q__c___ B__ _ ____ __ ___n_ ___h ___t ___ __m_____ _ _____ ____ _ ____ ____ ___ ____ ______
1727,I havent been everywhere but its on my list,35,4,5_9_18_21,00001000100000000100100000000000000,_ ___e__ _e__ ______h__e ___ ___ __ __ ____
1728,You must not lose faith in humanity Humanity is like an ocean if a few drops of the ocean are dirty the ocean does not become dirty,105,7,6_8_15_18_30_32_56,000001010000001001000000000001010000000000000000000000010000000000000000000000000000000000000000000000000,___ __s_ n__ ____ f__t_ __ ________ H_m_____ __ ____ __ _____ __ _ __w _____ __ ___ _____ ___ _____ ___ _____ ____ ___ ______ _____
1729,Sometimes you read a book so special that you want to carry it around with you for months after youve finished just to stay near it,106,7,27_42_60_78_86_91_94,0000000000000000000000000010000000000000010000000000000000010000000000000000010000000100001001000000000000,_________ ___ ____ _ ____ __ ___c___ ____ ___ ____ t_ _____ __ ______ ___h ___ ___ ______ _____ y____ ___i____ j__t __ ____ ____ __
1730,Friendship marks a life even more deeply than love Love risks degenerating into obsession friendship is never anything but sharing,111,5,2_9_46_91_103,010000001000000000000000000000000000000000000100000000000000000000000000000000000000000000100000000000100000000,_r______i_ _____ _ ____ ____ ____ ______ ____ ____ ___e _____ ____________ ____ _________ __________ __ __v__ ________ _u_ _______
1731,In order to rise from its own ashes a Phoenix first must burn,49,8,13_22_24_35_36_43_46_49,0000000000001000000001010000000000110000001001001,__ _____ __ ___e ____ ___ _w_ a____ _ _____ix _____ _u__ b__n
1732,Time was passing like a hand waving from a train I wanted to be on I hope you never have to think about anything as much as I think about you,111,10,22_23_41_65_79_84_89_94_96_111,000000000000000000000110000000000000000010000000000000000000000010000000000000100001000010000101000000000000001,____ ___ _______ ____ _ __nd ______ ____ _ _____ _ w_____ __ __ __ _ ____ ___ ____r ____ __ _____ __o__ __y____g __ __c_ a_ _ _____ _____ __u
1733,Whatever youre meant to do do it now The conditions are always impossible,61,7,6_11_15_38_44_48_58,0000010000100010000000000000000000000100000100010000000001000,_____v__ __u__ _e___ __ __ __ __ ___ ___ _____t____ _r_ __w___ ______i___
1734,There is only one good knowledge and one evil ignorance,46,7,7_13_19_21_22_39_45,0000001000001000001011000000000000000010000010,_____ _s ____ _n_ ____ k_ow_____ ___ ___ ____ _g_____c_
1735,Words were different when they lived inside of you,42,4,5_14_19_26,000010000000010000100000010000000000000000,____s ____ ____e____ w___ ___y _____ ______ __ ___
1736,I myself have never been able to find out precisely what feminism is I only know that people call me a feminist whenever I express sentiments that differentiate me from a doormat,147,8,44_46_54_70_88_89_101_123,000000000000000000000000000000000000000000010100000001000000000000000100000000000000000110000000000010000000000000000000001000000000000000000000000,_ ______ ____ _____ ____ ____ __ ____ ___ _________ _h_t _______m __ _ ____ ____ ____ p_____ ____ __ _ _____is_ ________ _ _x_____ __________ ____ __f__________ __ ____ _ _______
1737,The important thing to you is not how many years in your life but how much life in your years,74,8,8_13_14_17_48_50_66_74,00000001000011001000000000000000000000000000000101000000000000000100000001,___ ____r____ th__g __ ___ __ ___ ___ ____ _____ __ ____ __f_ b__ ___ ____ ____ __ y___ ____s
1738,Be thankful for everything that happens in your life its all an experience,62,9,1_10_15_39_43_46_54_55_60,10000000010000100000000000000000000000100010010000000110000100,B_ _______l ___ _v________ ____ _______ __ __u_ __f_ _t_ ___ __ _xp____n__
1739,Ask not what you can do for your country Ask whats for lunch,48,7,15_23_31_35_41_44_48,000000000000001000000010000000100010000010010001,___ ___ ____ ___ _a_ __ ___ _o__ _____r_ __k _____ f__ l___h
1740,Tomorrow may be hell but today was a good writing day and on the good writing days nothing else matters,84,8,2_6_19_28_43_69_71_77,010001000000000000100000000100000000000000100000000000000000000000001010000010000000,_o___r__ ___ __ ____ _u_ _____ __s _ ____ _______ __y ___ __ ___ ____ _______ ____ __t_i__ ___e _______
1741,Every time you are tempted to react in the same old way ask if you want to be a prisoner of the past or a pioneer of the future,99,8,12_15_40_47_50_54_64_75,000000000001001000000000000000000000000100000010010001000000000100000000001000000000000000000000000,_____ ____ __u __e _______ __ _____ __ ___ ____ _l_ ___ __k __ y__ _a__ __ __ _ __i_____ __ ___ p___ __ _ _______ __ ___ ______
1742,I meant what I said and I said what I meant An elephants faithful onehundred percent,69,7,7_30_37_43_51_54_67,000000100000000000000000000001000000100000100000001001000000000000100,_ _____ w___ _ ____ ___ _ ____ ____ _ _e___ __ _l_____t_ ______u_ _n________ ____e__
1743,You are all the colors in one at full brightness,39,6,1_7_10_13_26_37,100000100100100000000000010000000000100,Y__ ___ a__ t__ c_____ __ ___ __ f___ _______e__
1744,Remain true to yourself child If you know your own heart you will always have one friend who does not lie,85,7,1_3_17_31_40_42_71,1010000000000000100000000000001000000001010000000000000000000000000000100000000000000,R_m___ ____ __ ____s___ _____ __ ___ k___ ____ _w_ h____ ___ ____ ______ ____ ___ ____n_ ___ ____ ___ ___
1745,The real voyage of discovery consists not in seeking new landscapes but in having new eyes,75,10,7_11_20_23_41_44_53_55_59_75,000000100010000000010010000000000000000010010000000010100010000000000000001,___ ___l ___a__ __ ____o__r_ ________ ___ __ ___k__g ___ _____c_p__ _u_ __ ______ ___ ___s
1746,Sometimes beautiful things come into our lives out of nowhere We cant always understand them but we have to trust in them I know you want to question everything but sometimes it pays to just have a little faith,172,12,4_16_25_48_64_74_77_87_103_116_120_133,0001000000000001000000001000000000000000000000010000000000000001000000000100100000000010000000000000001000000000000100010000000000001000000000000000000000000000000000000000,___e_____ ______f__ ______ c___ ____ ___ _____ ___ __ __w____ __ ____ _____s _________d __e_ ___ __ ___e __ _____ __ ____ _ _n__ ___ ____ __ _u___i__ __________ b__ _________ __ ____ __ ____ ____ _ ______ _____
1747,So I wait for you like a lonely house till you will see me again and live in me Till then my windows ache,82,10,8_16_24_27_47_56_60_67_73_80,0000000100000001000000010010000000000000000000100000000100010000001000001000000100,__ _ ____ f__ ___ __k_ _ _____y __u__ ____ ___ ____ ___ __ _g___ ___ __v_ __ m_ ____ _h__ __ _i_____ _c__
1748,Im sick of just liking people I wish to God I could meet somebody I could respect,65,9,9_10_30_38_42_50_53_58_63,00000000110000000000000000000100000001000100000001001000010000100,__ ____ __ ju__ ______ ______ _ ____ t_ ___ _ __u__ _e__ _____o__ I ____d ____e__
1749,The longer and more carefully we look at a funny story the sadder it becomes,62,8,2_8_22_43_44_54_58_60,01000001000000000000010000000000000000000011000000000100010100,_h_ ____e_ ___ ____ _____u___ __ ____ __ _ _____ ___ry ___ ______ i_ __c_m__
1750,Give her hell from us Peeves,23,5,2_5_7_10_18,01001010010000000100000,_i__ h_r __l_ ____ __ P_____
1751,The trouble is not that I am single and likely to stay single but that I am lonely and likely to stay lonely,86,8,2_5_26_51_53_62_72_74,01001000000000000000000001000000000000000000000000101000000001000000000101000000000000,_h_ _r_____ __ ___ ____ _ __ ___g__ ___ ______ __ ____ ______ _u_ t___ _ __ __n___ ___ ___e_y __ ____ ______
1752,Books she has found are a way to live a thousand lives Or to find strength in a very long one,73,5,1_36_49_57_64,1000000000000000000000000000000000010000000000001000000010000001000000000,B____ ___ ___ _____ ___ _ ___ __ ____ _ _____a__ _____ __ __ _i__ _____g__ __ _ _e__ ____ ___
1753,Its not worth doing something unless someone somewhere would much rather you werent doing it,78,8,23_24_38_44_47_53_54_56,000000000000000000000011000000000000010000010010000011010000000000000000000000,___ ___ _____ _____ ______in_ ______ ______e _____h__e _____ mu_h ______ ___ ______ _____ __
1754,If you love what you do and are willing to do what it takes its within your reach And itll be worth every minute you spend alone at night thinking and thinking about what it is you want to design or build Itll be worth it I promise,184,6,31_57_64_68_118_161,0000000000000000000000000000001000000000000000000000000010000001000100000000000000000000000000000000000000000000000001000000000000000000000000000000000000000000100000000000000000000000,__ ___ ____ ____ ___ __ ___ ___ ______g __ __ ____ __ _____ ___ ______ _o__ ____h ___ i___ __ _____ _____ ______ ___ _____ _____ __ _____ ________ a__ ________ _____ ____ __ __ ___ ____ __ ______ __ __i__ ____ __ _____ __ _ _______
1755,Remember darkness does not always equate to evil just as light does not always bring good,74,4,1_21_29_73,10000000000000000000100000001000000000000000000000000000000000000000000010,R_______ ________ ____ n__ _____s ______ __ ____ ____ __ _____ ____ ___ ______ _____ __o_
1756,Anxiety is the dizziness of freedom,30,5,6_18_25_26_28,000001000000000001000000110100,_____t_ __ ___ _____n___ __ _re_d__
1757,Can you understand Someone somewhere can you understand me a little love me a little For all my despair for all my ideals for all that I love life But it is hard and I have so much so very much to learn,160,7,12_82_103_113_137_142_143,0000000000010000000000000000000000000000000000000000000000000000000000000000000001000000000000000000001000000000100000000000000000000000100001100000000000000000,___ ___ _____s____ _______ _________ ___ ___ __________ __ _ ______ ____ __ _ ______ ___ ___ __ ___p___ ___ ___ __ ______ ___ a__ ____ _ __v_ ____ ___ __ __ ____ ___ _ ___e __ __ch __ ____ ____ __ _____
1758,We rip out so much of ourselves to be cured of things faster than we should that we go bankrupt by the age of thirty and have less to offer each time we start with someone new But to feel nothing so as not to feel anything what a waste,186,11,5_22_40_53_58_72_108_123_132_163_174,000010000000000000000100000000000000000100000000000010000100000000000001000000000000000000000000000000000001000000000000001000000001000000000000000000000000000000100000000001000000000000,__ __p ___ __ ____ __ _____l___ __ __ _____ __ ___n__ ______ ____ w_ ___u__ ____ __ __ ___k____ __ ___ ___ __ ______ ___ ____ ____ __ __f__ ____ ____ __ __a__ ____ __m____ ___ ___ __ ____ _______ __ __ ___ t_ ____ _____i__ ____ _ _____
1759,There are only the pursued the pursuing the busy and the tired,51,4,29_31_36_42,000000000000000000000000000010100001000001000000000,_____ ___ ____ ___ _______ ___ ___s_i__ __e ____ _n_ ___ _____
1760,The world was collapsing and the only thing that really mattered to me was that she was alive,76,7,12_14_20_21_31_33_34,0000000000010100000110000000001011000000000000000000000000000000000000000000,___ _____ ___ c_l_____ng ___ ___ ___y _hi__ ____ ______ ________ __ __ ___ ____ ___ ___ _____
1761,Time is the coin of your life You spend it Do not allow others to spend it for you,64,6,3_9_18_20_42_53,0010000010000000010100000000000000000000010000000000100000000000,__m_ __ __e ____ __ __u_ l___ ___ _____ __ __ ___ ___o_ ______ __ _p___ __ ___ ___
1762,From childhoods hour I have not been As others were I have not seen As others saw I could not awaken My heart to joy at the same tone And all I loved I loved alone,128,9,5_6_7_28_42_70_72_77_101,00001110000000000000000000010000000000000100000000000000000000000000010100001000000000000000000000001000000000000000000000000000,____ chi_______ ____ _ ____ ___ _e__ __ ______ ___e _ ____ ___ ____ __ ______ ___ _ ___l_ n__ __a___ __ _____ __ ___ __ ___ ___e ____ ___ ___ _ _____ _ _____ _____
1763,Those who can make you believe absurdities can make you commit atrocities,62,7,6_12_19_25_33_34_56,00000100000100000010000010000000110000000000000000000001000000,_____ w__ ___ m___ ___ b_____e _______ti__ ___ ____ ___ ______ ___o______
1764,You are not entitled to your opinion You are entitled to your informed opinion No one is entitled to be ignorant,92,7,4_28_47_56_58_86_91,00010000000000000000000000010000000000000000001000000001010000000000000000000000000001000010,___ a__ ___ ________ __ ____ ____i__ ___ ___ ________ __ y___ _____m_d _______ __ ___ __ ________ __ __ _g____n_
1765,A diary with no drawings of me in it Where are the torrid fantasies The romance covers,70,5,35_38_48_59_60,0000000000000000000000000000000000100100000000010000000000110000000000,_ _____ ____ __ ________ __ __ __ __ _____ _r_ _h_ ______ __n______ ___ _om____ ______
1766,And then I have nature and art and poetry and if that is not enough what is enough,65,6,5_41_51_54_58_64,00001000000000000000000000000000000000001000000000100100010000010,___ _h__ _ ____ ______ ___ ___ ___ ______ ___ __ __a_ __ ___ ___u__ w___ i_ ____g_
1767,There are two means of refuge from the misery of life music and cats,55,8,14_15_17_20_26_40_45_51,0000000000000110100100000100000000000001000010000010000,_____ ___ ___ __an_ o_ _e____ _r__ ___ ______ __ l___ _u___ __d ____
1768,You know how they say you only hurt the ones you love Well it works both ways,61,8,6_20_27_47_52_54_58_59,0000010000000000000100000010000000000000000000100001010001100,___ __o_ ___ ____ ___ __u ____ __r_ ___ ____ ___ ____ ____ i_ ___k_ b___ wa__
1769,It is easy to love people in memory the hard thing is to love them when they are there in front of you,80,5,15_39_62_64_73,00000000000000100000000000000000000000100000000000000000000001010000000010000000,__ __ ____ __ ____ p_____ __ ______ ___ ____ ___n_ __ __ ____ ____ ____ ____ _r_ t____ __ __o__ __ ___
1770,Tis the privilege of friendship to talk nonsense and to have her nonsense respected,70,8,2_25_33_34_42_60_65_68,0100000000000000000000001000000011000000010000000000000000010000100100,_i_ ___ _________ __ _______h__ __ ___k n_______ a__ __ ____ ___ ______s_ ___p__t__
1771,Its hard to enjoy practical jokes when your whole life feels like one,57,8,5_8_12_13_19_20_23_30,000010010001100000110010000001000000000000000000000000000,___ _a__ t_ __jo_ ____ti__l _____ _h__ ____ _____ ____ _____ ____ ___
1772,Happiness consists in getting enough sleep Just that nothing more,56,6,5_34_39_41_44_53,00001000000000000000000000000000010000101001000000001000,____i____ ________ __ _______ ______ _l___ _u_t __a_ _______ m___
1773,You can only become truly accomplished at something you love Dont make money your goal Instead pursue the things you love doing and then do them so well that people cant take their eyes off of you,160,5,37_65_69_81_145,0000000000000000000000000000000000001000000000000000000000000000100010000000000010000000000000000000000000000000000000000000000000000000000000001000000000000000,___ ___ ____ ______ _____ ____________ __ _o_______ ___ ____ ____ ____ _____ y___ g___ _______ _u____ ___ ______ ___ ____ _____ ___ ____ __ ____ __ ____ ____ ______ ____ ____ _h___ ____ ___ __ ___
1774,Children have never been very good at listening to their elders but they have never failed to imitate them,88,8,5_27_31_34_37_38_58_70,0000100000000000000000000010001001001100000000000000000001000000000001000000000000000000,____d___ ____ _____ ____ ____ _o__ _t __s__ni__ __ _____ ______ ___ _h__ ____ _____ f_____ __ _______ ____
1775,You never change your life until you step out of your comfort zone change begins at the end of your comfort zone,91,9,6_12_34_36_55_61_66_67_74,0000010000010000000000000000000001010000000000000000001000001000011000000100000000000000000,___ __v__ ___n__ ____ ____ _____ ___ ___p _u_ __ ____ _______ ____ c_____ b____s a_ ___ __d __ ____ _______ ____
1776,Its no good pretending that any relationship has a future if your record collections disagree violently or if your favorite films wouldnt even speak to each other if they met at a party,153,9,11_45_52_77_82_106_122_136_153,000000000010000000000000000000000000000000001000000100000000000000000000000010000100000000000000000000000100000000000000010000000000000100000000000000001,___ __ ____ _r________ ____ ___ ____________ ___ _ __t___ __ _o__ ______ ___________ _____r__ __o______ __ __ ____ ________ _i___ _______ ____ _p___ __ ____ ____r __ ____ ___ __ _ ____y
1777,If you dont know history then you dont know anything You are a leaf that doesnt know it is part of a tree,83,9,6_13_17_28_31_38_42_45_76,00000100000010001000000000010010000001000100100000000000000000000000000000010000000,__ ___ d___ ___w ___t___ ____ ___ d__t ____ __y___n_ _o_ ___ _ ____ ____ ______ ____ __ __ ___t __ _ ____
1778,When I was about eight I decided that the most wonderful thing next to a human being was a book,76,10,16_24_34_39_42_43_44_46_54_56,0000000000000001000000010000000001000010011101000000010100000000000000000000,____ _ ___ _____ __g__ _ ____d__ ____ ___ m___ _o__erf_l _____ __x_ t_ _ _____ _____ ___ _ ____
1779,The finest of pleasures are always the unexpected ones,46,7,21_22_31_36_39_42_46,0000000000000000000011000000001000010010010001,___ ______ __ _________ ar_ ______ _h_ ___x__c__d ___s
1780,Adults are just obsolete children and the hell with them,47,7,3_16_21_22_23_40_47,00100000000000010000111000000000000000010000001,__u___ ___ ____ __s____e ch______ ___ ___ ____ w___ ___m
1781,Boring damned people All over the earth Propagating more boring damned people What a horror show The earth swarmed with them,104,7,6_46_47_52_65_90_99,00000100000000000000000000000000000000000000011000010000000000001000000000000000000000000100000000100000,_____g ______ ______ ___ ____ ___ _____ ___________ _or_ ___i__ ______ ____l_ ____ _ ______ ____ ___ _____ s______ __t_ ____
1782,I like it when somebody gets excited about something Its nice,51,6,2_20_31_40_43_48,010000000000000000010000000000100000000100100001000,_ l___ __ ____ ________ g___ _______ a____ ____t__n_ ___ n___
1783,If we couldnt laugh we would all go insane,34,6,2_5_7_17_24_30,0100101000000000100000010000010000,_f __ c_u____ _____ w_ _____ a__ __ _n____
1784,It is a far far better thing that I do than I have ever done it is a far far better rest that I go to than I have ever known,94,6,12_22_43_72_86_93,0000000000010000000001000000000000000000001000000000000000000000000000010000000000000100000010,__ __ _ ___ ___ b_____ ____g ____ _ __ ____ _ ____ ____ d___ __ __ _ ___ ___ ______ ____ ____ I __ __ ____ _ ____ e___ ___w_
1785,It gives me strength to have somebody to fight for I can never fight for myself but for others I can kill,84,7,10_13_20_25_31_43_83,000000000100100000010000100000100000000000100000000000000000000000000000000000000010,__ _____ __ s__e____ __ h___ _o_____y __ _____ ___ _ c__ _____ _____ ___ ______ ___ ___ ______ _ ___ __l_
1786,I like too many things and get all confused and hungup running from one falling star to another till i drop This is the night what it does to you I had nothing to offer anybody except my own confusion,161,9,9_12_17_44_60_63_102_122_140,00000000100100001000000000000000000000000001000000000000000100100000000000000000000000000000000000000100000000000000000001000000000000000001000000000000000000000,_ ____ ___ m__y ____g_ ___ ___ ___ ________ ___ _____p _______ ____ ___ _a__i__ ____ __ _______ ____ _ ____ ____ __ ___ _____ w___ __ ____ __ ___ _ ___ _o_____ __ _____ _____d_ ______ __ ___ _________
1787,Sometimes I feel the past and the future pressing so hard on either side that theres no room for the present at all,93,6,7_29_35_40_44_62,000000100000000000000000000010000010000100010000000000000000010000000000000000000000000000000,______m__ _ ____ ___ ____ ___ ___ _u____ _r____n_ __ h___ __ ______ ____ __a_ ______ __ ____ ___ ___ _______ __ ___
1788,Youre a painter Youre a baker You like to sleep with the windows open You never take sugar in your tea And you always doubleknot your shoelaces,117,9,6_9_51_54_64_72_81_95_112,000001001000000000000000000000000000000000000000001001000000000100000001000000001000000000000010000000000000000100000,_____ a __i____ _____ _ _____ ___ ____ __ _____ ____ ___ _____w_ _p__ ___ ____r ____ ___a_ __ ____ _e_ ___ ___ ______ d_________ ____ ___e_____
1789,I imagine one of the reasons people cling to their hates so stubbornly is because they sense once hate is gone they will be forced to deal with pain,120,10,49_51_53_63_74_76_91_94_101_106,000000000000000000000000000000000000000000000000101010000000001000000000010100000000000000100100000010000100000000000000,_ _______ ___ __ ___ _______ ______ _____ __ _____ _____ __ s_u_b_____ __ __c____ ____ __n_e ____ ____ __ ____ t__y ____ __ f____d __ ____ ____ ____
1790,When I was your age television was called books,39,6,2_16_17_24_32_38,010000000000000110000001000000010000010,_h__ _ ___ ____ ___ te______o_ ___ ___l__ ___k_
1791,Always go to other peoples funerals otherwise they wont come to yours,58,5,1_24_34_39_55,1000000000000000000000010000000001000010000000000000001000,A_____ __ __ _____ _______ _u______ ___e____e ____ ____ ____ __ _o___
1792,As a woman I have no country As a woman I want no country As a woman my country is the whole world,76,8,6_7_10_12_31_40_71_75,0000011001010000000000000000001000000001000000000000000000000000000000100010,__ _ __ma_ _ h_v_ __ _______ __ _ _____ I ____ __ __u____ __ _ _____ __ _______ __ ___ ____e ___l_
1793,Its not always necessary to be strong but to feel strong,46,4,7_16_22_46,0000001000000001000001000000000000000000000001,___ ___ a_____ ___e_____ t_ __ ______ ___ __ ____ _____g
1794,Ive got the guts to die What I want to know is have you got the guts to live,58,7,4_6_11_25_39_41_53,0001010000100000000000001000000000000010100000000000100000,___ g_t ___ _u__ __ ___ ____ _ _a__ __ ____ __ ___e _o_ ___ ___ ____ t_ ____
1795,Ive lived through some terrible things in my life some of which actually happened,68,10,13_24_26_41_45_51_55_56_59_63,00000000000010000000000101000000000000001000100000100011001000100000,___ _____ ____u__ ____ ____i_l_ ______ __ __ ___e ___e __ ___c_ __tu__l_ __p_____
1796,The most effective way to destroy people is to deny and obliterate their own understanding of their history,90,10,10_15_17_22_32_47_64_71_77_80,000000000100001010000100000000010000000000000010000000000000000100000010000010010000000000,___ ____ __f____v_ w__ __ d______ ___p__ __ __ ____ ___ _b________ _____ ___ u______a_____ o_ _h___ _______
1797,There is a crack in everything Thats how the light gets in,47,6,5_11_13_17_20_39,00001000001010001001000000000000000000100000000,____e __ _ __a_k __ _v__y_____ _____ ___ ___ __g__ ____ __
1798,I am too intelligent too demanding and too resourceful for anyone to be able to take charge of me entirely No one knows me or loves me completely I have only myself,133,11,14_41_44_58_71_72_89_93_96_104_112,0000000000000100000000000000000000000000100100000000000001000000000000110000000000000000100010010000000100000001000000000000000000000,_ __ ___ _______g___ ___ _________ ___ ___ _____r__f__ ___ ______ __ b_ ____ __ ____ _ha___ __ __ ________ _o ___ k__w_ __ __ __v__ __ ___p______ _ ____ ____ ______
1799,When one is in love one always begins by deceiving ones self and one always ends by deceiving others That is what the world calls a romance,113,8,6_62_71_75_77_82_93_98,00000100000000000000000000000000000000000000000000000000000001000000001000101000010000000000100001000000000000000,____ _n_ __ __ ____ ___ ______ ______ __ _________ ____ ____ ___ ___ ______ e___ __ ___e___n_ o____s ____ __ ____ t__ __r__ _____ _ _______
1800,May it be a light to you in dark places when all other lights go out,53,6,3_18_34_41_49_50,00100000000000000100000000000000010000001000000011000,__y __ __ _ _____ __ __u __ ____ ______ ___n ___ ___e_ ______ go ___
1801,The trouble is if you dont spend your life yourself other people spend it for you,66,5,6_7_39_51_58,000001100000000000000000000000000000001000000000001000000100000000,___ __ou___ __ __ ___ ____ _____ ____ ____ ____s___ _____ ___p__ ____d __ ___ ___
1802,One word frees us of all the weight and pain of life That word is love,55,6,11_12_25_26_33_35,0000000000110000000000001100000010100000000000000000000,___ ____ ___es __ __ ___ ___ __ig__ ___ _a_n __ ____ ____ ____ __ ____
1803,Very few of us are what we seem,24,5,1_4_11_15_16,100100000010001100000000,V__y ___ __ _s ___ wh__ __ ____
1804,You want to know about anybody See what books they read and how theyve been read,65,6,14_18_21_33_36_48,00000000000001000100100000000000100100000000000100000000000000000,___ ____ __ ____ a___t __y____ ___ ____ b__k_ ____ ____ __d ___ ______ ____ ____
1805,The scar had not pained Harry for nineteen years All was well,50,7,5_14_20_23_34_36_40,00001000000001000001001000000000010100010000000000,___ _c__ ___ ___ p_____ H__r_ ___ ______e_ y___s ___ ___ ____
1806,Theres things that happen in a persons life that are so scorched in the memory and burned into the heart that theres no forgetting them,111,6,20_31_71_83_85_101,000000000000000000010000000000100000000000000000000000000000000000000010000000000010100000000000000010000000000,______ ______ ____ ___p__ __ _ _____n_ ____ ____ ___ __ ________ __ ___ ______ ___ ___n__ ____ ___ __a_t ____ ______ __ ___g______ ____
1807,Dont give in to your fears If you do you wont be able to talk to your heart,58,7,6_27_37_38_49_52_56,0000010000000000000000000010000000001100000000001001000100,____ _i__ __ __ ____ _____ __ ___ d_ ___ ____ _e a___ __ ____ _o __u_ __a__
1808,When the snows fall and the white winds blow the lone wolf dies but the pack survives,69,7,6_14_18_52_58_61_69,000001000000010001000000000000000000000000000000000100000100100000001,____ _h_ _____ _a__ _n_ ___ _____ _____ ____ ___ ____ ____ ____ b__ ___ p__k _______s
1809,Do not let the memories of your past limit the potential of your future There are no limits to what you can achieve on your journey through life except in your mind,133,11,1_4_27_42_77_90_92_106_114_119_122,1001000000000000000000000010000000000000010000000000000000000000000000000000100000000000010100000000000001000000010000100100000000000,D_ _o_ ___ ___ ________ __ ____ _a__ _____ ___ ____n____ __ ____ ______ _____ ___ __ ______ __ w___ ___ ___ ___i_v_ __ ____ ______y _______ l___ _x__p_ __ ____ ____
1810,Friendship my definition is built on two things Respect and trust Both elements have to be there And it has to be mutual You can have respect for someone but if you dont have trust the friendship will crumble,170,9,45_69_109_116_147_160_161_169_170,00000000000000000000000000000000000000000000100000000000000000000000100000000000000000000000000000000000000010000001000000000000000000000000000000100000000000011000000011,__________ __ __________ __ _____ __ ___ ______ ____e__ ___ _____ ____ ________ _a__ __ __ _____ ___ __ ___ __ __ ______ ___ ___ ____ r______ f__ _______ ___ __ ___ ____ ____ _____ t__ __________ wi__ _____le
1811,I used to dream about escaping my ordinary life but my life was never ordinary I had simply failed to notice how extraordinary it was,109,10,12_17_28_32_39_74_75_89_96_107,0000000000010000100000000001000100000010000000000000000000000000000000000110000000000000100000010000000000100,_ ____ __ ____m ____t ________ __ o___n___ ___e ___ __ ____ ___ _____ ________ _ ___ _____y f_____ __ ______ h__ ____a________ __ w__
1812,Reading is the sole means by which we slip involuntarily often helplessly into anothers skin anothers voice anothers soul,103,8,13_22_34_37_47_49_83_94,0000000000001000000001000000000001001000000000101000000000000000000000000000000000100000000001000000000,_______ __ ___ s___ _____ b_ _____ __ ___p __v_________y _f___ __________ ____ ________ ____ ____h___ _____ __o_____ ____
1813,I travel not to go anywhere but to go I travel for travels sake The great affair is to move,72,9,8_19_20_24_48_55_63_64_70,000000010000000000110001000000000000000000000001000000100000001100000100,_ ______ n__ __ __ ____he__ _u_ __ __ _ ______ ___ _______ _a__ ___ _r___ ____ir __ __ _o__
1814,The love of learning the sequestered nooks And all the sweet serenity of books,65,9,6_10_12_23_24_27_38_61_64,00000100010100000000001100100000000001000000000000000000000010010,___ __v_ __ l_a_____ ___ __qu__t____ _____ _n_ ___ ___ _____ ________ __ b__k_
1815,I must be a mermaid Rango I have no fear of depths and a great fear of shallow living,67,8,4_6_10_23_38_44_60_62,0001010001000000000000100000000000000100000100000000000000010100000,_ __s_ b_ _ _e_____ _____ _ _a__ __ ____ __ ____h_ ___ _ g____ ____ __ _____o_ l_____
1816,Trust your heart if the seas catch fire live by love though the stars walk backward,68,6,16_23_27_28_57_64,00000000000000010000001000110000000000000000000000000000100000010000,_____ ____ _____ _f ___ ___s ___ch ____ ____ __ ____ ______ ___ _____ w___ ___k____
1817,No one ever told me that grief felt so like fear,38,7,11_13_18_21_29_32_33,00000000001010000100100000001001100000,__ ___ ____ _o_d __ __a_ _r___ ____ s_ _ik_ ____
1818,Freeing yourself was one thing claiming ownership of that freed self was another,68,8,10_22_27_28_40_44_59_60,00000000010000000000010000110000000000010001000000000000001100000000,_______ __u_____ ___ ___ t____ cl______ _____s___ o_ ____ _____ ____ wa_ _______
1819,I think that were all mentally ill Those of us outside the asylums only hide it a little better and maybe not all that much better after all,113,7,11_19_45_51_55_64_85,00000000001000000010000000000000000000000000100000100010000000010000000000000000000010000000000000000000000000000,_ _____ ____ w___ ___ _e______ ___ _____ __ __ _______ t__ ___l___ o___ ____ _t _ ______ ______ ___ ____e ___ ___ ____ ____ ______ _____ ___
1820,Somewhere over the rainbow skies are blue and the dreams that you dare to dream really do come true,81,8,11_25_47_50_71_72_74_75,000000000010000000000000100000000000000000000010010000000000000000000011011000000,_________ _v__ ___ _______ _k___ ___ ____ ___ ___ _____s __a_ ___ ____ __ _____ _____y d_ co__ ____
1821,We are the music makers and we are the dreamers of dreams,46,8,1_6_12_16_21_33_39_41,1000010000010001000010000000000010000010100000,W_ ___ t__ ___i_ __k___ _n_ __ ___ ___ __e_____ o_ d_____
1822,A library is infinity under a roof,28,5,5_13_15_17_18,0000100000001010110000000000,_ ___r___ __ __f_n_ty _____ _ ____
1823,Is it possible for home to be a person and not a place,42,8,3_5_10_15_28_36_40_41,001010000100001000000000000100000001000110,__ i_ p____b__ __r ____ __ __ _ ___s__ ___ __t _ __ac_
1824,Its the job thats never started as takes longest to finish,48,7,8_12_14_28_39_45_48,000000010001010000000000000100000000001000001001,___ ___ _o_ __a_s _____ _______ _s _____ _____s_ __ __n__h
1825,You can make anything by writing,27,5,11_13_14_21_22,000000000010110000001100000,___ ___ ____ a_yt____ __ wr_____
1826,The greatness of a man is not in how much wealth he acquires but in his integrity and his ability to affect those around him positively,110,11,39_42_43_50_61_63_64_94_97_107_110,00000000000000000000000000000000000000100110000001000000000010110000000000000000000000000000010010000000001001,___ _________ __ _ ___ __ ___ __ ___ ____ ______ h_ _cq_____ _u_ __ ___ ____g_it_ ___ ___ _______ __ ______ _____ __o__d ___ ______v__y
1827,A word to the wise aint necessary its the stupid ones who need advice,56,7,3_4_9_32_38_43_55,00110000100000000000000000000001000001000010000000000010,_ _or_ __ _h_ ____ ____ _________ ___ _h_ ____i_ ___s ___ ____ ____c_
1828,Open your eyes and see what you can with them before they close forever,58,9,4_7_15_27_29_30_33_48_54,0001001000000010000000000010110010000000000000010000010000,___n __u_ ____ __d ___ ____ ___ _a_ wi__ t___ ______ ____ _l___ __r____
1829,There must be those among whom we can sit down and weep and still be counted as warriors,71,5,40_56_57_60_65,00000000000000000000000000000000000000010000000000000001100100001000000,_____ ____ __ _____ _____ ____ __ ___ ___ ____ __d ____ ___ _____ __ _ou__e_ __ _a______
1830,The supreme art of war is to subdue the enemy without fighting,51,8,6_9_11_20_36_41_45_47,000001001010000000010000000000000001000010001010000,___ __p__m_ a__ __ ___ _s __ ______ ___ ____y ____o__ _i_h____
1831,Make your mistakes take your chances look silly but keep on going Dont freeze up,66,5,41_51_54_59_64,000000000000000000000000000000000000000010000000001001000010000100,____ ____ ________ ____ ____ _______ ____ _____ b__ ____ __ _o__g ____ f____e __
1832,It is not the size of the dog in the fight that counts but the fight in the dog that wins,69,5,2_15_49_51_59,010000000000001000000000000000000000000000000000101000000010000000000,_t __ ___ ___ ____ o_ ___ ___ __ ___ _____ ____ ______ ___ ___ f_g__ __ ___ d__ ____ ____
1833,Black holes are where God divided by zero,34,6,1_5_7_14_17_19,1000101000000100101000000000000000,B___k _o___ ___ w__r_ G__ _______ __ ____
1834,please believe that things are good with me and even when theyre not they will be soon enough And i will always believe the same about you,112,6,4_15_25_47_88_101,0001000000000010000000001000000000000000000000100000000000000000000000000000000000000001000000000000100000000000,___a__ _______ _h__ ______ _r_ ____ ____ __ ___ ____ ___n ______ ___ ____ ____ __ ____ ______ ___ _ ____ ___a__ _______ ___ s___ _____ ___
1835,Some people have a way with words and other people oh uh not have way,55,5,1_11_17_20_44,1000000000100000100100000000000000000000000100000000000,S___ ______ h___ _ _a_ _i__ _____ ___ _____ ______ __ u_ ___ ____ ___
1836,Truth only means something when its hard to admit,41,6,1_6_9_12_14_39,10000100100101000000000000000000000000100,T____ o__y __a_s _________ ____ ___ ____ __ __m__
1837,The truth will set you free But not until it is finished with you,52,5,6_20_43_44_45,0000010000000000000100000000000000000000001110000000,___ __u__ ____ ___ ___ _r__ ___ ___ _____ __ __ _____hed ____ ___
1838,I like flaws I think they make things interesting,41,4,8_9_26_39,00000001100000000000000001000000000000100,_ ____ __aw_ _ _____ ____ ____ _h____ ________i__
1839,Thinking something does not make it true Wanting something does not make it real,67,6,18_29_35_44_65_67,0000000000000000010000000000100000100000000100000000000000000000101,________ _________ d___ ___ ____ i_ ____ W______ __m______ ____ ___ ____ __ _e_l
1840,This was another of our fears that Life wouldnt turn out to be like Literature,64,8,2_4_5_37_44_50_59_60,0101100000000000000000000000000000001000000100000100000000110000,_h_s w__ _______ __ ___ _____ ____ ____ ____d__ ____ o__ __ _e ____ ____ra____
1841,When one tugs at a single thing in nature he finds it attached to the rest of the world,69,8,9_18_19_27_30_37_47_66,000000001000000001100000001001000000100000000010000000000000000001000,____ ___ _u__ __ _ ___gl_ _____ _n __t___ __ _i___ __ ____c___ __ ___ ____ __ ___ _o___
1842,My alone feels so good Ill only have you if youre sweeter than my solitude,60,5,6_18_26_53_55,000001000000000001000000010000000000000000000000000010100000,__ ___n_ _____ __ ___d ___ ____ h___ ___ __ _____ _______ ____ __ s_l_____
1843,Stop comparing yourself to other people just choose to be happy and live your own life,71,11,7_9_19_20_36_40_43_47_52_58_59,00000010100000000011000000000000000100010010001000010000011000000000000,____ __m_a____ _____el_ __ _____ ______ _u__ _h__s_ __ b_ ___p_ ___ _iv_ ____ ___ ____
1844,Heaven knows we need never be ashamed of our tears for they are rain upon the blinding dust of earth overlying our hard hearts I was better after I had cried than before More sorry more aware of my own ingratitude more gentle,183,11,10_20_43_57_62_64_87_122_123_154_163,000000000100000000010000000000000000000000100000000000001000010100000000000000000000001000000000000000000000000000000000011000000000000000000000000000000100000000100000000000000000000,______ ___w_ __ ____ __v__ __ _______ __ ___ _____ _o_ ____ ___ ____ _p__ __e _l______ ____ __ _____ _____y___ ___ ____ ______ _ ___ ______ _____ _ __d c____ ____ ______ ____ _____ ____ ___r_ __ __ ___ i__________ ____ ______
1845,When everything goes to hell the people who stand by you without flinching they are your family,79,8,8_15_31_35_47_52_67_74,0000000100000010000000000000001000100000000000100001000000000000001000000100000,____ ___r______ g___ __ ____ ___ ___p__ _h_ _____ __ ___ w____u_ _________ ____ a__ ____ f_____
1846,The price good men pay for indifference to public affairs is to be ruled by evil men,68,8,22_23_24_32_36_48_63_66,00000000000000000000011100000001000100000000000100000000000000100100,___ _____ ____ ___ ___ ___ ind_______c_ __ p_____ ______s __ __ __ _____ __ _v__ m__
1847,If you have a sister and she dies do you stop saying you have one Or are you always a sister even when the other half of the equation is gone,111,7,15_16_18_35_41_69_94,000000000000001101000000000000000010000010000000000000000000000000001000000000000000000000000100000000000000000,__ ___ ____ _ ____er _n_ ___ ____ __ ___ ___p _____g ___ ____ ___ __ ___ ___ ______ _ __s___ ____ ____ ___ _____ ____ _f ___ ________ __ ____
1848,Selfishness is not living as one wishes to live it is asking others to live as one wishes to live,78,7,9_16_48_49_50_62_67,000000001000000100000000000000000000000000000001110000000000010000100000000000,________e__ __ __t ______ __ ___ ______ __ ____ __ __ ____ng o_____ __ ____ a_ ___ w_____ __ ____
1849,Never be bullied into silence Never allow yourself to be made a victim Accept no ones definition of your life but define yourself,107,9,6_14_35_38_40_48_56_60_74,00000100000001000000000000000000001001010000000100000001000100000000000001000000000000000000000000000000000,_____ b_ ______d ____ _______ _____ ____w __u_s___ __ __ m___ _ ___t__ _c____ __ ____ ___i______ __ ____ ____ ___ ______ ________
1850,When you laugh laugh like hell And when you get angry get good and angry Try to be alive You will be dead soon enough,93,6,9_46_52_69_78_92,000000001000000000000000000000000000000000000100000100000000000000001000000001000000000000010,____ ___ _a___ _____ ____ ____ ___ ____ ___ ___ _____ __t ____ _n_ _____ ___ __ __ ___v_ ___ ____ b_ ____ ____ ____g_
1851,If I had my life to live over again I would have made a rule to read some poetry and listen to some music at least once every week,102,8,24_51_52_69_70_71_76_79,000000000000000000000001000000000000000000000000001100000000000000001110000100100000000000000000000000,__ _ ___ __ ____ __ ____ ____ _g___ _ _____ ____ ____ _ ____ __ __ad ____ ______ ___ ___ten __ __m_ _u___ __ _____ ____ _____ ____
1852,You are not special Youre not a beautiful and unique snowflake Youre the same decaying organic matter as everything else Were all part of the same compost heap Were all singing all dancing crap of the world,170,10,19_27_52_67_94_96_109_121_150_164,00000000000000000010000000100000000000000000000000010000000000000010000000000000000000000000010100000000000010000000000010000000000000000000000000000100000000000001000000,___ ___ ___ _______ __u__ ___ _ _e_______ ___ ______ ________e _____ ___ ____ __c_____ _______ ______ __ ______h_n_ ____ ____ ___ p___ __ ___ ___e _______ ____ ____ ___ _______ ___ d______ ____ __ _h_ _____
1853,I was always hungry for love Just once I wanted to know what it was like to get my fill of it to be fed so much love I couldnt take any more Just once,116,10,12_14_34_46_65_68_88_108_110_112,00000000000101000000000000000000010000000000010000000000000000001001000000000000000000010000000000000000000101010000,_ ___ ______ _u_g__ ___ ____ ____ ____ _ _a____ __ ____ _h__ __ ___ ____ __ ___ __ f__l __ __ __ __ ___ __ ____ __v_ _ _______ ____ ___ ___e _u_t ____
1854,I am not proud but I am happy and happiness blinds I think more than pride,59,4,22_25_27_55,00000000000000000000010010100000000000000000000000000010000,_ __ ___ _____ ___ _ __ ____y __d _a_______ ______ _ _____ ____ ____ p____
1855,If you have enough book space I dont want to talk to you,44,5,3_12_19_23_39,00100000000100000010001000000000000000100000,__ y__ ____ __o___ ___k ___c_ _ ____ ____ __ ___k __ ___
1856,Burdens are for shoulders strong enough to carry them,45,6,8_11_19_22_27_41,000000010010000000100100001000000000000010000,_______ a__ f__ _____d__s ____n_ ______ __ ____y ____
1857,I was not a pet not a doll not an animal I was a survivor and I was strong I would not be weak or helpless again I would not could not be broken Tamed,116,9,29_39_48_52_56_79_80_90_104,00000000000000000000000000001000000000100000000100010001000000000000000000000011000000000100000000000001000000000000,_ ___ ___ _ ___ ___ _ ____ ___ __ ____a_ _ ___ _ ___v____ ___ _ w__ _t___g _ _____ ___ __ ____ __ _____es_ _____ _ __u__ ___ _____ ___ b_ ______ _____
1858,The best way to find yourself is to lose yourself in the service of others,60,5,4_15_20_46_52,000100000000001000010000000000000000000000000100000100000000,___ b___ ___ __ __n_ ___r____ __ __ ____ ________ __ ___ s_____e __ ______
1859,Let the improvement of yourself keep you so busy that you have no time to criticize others,74,9,14_28_35_42_43_60_62_67_69,00000000000001000000000000010000001000000110000000000000000101000010100000,___ ___ _______m___ __ ________ k___ ___ s_ ____ _ha_ ___ ____ __ ____ __ c_i____z_ o_____
1860,If Im honest I have to tell you I still read fairytales and I like them best of all,65,9,7_9_12_22_35_37_40_41_57,00000010100100000000010000000000001010011000000000000000100000000,__ __ __n_s_ _ h___ __ ____ y__ _ _____ ____ f_i__ta___ ___ _ ____ ____ b___ __ ___
1861,The emotion that can break your heart is sometimes the very one that heals it,63,5,15_22_23_30_58,000000000000001000000110000001000000000000000000000000000100000,___ _______ ____ c__ ____k y___ ___r_ __ _________ ___ ____ ___ ____ _e___ __
1862,Remember if people talk behind your back it only means you are two steps ahead,64,8,13_33_44_45_48_52_61_64,0000000000001000000000000000000010000000000110010001000000001001,________ __ __o___ ____ ______ ____ __c_ __ ____ ___ns __u ___ t__ _____ _h__d
1863,Behind every beautiful thing theres some kind of pain,45,10,1_3_8_18_26_29_33_37_39_40,101000010000000001000000010010001000101100000,B_h___ _v___ ______f__ _____ t__r__ _o__ _i_d o_ ____
1864,Life is not a matter of holding good cards but of playing a poor hand well,59,7,15_33_37_51_54_56_58,00000000000000100000000000000000100010000000000000100101010,____ __ ___ _ ____e_ __ _______ ____ ___d_ __t __ _______ _ ___r __n_ w_l_
1865,Remembering that you are going to die is the best way I know to avoid the trap of thinking you have something to lose You are already naked There is no reason not to follow your heart,147,7,8_23_62_69_72_87_102,000000010000000000000010000000000000000000000000000000000000010000001001000000000000001000000000000001000000000000000000000000000000000000000000000,_______r___ ____ ___ ___ _o___ __ ___ __ ___ ____ ___ _ ____ __ _____ ___ ___p __ ____k__g ___ ____ _______n_ __ ____ ___ ___ _l_____ _____ _____ __ __ ______ ___ __ ______ ____ _____
1866,Forbidden to remember terrified to forget it was a hard line to walk,56,7,2_4_21_24_39_43_56,01010000000000000000100100000000000000100010000000000001,_o_b_____ __ ________ _e__i____ __ ______ __ w__ _ h___ ____ __ ___k
1867,You know Hobbes some days even my lucky rocket ship underpants dont help,60,6,4_8_34_39_49_50,000100010000000000000000000000000100001000000000110000000000,___ k___ H_____ ____ ____ ____ __ _____ _o____ s___ ______an__ ____ ____
1868,They always say time changes things but you actually have to change them yourself,68,8,6_7_11_14_22_31_45_47,00000110001001000000010000000010000000000000101000000000000000000000,____ _lw___ s__ t___ ____g__ ______ b__ ___ ________ h_v_ __ ______ ____ ________
1869,No book can be appreciated until it has been slept with and dreamed over,59,8,3_13_22_23_36_38_41_52,00100000000010000000011000000000000101001000000000010000000,__ b___ ___ __ _p________d u____ __ ___ ___n _l__t ____ ___ ___a___ ____
1870,Blessed are the hearts that can bend they shall never be broken,52,6,14_24_31_42_45_50,0000000000000100000000010000001000000000010010000100,_______ ___ ___ h_____ ____ c__ ____ t___ _____ __v__ b_ ___k__
1871,I could die for you But I couldnt and wouldnt live for you,46,8,1_9_10_16_20_31_41_46,1000000011000001000100000000001000000000100001,I _____ __e f__ ___ B__ _ c______ ___ _o_____ ____ f__ __u
1872,The ultimate measure of a man is not where he stands in moments of comfort and convenience but where he stands at times of challenge and controversy,122,6,30_48_66_75_94_118,00000000000000000000000000000100000000000000000100000000000000000100000000100000000000000000010000000000000000000000010000,___ ________ _______ __ _ ___ __ ___ w____ __ ______ __ ___e___ __ _______ ___ __n________ b__ _____ __ ______ __ _i___ __ _________ ___ ______v____
1873,Things need not have happened to be true Tales and dreams are the shadowtruths that will endure when mere facts are dust and ashes and forgot,116,10,20_36_46_64_71_80_88_90_104_112,00000000000000000001000000000000000100000000010000000000000000010000001000000001000000010100000000000001000000010000,______ ____ ___ ____ __p_____ __ __ ____ __l__ ___ ____m_ ___ ___ __________h_ ____ _i__ ______ w___ ____ f_c__ ___ ____ ___ _s___ ___ _o____
1874,Everything must be made as simple as possible But not simpler,51,7,7_10_19_23_24_31_43,000000100100000000100011000000100000000000100000000,______h__g ____ __ __d_ __ si____ __ p_______ ___ _o_ _______
1875,Books have to be heavy because the whole worlds inside them,49,8,8_12_18_21_26_29_38_42,0000000100010000010010000100100000000100010000000,_____ __v_ __ b_ ____y __c____ t__ w____ ____d_ __s___ ____
1876,I am only responsible for my own heart you offered yours up for the smashing my darling Only a fool would give out such a vital organ,107,9,48_52_58_59_65_67_81_94_98,00000000000000000000000000000000000000000000000100010000011000001010000000000000100000000000010001000000000,_ __ ____ ___________ ___ __ ___ _____ ___ _______ _____ _p ___ t__ ___sh___ __ d_r____ ____ _ ____ w____ ____ ___ _u__ _ v____ _____
1877,I hate to advocate drugs alcohol violence or insanity to anyone but theyve always worked for me,79,7,19_45_52_58_64_76_79,0000000000000000001000000000000000000000000010000001000001000001000000000001001,_ ____ __ ________ ___g_ _______ ________ __ _______y __ ____n_ ___ _h____ _l____ ______ _o_ _e
1878,To love another person is to see the face of God,38,6,5_8_12_13_14_36,00001001000111000000000000000000000100,__ __v_ _n___er p_____ __ __ ___ ___ ____ __ G__
1879,The more one judges the less one loves,31,6,4_12_16_17_20_25,0001000000010001100100001000000,___ m___ ___ _u___s t__ l___ _n_ _____
1880,Difficult roads often lead to beautiful destinations,46,4,5_9_41_45,0000100010000000000000000000000000000000100010,____i___t _____ _____ ____ __ _________ ______a___n_
1881,I am lonely yet not everybody will do I dont know why some people fill the gaps and others emphasize my loneliness In reality those who satisfy me are those who simply allow me to live with my idea of them,165,10,5_6_37_80_97_99_109_134_135_163,000011000000000000000000000000000000100000000000000000000000000000000000000000010000000000000000101000000000100000000000000000000000011000000000000000000000000000100,_ __ _on___ ___ ___ _________ ____ __ _ ____ _n__ ___ ____ ______ ____ ___ ____ ___ ______ _______z_ __ __________ __ _e_l___ _____ _h_ _______ __ ___ _____ ___ ___pl_ _____ __ __ ____ ____ __ ____ __ _h__
1882,I learned that courage was not the absence of fear but the triumph over it The brave man is not he who does not feel afraid but he who conquers that fear,122,10,6_8_12_31_38_54_56_107_110_111,00000101000100000000000000000010000001000000000000000101000000000000000000000000000000000000000000000000001001100000000000,_ ____n_d ___t _______ ___ ___ ___ __s____ __ f___ ___ ___ ______h _v__ __ ___ _____ ___ __ ___ __ ___ ____ ___ ____ ______ ___ __ ___ c__qu___ ____ ____
1883,You are not rich until you have a rich heart,35,5,6_14_15_18_24,00000100000001100100000100000000000,___ __e ___ ____ un__l ___ __v_ _ ____ _____
1884,Education the path from cocky ignorance to miserable uncertainty,56,6,2_11_15_26_28_42,01000000001000100000000001010000000000000100000000000000,_d_______ _h_ __t_ ____ _____ i_n______ __ _____a___ ___________
1885,One persons craziness is another persons reality,42,5,15_30_33_35_38,000000000000001000000000000001001010010000,___ _______ ____i____ __ _______ _e__o_s __a____
1886,When I saw you I fell in love and you smiled because you knew,48,6,21_25_30_40_41_46,000000000000000000001000100001000000000110000100,____ _ ___ ___ _ ____ __ __v_ __d ___ _m____ _____se ___ _n__
1887,It is one of lifes bitterest truths that bedtime so often arrives just when things are really getting interesting,95,7,13_26_39_40_56_65_78,00000000000010000000000001000000000000110000000000000001000000001000000000000100000000000000000,__ __ ___ __ ___e_ _________ __u___ ____ _____me __ _____ _______ _u__ ____ __i___ ___ ______ g______ ___________
1888,Try to be a rainbow in someones cloud,30,7,3_9_10_11_20_27_28,001000001110000000010000001100,__y __ __ _ rai____ __ __m_____ _lo__
1889,If youre too openminded your brains will fall out,41,6,3_5_13_16_28_35,00101000000010010000000000010000001000000,__ y_u__ ___ __e__i____ ____ ___i__ ____ f___ ___
1890,Nothing great in the world was accomplished without passion,51,6,1_22_23_29_36_45,100000000000000000000110000010000001000000001000000,N______ _____ __ ___ ____d w__ ___o______e_ _______ p______
1891,When we dont know who to hate we hate ourselves,38,5,5_12_30_34_37,00001000000100000000000000000100010010,____ w_ ____ _n__ ___ __ ____ __ ____ o___e__e_
1892,Better a cruel truth than a comfortable delusion,41,7,2_6_7_23_24_25_38,01000110000000000000001110000000000001000,_e___r a _____ _____ ____ _ com________ ____s___
1893,When the first baby laughed for the first time its laugh broke into a thousand pieces and they all went skipping about and that was the beginning of fairies,128,8,30_37_64_68_77_84_107_113,00000000000000000000000000000100000010000000000000000000000000010001000000001000000100000000000000000000001000001000000000000000,____ ___ _____ ____ _______ ___ ___ f____ __m_ ___ _____ _____ ____ _ _______d ___c__ ___ ___y ___ ___t ________ _____ ___ ____ __s ___ __g______ __ _______
1894,I fell in love with her when we were together then fell deeper in love with her in the years we were apart,84,5,10_52_69_79_82,000000000100000000000000000000000000000000000000000100000000000000001000000000100100,_ ____ __ __v_ ____ ___ ____ __ ____ ________ ____ ____ ______ _n ____ ____ ___ __ ___ y____ __ ___e __a__
1895,Your silence will not protect you,28,4,9_12_19_21,0000000010010000001010000000,____ ____n__ w___ ___ p_o____ ___
1896,Educating the mind without educating the heart is no education at all,58,7,19_24_32_39_49_51_52,0000000000000000001000010000000100000010000000001011000000,_________ ___ ____ __t____ e_______g ___ ___r_ __ __ ____a_io_ __ ___
1897,The Very first moment I beheld him my heart was irrevocably gone,53,8,2_4_13_20_34_35_44_45,01010000000010000001000000000000011000000001100000000,_h_ V___ _____ m_____ _ b_____ ___ __ ___rt ___ _____oc____ ____
1898,Your visions will become clear only when you can look into your own heart Who looks outside dreams who looks inside awakes,101,9,3_7_13_16_27_30_60_76_78,00100010000010010000000000100100000000000000000000000000000100000000000000010100000000000000000000000,__u_ __s____ _i__ b_____ _____ o__y ____ ___ ___ ____ ____ ____ ___ ____t ___ _____ _______ d_e___ ___ _____ ______ ______
1899,My course is set for an uncharted sea,30,7,1_2_4_9_14_25_26,110100001000010000000000110000,My _o____ i_ ___ f__ __ ______te_ ___
1900,You like someone who cant like you back because unrequited love can be survived in a way that oncerequited love cannot,98,9,2_6_19_41_50_58_71_84_97,01000100000000000010000000000000000000001000000001000000010000000000001000000000000100000000000010,_o_ __k_ _______ ___ _a__ ____ ___ ____ _______ _n________ l___ ___ _e ________ __ _ _a_ ____ _______u____ ____ ____o_
1901,It is never too late to be wise,24,5,6_7_12_13_14,000001100001110000000000,__ __ _ev__ __o la__ __ __ ____
1902,People change and forget to tell each other,36,5,7_15_17_26_34,000000100000001010000000010000000100,______ c_____ __d _o____ __ __l_ ____ __h__
1903,What happened down in the dungeons between you and Professor Quirrell is a complete secret so naturally the whole school knows,106,8,1_2_22_23_50_52_54_87,1100000000000000000001100000000000000000000000000101010000000000000000000000000000000010000000000000000000,Wh__ ________ ____ __ ___ du______ _______ ___ ___ _______o_ Q_i_____ __ _ ________ ______ __ ________y ___ _____ ______ _____
1904,It must require bravery to be honest all the time,40,5,4_9_26_29_30,0001000010000000000000000100110000000000,__ _u__ __q____ _______ __ __ _o__st ___ ___ ____
1905,I dont like people who have never fallen or stumbled Their virtue is lifeless and it isnt of much value Life hasnt revealed its beauty to them,116,7,14_34_37_39_60_113_114,00000000000001000000000000000000010010100000000000000000000100000000000000000000000000000000000000000000000000001100,_ ____ ____ ____l_ ___ ____ _____ ______ o_ _t_m____ _____ ______ __ ___e____ ___ __ ____ __ ____ _____ ____ _____ ________ ___ ______ __ th__
1906,To choose doubt as a philosophy of life is akin to choosing immobility as a means of transportation,82,7,11_19_28_36_55_76_78,0000000000100000001000000001000000010000000000000000001000000000000000000001010000,__ ______ __u__ __ _ __i_______ _f ____ __ _k__ __ ________ ______l___ __ _ _____ __ _______r_a____
1907,All I have seen teaches me to trust the Creator for all I have not seen,56,7,3_9_12_16_26_35_51,00100000100100010000000001000000001000000000000000100000,__l _ ____ s__n ___c___ __ __ __u__ ___ ___a___ ___ ___ _ ____ _o_ ____
1908,It aint what they call you its what you answer to,39,5,5_9_26_29_37,000010001000000000000000010010000000100,__ __n_ __a_ ____ ____ ___ ___ _h__ y__ _____r __
1909,A man who dares to waste one hour of time has not discovered the value of life,62,5,14_32_44_50_54,00000000000001000000000000000001000000000001000001000100000000,_ ___ ___ _____ _o _____ ___ ____ __ ___e ___ ___ _____v____ _h_ __l__ __ ____
1910,Stories can conquer fear you know They can make the heart bigger,53,9,1_14_15_17_32_36_38_43_48,10000000000001101000000000000001000101000010000100000,S______ ___ ___qu_r ____ ___ ____ ___y ___ m_k_ ___ h____ b_____
1911,Remember me and smile for its better to forget than to remember me and cry,60,7,1_11_34_37_49_57_59,100000000010000000000000000000000100100000000000100000001010,R_______ __ a__ _____ ___ ___ ______ __ _o__e_ ____ __ ____m___ __ __d _r_
1912,Even the strongest and bravest must sometimes weep It shows they have a great heart one that can feel compassion for others,102,8,14_20_67_74_84_87_92_101,000000000000010000010000000000000000000000000000000000000000000000100000010000000001001000010000000010,____ ___ ______e__ ___ b______ ____ _________ ____ __ _____ ____ ____ _ _____ __a__ ___ _h__ ___ ____ c__p____o_ ___ ____r_
1913,Great heroes need great sorrows and burdens or half their greatness goes unnoticed It is all part of the fairy tale,95,8,22_44_47_62_77_78_87_91,00000000000000000000010000000000000000000001001000000000000001000000000000001100000000100010000,_____ ______ ____ _____ _o_____ ___ _______ __ ____ t__i_ _________ ____ u________ __ __ __l p___ __ ___ f___y ____
1914,The past is always tense the future perfect,36,7,4_8_11_12_14_15_18,000100010011011001000000000000000000,___ p___ i_ _lw_ys __n__ ___ ______ _______
1915,The mark of the immature man is that he wants to die nobly for a cause while the mark of the mature man is that he wants to live humbly for one,112,10,6_13_15_26_27_46_80_90_104_105,0000010000001010000000000110000000000000000001000000000000000000000000000000000100000000010000000000000110000000,___ __r_ __ ___ i_m_____ ___ __ th__ __ _____ __ ___ ____y ___ _ _____ _____ ___ ____ __ ___ ______ _a_ __ ____ __ w____ __ ____ ___bl_ ___ ___
1916,In your light I learn how to love In your beauty how to make poems You dance inside my chest where no one sees you but sometimes I do and that sight becomes this art,131,7,3_7_15_25_34_46_90,00100010000000100000000010000000010000000000010000000000000000000000000000000000000000000100000000000000000000000000000000000000000,__ y___ l____ _ __a__ ___ __ __v_ __ ____ _e____ ___ __ __k_ _____ ___ _____ ______ __ _____ _____ __ ___ ____ __u ___ _________ _ __ ___ ____ _____ _______ ____ ___
1917,Anyone can hide Facing up to things working through them thats what makes you strong,70,7,3_28_30_35_41_43_68,0010000000000000000000000001010000100000101000000000000000000000000100,__y___ ___ ____ ______ __ __ ____g_ w____n_ ____u_h ____ _____ ____ _____ ___ ___o__
1918,Is man merely a mistake of Gods Or God merely a mistake of man,49,6,16_23_31_37_44_48,0000000000000001000000100000001000001000000100010,__ ___ ______ _ ___t___ __ _o__ __ ___ m_____ a ______e __ _a_
1919,I hope youre pleased with yourselves We could all have been killed or worse expelled Now if you dont mind Im going to bed,98,10,6_13_24_27_30_35_43_66_85_92,00000100000010000000000100100100001000000010000000000000000000000100000000000000000010000001000000,_ ____ y____ __e____ ____ __u__e__e_ __ _o___ ___ _a__ ____ ______ __ _____ ___e____ ___ __ ___ ____ __n_ __ ___n_ __ ___
1920,To be fully seen by somebody then and be loved anyhow this is a human offering that can border on miraculous,88,7,5_7_20_24_35_59_74,0000101000000000000100010000000000100000000000000000000000100000000000000100000000000000,__ __ f_l__ ____ __ ____b___ t___ ___ __ __v__ ______ ____ __ _ _____ ___e____ ____ ___ ___d__ __ __________
1921,What she had realized was that love was that moment when your heart was about to burst,70,4,18_19_68_70,0000000000000000011000000000000000000000000000000000000000000000000101,____ ___ ___ _______d w__ ____ ____ ___ ____ ______ ____ ____ _____ ___ _____ __ __r_t
1922,I kept always two books in my pocket one to read one to write in,50,8,7_21_26_28_35_38_42_46,00000010000000000000100001010000001001000100010000,_ ____ _l____ ___ _____ _n __ __c_e_ ___ __ r__d ___ t_ __i__ __
1923,Where words leave off music begins,29,7,2_4_6_14_17_27_28,01010100000001001000000000110,_h_r_ w____ ___v_ _f_ _____ ___in_
1924,I always arrive late at the office but I make up for it by leaving early,57,9,21_25_29_33_38_47_48_50_51,000000000000000000001000100010001000010000000011011000000,_ ______ ______ ____ __ _h_ __f___ b__ _ m___ _p ___ __ __ _ea_in_ _____
1925,Theres nowhere you can be that isnt where youre meant to be,48,6,7_9_10_18_33_47,000000101100000001000000000000001000000000000010,______ n_wh___ ___ _a_ __ ____ ____ ___r_ _____ _____ __ b_
1926,Sometimes things fall apart so that better things can fall together,57,5,9_16_20_41_51,000000001000000100010000000000000000000010000000001000000,________s ______ f___ a____ __ ____ ______ ____g_ ___ ____ _o______
1927,Id rather die on an adventure than live standing still,45,6,7_8_18_30_41_44,000000110000000001000000000001000000000010010,__ ____er ___ __ __ __v______ ____ _i__ ________ s__l_
1928,If the moon smiled she would resemble you You leave the same impression Of something beautiful but annihilating,94,9,13_15_24_28_32_43_65_74_77,0000000000001010000000010001000100000000001000000000000000000000100000000100100000000000000000,__ ___ ____ ___l_d ___ _____ r___m___ y__ ___ _____ t__ ____ __________ __ ___e_____ ___u__f__ ___ ____________
1929,Do not think that love in order to be genuine has to be extraordinary What we need is to love without getting tired Be faithful in small things because it is in them that your strength lies,153,11,17_33_45_56_75_85_90_96_103_119_133,000000000000000010000000000000001000000000001000000000010000000000000000001000000000100001000001000000100000000000000010000000000000100000000000000000000,__ ___ _____ ____ __v_ __ _____ __ __ ___u___ ___ __ __ _x__________y ____ __ ____ __ __ ____ w______ ___t___ _i___ __ f______l __ _____ ______ __c____ __ __ __ ___m ____ ____ ________ ____
1930,Words dazzle and deceive because they are mimed by the face But black words on a white page are the soul laid bare,92,9,4_9_27_36_55_56_57_78_80,00010000100000000000000000100000000100000000000000000011100000000000000000000101000000000000,___d_ ___z__ ___ _______ _____s_ ____ ___ m____ __ ___ ____ ___ __ack _____ __ _ _____ ____ ___ t_e ____ ____ ____
1931,I find to my amazement that the more I love mankind as a whole the less I love man in particular,76,10,5_13_15_28_31_38_47_71_73_75,0000100000001010000000000001001000000100000000100000000000000000000000101010,_ ___d __ __ ___z_m___ ____ ___ __r_ _ l___ ___k___ __ _ __o__ ___ ____ _ ____ ___ __ ____i_u_a_
1932,In the endthese things matter most How well did you love How fully did you live How deeply did you let go,84,7,26_40_42_43_50_71_76,000000000000000000000000010000000000000101100000010000000000000000000010000100000000,__ ___ ________ ______ ______ m___ ___ ____ ___ y_u l___ ___ f____ ___ ___ ____ ___ ___p__ __d ___ ___ __
1933,If you have good friends no matter how much life is sucking they can make you laugh,67,10,8_28_29_31_39_46_48_58_60_63,0000000100000000000000000001101000000010000001010000000001010010000,__ ___ __v_ ____ _______ __ _____r h_w ____ ___e __ ____i_g ____ ___ __k_ y__ l____
1934,Do not read as children do to enjoy themselves or as the ambitious do to educate themselves No read to live,87,9,6_12_26_44_50_53_60_85_86,000001000001000000000000010000000000000000010000010010000001000000000000000000000000110,__ ___ r___ __ c_______ __ __ __j__ __________ __ __ _h_ ____t__u_ __ __ _d_____ __________ __ ____ __ _iv_
1935,Kind words can be short and easy to speak but their echoes are truly endless,62,9,1_5_7_11_22_30_40_45_59,10001010001000000000010000000100000000010000100000000000001000,K___ w_r__ _a_ __ _____ __d ____ __ _p___ ___ ___i_ ___o__ ___ _____ ___l___
1936,A smile is a curve that sets everything straight,40,6,3_11_12_17_33_39,0010000000110000100000000000000010000010,_ _m___ __ _ _ur__ __a_ ____ __________ s_____h_
1937,The man who passes the sentence should swing the sword If you would take a mans life you owe it to him to look into his eyes and hear his final words And if you cannot bear to do that then perhaps the man does not deserve to die,180,10,16_26_30_37_61_101_125_134_150_172,000000000000000100000000010001000000100000000000000000000000100000000000000000000000000000000000000010000000000000000000000010000000010000000000000001000000000000000000000100000000,___ ___ ___ ______ t__ _______e ___u__ ____g ___ _____ __ ___ _____ ____ _ m___ ____ ___ ___ __ __ ___ __ ____ ____ ___ ____ __d ____ ___ _____ _____ ___ __ _o_ ______ _e__ __ __ ____ ____ _e_____ ___ ___ ____ ___ ___e___ __ ___
1938,Only people who are capable of loving strongly can also suffer great sorrow but this same necessity of loving serves to counteract their grief and heals them,131,10,3_49_79_89_95_100_101_114_129_131,00100000000000000000000000000000000000000000000010000000000000000000000000000010000000001000001000011000000000000100000000000000101,__l_ ______ ___ ___ _______ __ ______ ________ ___ ____ __f___ _____ ______ ___ ____ ____ ____s____ __ ___i__ ___v__ __ co________ ____r _____ ___ _____ _h_m
1939,Do not spoil what you have by desiring what you have not remember that what you now have was once among the things you only hoped for,107,9,11_13_22_25_31_54_77_104_105,00000000001010000000010010000010000000000000000000000100000000000000000000001000000000000000000000000001100,__ ___ _____ w_a_ ___ ____ b_ _e_____g ____ ___ ____ ___ ________ t___ ____ ___ ___ ____ ___ __c_ _____ ___ ______ ___ ____ ____d f__
1940,But I love your feet only because they walked upon the earth and upon the wind and upon the waters until they found me,95,10,7_12_16_21_35_40_50_61_66_94,00000010000100010000100000000000001000010000000001000000000010000100000000000000000000000000010,___ _ __v_ ___r ___t ____ b______ ____ ___k__ __o_ ___ _____ a__ ____ ___ _i__ __d ____ ___ ______ _____ ____ _____ m_
1941,Rare as is true love true friendship is rarer,37,7,4_9_15_21_25_28_29,0001000010000010000010001001100000000,___e __ __ t___ __v_ ____ f___n__hi_ __ _____
1942,To err is human to forgive divine,27,6,1_8_9_15_16_23,100000011000001100000010000,T_ ___ __ hu___ __ fo_____ _i____
1943,The surest way to corrupt a youth is to instruct him to hold in higher esteem those who think alike than those who think differently,108,7,7_53_56_62_79_88_101,000000100000000000000000000000000000000000000000000010010000010000000000000000100000000100000000000010000000,___ ___e__ ___ __ _______ _ _____ __ __ ________ ___ __ ____ __ __g__r _____m _____ ___ _____ ___k_ ____ ___s_ ___ _____ ___f_______
1944,You do have a story inside you it lies articulate and waiting to be written behind your silence and your suffering,94,8,6_8_32_36_45_48_55_77,0000010100000000000000000000000100010000000010010000001000000000000000000000100000000000000000,___ __ h_v_ _ _____ ______ ___ __ ____ _r___u____ ___ _a__i__ __ __ w______ ______ ____ _____c_ ___ ____ _________
1945,Learn from the mistakes of others You can never live long enough to make them all yourself,74,9,6_18_37_63_67_68_69_70_73,00000100000000000100000000000000000010000000000000000000000000100011110010,_____ f___ ___ _____k__ __ ______ ___ ___ __v__ ____ ____ ______ __ ____ ___m ___ your__l_
1946,Evil is always possible And goodness is eternally difficult,51,9,2_9_13_15_24_37_43_45_48,010000001000101000000001000000000000100000101001000,_v__ __ __w___ p_s_____ ___ g_______ __ ___r_____ d_f__c___
1947,I guess thats just part of loving people You have to give things up Sometimes you even have to give them up,86,4,35_51_61_74,00000000000000000000000000000000001000000000000000100000000010000000000001000000000000,_ _____ _____ ____ ____ __ ______ ______ _o_ ____ __ ____ ____g_ __ ______m__ ___ ____ ___e __ ____ ____ __
1948,We are each our own devil and we make this world our hell,45,7,7_11_18_26_28_30_35,000000100010000001000000010101000010000000000,__ ___ _a__ _u_ ___ __v__ ___ __ m_k_ t___ _o___ ___ ____
1949,Being entirely honest with oneself is a good exercise,45,5,15_18_23_31_37,000000000000001001000010000000100000100000000,_____ ________ _o__s_ ___h _______ i_ _ ___d ________
1950,There is a pleasure in the pathless woods There is a rapture on the lonely shore There is society where none intrudes By the deep sea and music in its roar I love not man the less but Nature more,156,8,4_71_74_94_101_116_129_149,000100000000000000000000000000000000000000000000000000000000000000000010010000000000000000000100000010000000000000010000000000001000000000000000000010000000,___r_ __ _ ________ __ ___ ________ _____ _____ __ _ _______ __ ___ ______ _____ _____ i_ _o_____ _____ ____ _____d__ __ __e ____ ___ ___ ____c __ ___ ____ _ __v_ ___ ___ ___ ____ ___ __t___ ____
1951,I dont trust anybody Not anybody And the more that I care about someone the more sure I am theyre going to get tired of me and take off,107,6,5_11_14_55_81_103,00001000001001000000000000000000000000000000000000000010000000000000000000000000100000000000000000000010000,_ ___t _____ a__b___ ___ _______ ___ ___ ____ ____ _ ____ _____ ___e___ ___ ____ ____ _ __ ______ __i__ __ ___ _____ __ __ ___ __k_ ___
1952,Between two evils I always pick the one I never tried before,49,6,21_22_23_26_28_35,0000000000000000000011100101000000100000000000000,_______ ___ _____ _ ____ys p__k _h_ ___ _ _e___ _____ ______
1953,They say Im oldfashioned and live in the past but sometimes I think progress progresses too fast,80,7,13_14_20_57_59_61_68,00000000000011000001000000000000000000000000000000000000101010000001000000000000,____ ___ __ ___fa_____e_ ___ ____ __ ___ ____ ___ _________ _ _____ _r_g_e__ ____r_____ ___ ____
1954,Id rather die my way than live yours,29,7,9_10_13_21_24_25_27,00000000110010000000100110100,__ ______ di_ _y ___ ____ l__e y_u__
1955,Nothing in life is to be feared it is only to be understood Now is the time to understand more so that we may fear less,94,9,7_20_32_33_50_62_68_69_84,0000001000000000000100000000000110000000000000000100000000000100000110000000000000010000000000,______g __ ____ __ __ __ f_____ __ __ __ly __ __ __________ __w __ ___ ____ __ u_____ta__ ____ __ ____ __ m__ ____ ____
1956,But if thought corrupts language language can also corrupt thought,57,8,1_27_31_36_42_47_48_57,100000000000000000000000001000100001000001000011000000001,B__ __ _______ ________ ______g_ __n____e ___ __s_ ___ru__ ______t
1957,Those who have a why to live can bear with almost any how,45,8,1_2_3_12_26_29_31_36,111000000001000000000000010010100001000000000,Tho__ ___ ___e _ ___ __ ____ ___ b__r _i__ __m___ ___ ___
1958,Morning is wonderful Its only drawback is that it comes at such an inconvenient time of day,75,9,6_7_10_11_13_14_15_16_20,000001100110111100010000000000000000000000000000000000000000000000000000000,_____ng __ wo_derf__ _t_ ____ ________ __ ____ __ _____ __ ____ __ ____________ ____ __ ___
1959,Fairy tales do not tell children the dragons exist Children already know that dragons exist Fairy tales tell children the dragons can be killed,120,9,21_35_45_47_52_61_71_78_115,000000000000000000001000000000000010000000001010000100000000100000000010000001000000000000000000000000000000000000100000,_____ _____ __ ___ ____ _h______ ___ ____o__ _____ __i_d___ _l_____ ___w ____ _____n_ _____ F____ _____ ____ ________ ___ _______ ___ __ k_____
1960,People tend to complicate their own lives as if living werent already complicated enough,75,6,15_18_40_50_59_61,000000000000001001000000000000000000000100000000010000000010100000000000000,______ ____ __ __m__i____ _____ ___ _____ __ __ l_____ ____n_ _______ c_m________ ______
1961,Second star to the right and straight on til morning,43,7,15_24_27_28_31_37_43,0000000000000010000000010011001000001000001,______ ____ __ __e _____ ___ s__ai__t __ ___ m_____g
1962,Never marry at all Dorian Men marry because they are tired women because they are curious both are disappointed,93,5,3_7_9_30_72,001000101000000000000000000001000000000000000000000000000000000000000001000000000000000000000,__v__ _a_r_ __ ___ ______ ___ _____ b______ ____ ___ _____ _____ _______ ____ ___ ____o__ ____ ___ ____________
1963,Sometimes even to live is an act of courage,35,5,2_14_16_19_32,01000000000001010010000000000001000,_o_______ ____ t_ l__e __ __ ___ __ ___r___
1964,You only live twice Once when you are born And once when you look death in the face,66,8,6_14_31_34_37_48_52_63,000001000000010000000000000000100100100000000001000100000000001000,___ __l_ ____ __i__ ____ ____ ___ ___ b__n __d ____ ____ __u ___k _____ __ ___ f___
1965,If I am really a part of your dream youll come back one day,46,4,6_26_38_43,0000010000000000000000000100000000000100001000,__ _ __ r_____ _ ____ __ ____ ___a_ _____ ____ _a__ __e ___
1966,I cant eat and I cant sleep Im not doing well in terms of being a functional human you know,72,8,23_28_38_43_49_54_66_69,000000000000000000000010000100000000010000100000100001000000000001001000,_ ____ ___ ___ _ ____ _____ _m ___ _o___ ____ __ t____ o_ ____g _ ___c______ _____ y__ k___
1967,We shouldnt be looking for heroes we should be looking for good ideas,57,7,23_33_37_40_43_44_56,000000000000000000000010000000001000100100110000000000010,__ ________ __ _______ ___ h_____ __ __o___ b_ _o__in_ ___ ____ ___a_
1968,Id rather be hated for who I am than loved for who I am not,45,7,1_14_20_30_31_32_39,100000000000010000010000000001110000001000000,I_ ______ __ ___e_ ___ _h_ _ __ ____ _ove_ ___ __o _ __ ___
1969,Whenever you feel like criticizing any one just remember that all the people in this world havent had the advantages that youve had,109,7,27_34_46_67_77_91_103,0000000000000000000000000010000001000000000001000000000000000000001000000000100000000000001000000000001000000,________ ___ ____ ____ _______z___ ___ o__ ____ _____b__ ____ ___ ___ ______ __ t___ _____ _a____ ___ ___ ___a______ ____ _o___ ___
1970,Holding Eleanors hand was like holding a butterfly Or a heartbeat Like holding something complete and completely alive,101,11,4_16_32_34_38_51_88_90_91_93_101,00010000000000010000000000000001010001000000000000100000000000000000000000000000000000010110100000001,___d___ ________ h___ ___ ____ _____n_ a ___t_____ __ _ ____t____ ____ _______ _________ ________ ___ _o_pl_t___ ____e
1971,The voice of the sea speaks to the soul,31,4,19_20_21_23,0000000000000000001110100000000,___ _____ __ ___ ___ __eak_ t_ ___ ____
1972,The only real prison is fear and the only real freedom is freedom from fear,61,7,1_5_15_22_23_32_35,1000100000000010000001100000000100100000000000000000000000000,T__ _n__ ____ ___s__ __ __ar ___ ___ __l_ _e__ _______ __ _______ ____ ____
1973,It doesnt matter I have books new books and I can bear anything as long as there are books,72,7,15_16_28_32_45_47_70,000000000000001100000000000100010000000000001010000000000000000000000100,__ ______ ______ I h___ _____ ___ b___s ___ _ ___ ____ _n_t____ __ ____ __ _____ ___ __o__
1974,Ignore those that make you fearful and sad that degrade you back towards disease and death,75,10,7_20_21_29_40_42_43_49_50_66,000000100000000000011000000010000000000101100000110000000000000001000000000,______ t____ ____ ____ yo_ ______l ___ ___ ____ d_gr___ __u b___ _______ _____s_ ___ _____
1975,The question is not what you look at but what you see,42,6,5_11_27_30_32_40,000010000010000000000000001001010000000100,___ _u_____n __ ___ ____ ___ ___k __ b_t ____ ___ s__
1976,I get a warm feeling among my books,28,6,6_9_12_13_21_23,0000010010011000000010100000,_ ___ _ w__m __el___ ____g _y _____
1977,If all the world hated you and believed you wicked while your own conscience approved of you and absolved you from guilt you would not be without friends,126,9,8_11_66_74_85_93_94_95_116,000000010010000000000000000000000000000000000000000000000000000001000000010000000000100000001110000000000000000000010000000000,__ ___ __e __r__ _____ ___ ___ ________ ___ ______ _____ ____ ___ __________ __p_____ __ y__ ___ _____v__ ___ __om g____ ___ _____ ___ __ ___h___ _______
1978,For me I am driven by two main philosophies know more today about the world than I knew yesterday and lessen the suffering of others Youd be surprised how far that gets you,140,9,23_26_32_40_52_79_83_97_103,00000000000000000000001001000001000000010000000000010000000000000000000000000010001000000000000010000010000000000000000000000000000000000000,___ __ _ __ ______ __ ___ ___n __i_____h___ ____ m___ _____ ___u_ ___ _____ ____ _ ____ ________y ___ l_____ ___ _____r___ __ o_____ ____ __ _________ ___ ___ ____ ____ ___
1979,Our lives are not our own We are bound to others past and present and by each crime and every kindness we birth our future,98,6,6_7_37_43_55_91,00000110000000000000000000000000000010000010000000000010000000000000000000000000000000000010000000,___ __ve_ ___ ___ ___ ___ __ ___ _____ __ ____r_ ____ a__ _______ __d __ ____ _____ ___ _____ ________ __ _____ _u_ ______
1980,If you liked being a teenager theres something really wrong with you,57,8,5_10_16_25_32_33_41_52,000010000100000100000000100000011000000010000000000100000,__ __u ____d _____ a ________ t_____ _om______ _e____ _____ _i__ ___
1981,Sorrow is how we learn to love Your heart isnt breaking It hurts because its getting larger The larger it gets the more love it holds,108,9,4_24_25_42_43_45_58_79_96,000100000000000000000001100000000000000001101000000000000100000000000000000000100000000000000001000000000000,___r__ __ ___ __ _____ __ ___e Y___ _____ ____ ____ki_g __ _____ _____s_ ___ _______ ______ ___ l_____ __ ____ ___ __r_ ____ __ _____
1982,Nothing behind me everything ahead of me as is ever so on the road,53,5,7_11_14_24_43,00000010001001000000000100000000000000000010000000000,______g ___i__ m_ ________n_ _____ __ __ __ __ ____ s_ __ ___ ____
1983,Pity those who dont feel anything at all,33,6,1_6_10_13_18_31,100001000100100001000000000000100,P___ _h___ w__ d___ _e__ ________ __ a__
1984,The best way to cheer yourself is to try to cheer someone else up,52,8,1_9_10_14_26_27_42_51,1000000011000100000000000110000000000000010000000010,T__ ____ _ay __ _h___ ________ is __ ___ __ _____ __m____ ____ u_
1985,If everybody is thinking alike then somebody isnt thinking,50,6,5_13_23_27_33_46,00001000000010000000001000100000100000000000010000,__ __e______ _s ________ _l___ t___ __m_____ ____ ___n____
1986,Parents can only give good advice or put them on the right paths but the final forming of a persons character lies in their own hands,108,8,14_22_48_59_77_95_102_103,000000000000010000000100000000000000000000000001000000000010000000000000000010000000000000000010000001100000,_______ ___ ___y ____ ___d ______ __ ___ ____ __ ___ _____ p____ ___ ___ f____ _______ __ _ ___s___ _________ ____ _n _____ _wn _____
1987,And so I try to be kind to everything I see and in everything I see I see him,59,7,1_8_9_14_26_35_54,10000001100001000000000001000000001000000000000000000100000,A__ __ _ _ry __ __ k___ __ ______h___ _ ___ _n_ __ __________ _ ___ _ s__ ___
1988,One day you will ask me which is more important My life or yours I will say mine and you will walk away not knowing that you are my life,107,7,8_23_30_35_50_63_67,00000001000000000000001000000100001000000000000001000000000000100010000000000000000000000000000000000000000,___ ___ _o_ ____ ___ __ ____h __ ____ i____t___ __ ____ __ ___r_ _ ____ ___ ___e ___ y__ ____ ____ ____ ___ _______ ____ ___ ___ __ ____
1989,Autumn is a second spring when every leaf is a flower,43,10,4_5_13_16_17_21_22_30_31_32,0001100000001001100011000000011100000000000,___um_ __ _ ___o__ sp___g w___ ____y le__ __ _ ______
1990,The last enemy that shall be destroyed is death,39,7,9_11_12_22_27_28_33,000000001011000000000100001100001000000,___ ____ _n_my ____ _____ b_ ___tr____ i_ _____
1991,The two hardest tests on the spiritual road are the patience to wait for the right moment and the courage not to be disappointed with what we encounter,124,8,10_28_43_57_69_92_111_123,0000000001000000000000000001000000000000001000000000000010000000000010000000000000000000000100000000000000000010000000000010,___ ___ ___d___ _____ __ ___ ____i____ ____ ___ ___ p_______ __ ____ f__ ___ _____ _o____ ___ ___ _______ ___ __ b_ ____________ ____ _h__ __ _______e_
1992,Waste no more time arguing about what a good man should be Be one,52,8,5_17_18_29_38_40_43_45,0000100000000000110000000000100000000101001010000000,____e __ ____ ____ _rg____ _____ _h__ _ ____ _a_ s__u_d __ __ ___
1993,Holding anger is a poison It eats you from inside We think that by hating someone we hurt them But hatred is a curved blade and the harm we do to others we also do to ourselves,140,7,10_31_55_57_63_95_102,00000000010000000000000000000010000000000000000000000010100000100000000000000000000000000000001000000100000000000000000000000000000000000000,_______ __g__ __ _ ______ __ ____ ___ f___ ______ __ _____ ____ __ _a_i__ ___e___ __ ____ ____ ___ ______ __ _ ______ b____ __d ___ ____ __ __ __ ______ __ ____ __ __ _________
1994,Until you make the unconscious conscious it will direct your life and you will call it fate,75,7,12_14_34_41_51_59_62,000000000001010000000000000000000100000010000000001000000010010000000000000,_____ ___ ___e _h_ ___________ _______u_ __ ___l ______ ___r ____ ___ y__ w___ ____ __ ____
1995,The only lies for which we are truly punished are those we tell ourselves,60,5,4_15_28_32_53,000100000000001000000000000100010000000000000000000010000000,___ o___ ____ ___ w____ __ ___ ___l_ __n_____ ___ _____ __ ____ _u_______
1996,Those who cannot change their minds cannot change anything,50,4,4_21_31_35,00010000000000000000100000000010001000000000000000,___s_ ___ ______ ______ t____ _____ c___o_ ______ ________
1997,Sometimes I wonder if theres something wrong with me Perhaps Ive spent too long in the company of my literary romantic heroes and consequently my ideals and expectations are far too high,155,7,8_58_94_100_115_116_118,00000001000000000000000000000000000000000000000000000000010000000000000000000000000000000000010000010000000000000011010000000000000000000000000000000000000,_______e_ _ ______ __ ______ _________ _____ ____ __ _______ ___ ___n_ ___ ____ __ ___ _______ __ __ ________ ___a____ _e____ ___ _______en_l_ __ ______ ___ ____________ ___ ___ ___ ____
1998,We need not to be let alone We need to be really bothered once in a while How long is it since you were really bothered About something important about something real,135,9,76_81_101_102_107_109_111_119_131,000000000000000000000000000000000000000000000000000000000000000000000000000100001000000000000000000011000010101000000010000000000010000,__ ____ ___ __ __ ___ _____ __ ____ __ __ ______ ________ ____ __ _ _____ ___ ____ __ __ _____ __u ____ r_____ ________ _____ _om____n_ i_p______ _b___ ________g ____
1999,Once you have read a book you care about some part of it is always with you,59,6,6_10_17_42_56_59,00000100010000001000000000000000000000000100000000000001001,____ _o_ __v_ ____ _ b___ ___ ____ _____ ____ ____ _f __ __ ______ ___h __u
2000,Always be a poet even in prose,24,6,2_3_6_13_15_18,011001000000101001000000,_lw__s __ _ ___t _v__ i_ _____
2001,Maybe some people are just meant to be in the same story,45,7,2_8_10_32_33_40_44,010000010100000000000000000000011000000100010,_a___ __m_ p_____ ___ ____ _____ __ __ in ___ ___e ___r_
2002,Even after all this time the Sun never says to the Earth You owe me Look what happens with a love like that it lights the whole sky,104,6,28_29_32_37_67_71,00000000000000000000000000011001000010000000000000000000000000000010001000000000000000000000000000000000,____ _____ ___ ____ ____ ___ ___ _ev__ s___ _o ___ _____ ___ ___ __ ____ ____ _____n_ __t_ _ ____ ____ ____ __ ______ ___ _____ ___
2003,Science is not only compatible with spirituality it is a profound source of spirituality,75,8,3_10_11_19_34_42_70_72,001000000110000000100000000000000100000001000000000000000000000000000101000,__i____ __ no_ ____ __m_______ ____ ___r_______y __ __ _ ________ ______ __ ______u_l___
2004,All happiness depends on courage and work,35,8,4_5_6_17_18_28_32_35,00011100000000001100000000010001001,___ hap______ ____nd_ __ ______e ___ w__k
2005,I know of a cure for everything salt water in one way or the other Sweat or tears or the salt sea,76,8,2_3_10_12_13_17_54_72,0110000001011000100000000000000000000000000000000000010000000000000000010000,_ kn__ __ _ _u_e f__ _v________ ____ _____ __ ___ ___ __ ___ _____ _w___ __ _____ __ ___ __l_ ___
2006,Books serve to show a man that those original thoughts of his arent very new after all,70,8,1_16_29_34_35_36_37_65,1000000000000001000000000000100001111000000000000000000000000000100000,B____ _____ __ ___w _ ___ ____ ____e ____inal ________ __ ___ _____ ____ ___ __t__ ___
2007,A small but noteworthy note Ive seen so many young men over the years who think theyre running at other young men They are not They are running at me,120,6,1_6_7_68_75_79,100001100000000000000000000000000000000000000000000000000000000000010000001000100000000000000000000000000000000000000000,A ____l b__ __________ ____ ___ ____ __ ____ _____ ___ ____ ___ _____ ___ _____ ___y__ ____i__ _t _____ _____ ___ ____ ___ ___ ____ ___ _______ __ __
2008,The advantage of a bad memory is that one enjoys several times the same good things for the first time,83,9,5_8_10_11_42_51_64_72_75,00001001011000000000000000000000000000000100000000100000000000010000000100100000000,___ _d__n_ag_ __ _ ___ ______ __ ____ ___ ______ __v____ ____s ___ ____ ____ _h____ ___ t__ f____ ____
2009,I wonder how many people dont get the one they want but end up with the one theyre supposed to be with,81,7,19_23_36_38_43_52_70,000000000000000000100010000000000001010000100000000100000000000000000100000000000,_ ______ ___ ____ ____l_ __n_ ___ ___ ___ __e_ w___ _u_ ___ __ __t_ ___ ___ ______ ____o___ __ __ ____
2010,I like people too much or not at all Ive got to go down deep to fall into people to really know them,78,9,4_12_17_29_31_33_66_68_75,000100000001000010000000000010101000000000000000000000000000000001010000001000,_ __k_ ______ t__ __c_ __ ___ __ ___ I_e _o_ __ __ ____ ____ __ ____ ____ ______ __ _e_l__ ____ t___
2011,Maybe our girlfriends are our soulmates and guys are just people to have fun with,67,7,3_4_39_57_59_60_66,0011000000000000000000000000000000000010000000000000000010110000010,__yb_ ___ ___________ ___ ___ _________ ___ _u__ ___ ____ ______ __ h_ve ___ __t_
2012,Some walks you have to take alone,27,7,1_3_6_8_13_24_26,101001010000100000000001010,S_m_ _a_k_ ___ h___ __ ____ _l_n_
2013,All human wisdom is contained in these two words Wait and Hope,51,7,4_5_35_36_40_43_50,000110000000000000000000000000000011000100100000010,___ hu___ ______ __ _________ __ _____ __o w___s __i_ ___ __p_
2014,I have nothing to declare except my genius,35,9,2_10_15_17_18_19_20_28_30,01000000010000101111000000010100000,_ h___ ____i__ __ d_clar_ ______ m_ g_____
2015,But I didnt understand then That I could hurt somebody so badly she would never recover That a person can just by living damage another human being beyond repair,133,9,35_41_46_50_59_72_88_123_131,0000000000000000000000000000000000100000100001000100000000100000000000010000000000000001000000000000000000000000000000000010000000100,___ _ _____ __________ ____ ____ _ _____ _u__ ___e____ s_ __d__ ___ ___l_ _____ ______r ____ _ ______ ___ _u__ __ ______ ______ _______ _____ _____ _e____ ___a__
2016,You care so much you feel as though you will bleed to death with the pain of it,62,9,1_6_12_25_27_28_31_37_48,10000100000100000000000010110010000010000000000100000000000000,Y__ __r_ __ __c_ ___ ____ __ __o_gh __u ____ _l___ __ _____ w___ ___ ____ __ __
2017,The good thing about science is that its true whether or not you believe in it,63,5,7_19_20_32_39,000000100000000000110000000000010000001000000000000000000000000,___ ___d _____ _____ _ci____ __ ____ _t_ ____ _h_____ __ ___ ___ _______ __ __
2018,I dont know who invented high heels but all women owe him a lot,50,7,1_7_10_16_19_24_32,10000010010000010010000100000001000000000000000000,I ____ _n__ w__ ___e__e_ ___h _____ __t ___ _____ ___ ___ _ ___
2019,Reality doesnt impress me I only believe in intoxication in ecstasy and when ordinary life shackles me I escape one way or another No more walls,119,10,19_28_42_48_72_81_83_93_103_107,00000000000000000010000000010000000000000100000100000000000000000000000100000000101000000000100000000010001000000000000,_______ ______ _____s_ __ _ ____ b______ __ _____i_____n __ _______ ___ ____ _______y ____ ____k_e_ __ _ _____e ___ ___ __ _n___e_ __ ____ _____
2020,At the end of the day we can endure much more than we think we can,51,7,21_32_34_35_43_47_49,000000000000000000001000000000010110000000100010100,__ ___ ___ __ ___ ___ __ __n ______ ____ m_re ____ __ _h___ w_ c__
2021,This is how you do it you sit down at the keyboard and you put one word after another until its done Its that easy and that hard,101,7,10_16_39_46_53_61_93,00000000010000010000000000000000000000100000010000001000000010000000000000000000000000000000100000000,____ __ ___ y__ __ _t ___ ___ ____ __ ___ _______d ___ ___ p__ ___ _o__ _____ a______ _____ ___ ____ ___ ____ ____ __d ____ ____
2022,Silence I discover is something you can actually hear,45,8,10_11_15_21_24_27_40_44,000000000110001000001001001000000000000100010,_______ _ _is___e_ __ __m__h__g ___ ___ ______l_ __a_
2023,The trouble was I had been inadequate all along I simply hadnt thought about it,65,6,23_32_44_46_57_59,00000000000000000000001000000001000000000001010000000000101000000,___ _______ ___ _ ___ ____ _n________ a__ _____ _ ___p_y _____ _____h_ a____ __
2024,Be thankful for what you have youll end up having more If you concentrate on what you dont have you will never ever have enough,103,10,1_10_14_25_42_55_56_60_78_95,1000000001000100000000001000000000000000010000000000001100010000000000000000010000000000000000100000000,B_ _______l ___ w___ ___ ____ y____ ___ __ ______ _o__ __ ___ _____nt___e __ ____ ___ ____ ____ y__ ____ _____ ____ _a__ ______
2025,I love you not just for now but for always and I dream of the day that youll take me in your arms again,80,8,12_21_22_26_32_39_59_77,00000000000100000000110001000001000000100000000000000000001000000000000000001000,_ ____ ___ ___ j___ ___ __w b__ _o_ ____y_ ___ _ _r___ __ ___ ___ ____ ____l ____ __ __ ____ ____ _g___
2026,Have you ever asked yourself do monsters make war or does war make monsters,62,7,1_23_31_32_34_48_57,10000000000000000000001000000011010000000000000100000000100000,H___ ___ ____ _____ ______l_ __ ____te_s ____ ___ __ ____ w__ ____ __n_____
2027,We sometimes encounter people even perfect strangers who begin to interest us at first sight somehow suddenly all at once before a word has been spoken,126,10,28_34_47_67_72_80_92_93_113_124,000000000000000000000000000100000100000000000010000000000000000000100001000000010000000000011000000000000000000010000000000100,__ _________ _________ ______ _v__ ___f___ _________ w__ _____ __ ________ __ a_ ___s_ _____ _o_____ ______ly ___ __ ____ ______ _ ___d ___ ____ ___k__
2028,Every day is a new day It is better to be lucky But I would rather be exact Then when luck comes you are ready,86,10,2_22_38_55_62_63_70_71_73_85,01000000000000000000010000000000000001000000000000000010000001100000011010000000000010,_v___ ___ __ _ ___ ___ __ __ b_____ __ __ _____ _u_ _ _____ ______ __ _x___ ___n w___ ___k c_m__ ___ ___ ___d_
2029,Either you deal with what is the reality or you can be sure that the reality is going to deal with you,81,7,13_29_38_41_56_64_71,000000000000100000000000000010000000010010000000000000010000000100000010000000000,______ ___ ___l ____ ____ __ ___ __a____ __ __u __n __ ____ ____ ___ _e_____ __ g____ __ d___ ____ ___
2030,Im killing time while I wait for life to shower me with meaning and happiness,63,6,6_19_23_30_35_57,000001000000000000100010000001000010000000000000000000001000000,__ ___l___ ____ _____ I ___t ___ ___e __ __o___ __ ____ _______ ___ __p______
2031,If then I were asked for the most important advice I could give that which I considered to be the most useful to the men of our century I should simply say in the name of God stop a moment cease your work look around you,175,10,8_34_38_47_49_74_79_119_135_166,0000000100000000000000000000000001000100000000101000000000000000000000000100001000000000000000000000000000000000000000100000000000000010000000000000000000000000000001000000000,__ ____ _ w___ _____ ___ ___ ____ _______n_ __v___ _ ____d _i__ ____ _____ _ __________ __ b_ ___ m___ ______ __ ___ ___ __ ___ _______ _ ______ ___p__ ___ __ ___ ____ _f ___ ____ _ ______ _____ ____ ____ ___k ______ ___
2032,A love like that was a serious illness an illness from which you never entirely recover,72,7,12_18_22_23_36_59_68,000000000001000001000110000000000001000000000000000000000010000000010000,_ ____ ____ __a_ ___ _ s___ou_ _______ __ __l____ ____ _____ ___ _____ _n______ __c____
2033,Anybody can sympathize with the sufferings of a friend but it requires a very fine nature to sympathize with a friends success,105,7,23_54_57_78_79_85_101,000000000000000000000010000000000000000000000000000001001000000000000000000001100000100000000000000010000,_______ ___ __________ __t_ ___ __________ __ _ ______ ___ __ __q__r__ _ ____ ____ ______ __ _ym_____z_ ____ _ _______ __c____
2034,The future is now Its time to grow up and be strong Tomorrow may well be too late,64,4,8_33_37_39,0000000100000000000000000000000010001010000000000000000000000000,___ ____r_ __ ___ ___ ____ __ ____ __ ___ b_ __r_n_ ________ ___ ____ __ ___ ____
2035,The more I read the more I acquire the more certain I am that I know nothing,60,7,8_23_24_32_35_39_50,000000010000000000000011000000010010001000000000010000000000,___ ____ I ____ ___ ____ _ __qu___ ___ _o__ c___a__ _ __ ____ _ k___ _______
2036,And then I am going to rattle the stars,31,5,3_4_5_9_12,0011100010010000000000000000000,__d th__ _ a_ _o___ __ ______ ___ _____
2037,If the real world were a book it would never find a publisher Overlong detailed to the point of distraction and ultimately without a major resolution,124,10,10_23_41_56_84_85_92_93_110_112,0000000001000000000000100000000000000000100000000000000100000000000000000000000000011000000110000000000000000101000000000000,__ ___ ____ w____ ____ _ ___k __ _____ _____ ____ _ p________ ______n_ ________ __ ___ _____ __ ______ct___ ___ ul________ _______ _ m_j__ __________
2038,The future depends on what you do today,32,6,2_4_9_12_19_31,01010000100100000010000000000010,_h_ f____e __p____ __ w___ ___ __ ___a_
2039,You should write because you love the shape of stories and sentences and the creation of different words on a page Writing comes from reading and reading is the finest teacher of how to write,157,9,8_11_29_35_59_64_92_101_149,0000000100100000000000000000100000100000000000000000000000100001000000000000000000000000000100000000100000000000000000000000000000000000000000000000100000000,___ ____l_ _r___ _______ ___ ____ t__ ___p_ __ _______ ___ _________ _n_ ___ c_______ __ _________ _____ __ _ _a__ ______g _____ ____ _______ ___ _______ __ ___ ______ _______ __ _o_ __ _____
2040,He died not for men but for each man If each man had been the only man made He would have done no less,79,8,12_23_28_33_41_46_64_75,0000000000010000000000100001000010000000100001000000000000000001000000000010000,__ ____ ___ __r ___ ___ ___ _a__ __n __ __c_ ___ ___ b___ _h_ ____ ___ ____ __ ___l_ ____ ____ _o ____
2041,you have to love something before you can hate it,40,7,1_16_18_21_24_25_32,1000000000000001010010011000000100000000,y__ ____ __ ____ __m_t__n_ _ef___ ___ c__ ____ __
2042,Intelligence plus character that is the goal of true education,53,6,5_8_10_18_22_41,00001001010000000100010000000000000000001000000000000,____l__g_n__ ____ _h___c___ ____ __ ___ ____ __ t___ _________
2043,When will you learn that there isnt a word for everything,47,7,3_8_31_35_37_43_45,00100001000000000000000000000010001010000010100,__e_ ___l ___ _____ ____ _____ ____ _ w___ f_r _____t_i__
2044,To put everything in balance is good to put everything in harmony is better,62,9,4_18_30_33_37_39_51_54_59,00010000000000000100000000000100100010100000000000100100001000,__ _u_ __________ __ b______ __ ___d __ p__ _v_r______ __ ___m__y __ __t___
2045,It takes something more than intelligence to act intelligently,54,5,4_5_10_20_32,000110000100000000010000000000010000000000000000000000,__ _ak__ __m______ ___e ____ _______g____ __ ___ _____________
2046,When someone is in your heart theyre never truly gone They can come back to you even at unlikely times,83,7,23_25_44_55_59_75_79,00000000000000000000001010000000000000000001000000000010001000000000000000100010000,____ _______ __ __ ____ ___r_ t_____ _____ _____ ___e ____ ___ ___e ___k __ ___ ____ __ ____k___ t____
2047,What a blessing it is to love books as I love them to be able to converse with the dead and to live amidst the unreal,92,6,22_35_58_75_89_91,00000000000000000000010000000000001000000000000000000000010000000000000000100000000000001010,____ _ ________ __ __ __ __v_ _____ __ _ ___e ____ __ __ ____ __ ________ w___ ___ ____ ___ __ _i__ ______ ___ __r_a_
2048,Absence diminishes small loves and increases great ones as the wind blows out the candle and fans the bonfire,91,5,9_25_34_35_65,0000000010000000000000001000000001100000000000000000000000000000100000000000000000000000000,_______ _i________ _____ __v__ ___ ___re____ _____ ____ __ ___ ____ _____ __t ___ ______ ___ ____ ___ _______
2049,If you are not willing to risk the usual you will have to settle for the ordinary,65,5,18_32_37_51_62,00000000000000000100000000000001000010000000000000100000000001000,__ ___ ___ ___ ______g __ ____ ___ ____l ___ _i__ ____ __ _____e ___ ___ ____n___
2050,Life starts all over again when it gets crisp in the fall,46,6,1_11_19_23_26_33,1000000000100000001000100100000010000000000000,L___ ______ a__ ____ _g___ w__n __ ____ c____ __ ___ ____
2051,If death meant just leaving the stage long enough to change costume and come back as a new character Would you slow down Or speed up,107,11,3_8_20_28_30_51_64_88_92_101_102,00100001000000000001000000010100000000000000000000100000000000010000000000000000000000010001000000001100000,__ d____ m____ ____ ___v___ ___ _t_g_ ____ ______ __ ______ _o_____ ___ ____ b___ __ _ ___ _________ _____ y__ _l__ ____ __ sp___ __
2052,When you have lost hope you have lost everything And when you think all is lost when all is dire and bleak there is always hope,102,5,16_22_55_62_90,000000000000000100000100000000000000000000000000000000100000010000000000000000000000000001000000000000,____ ___ ____ ____ h___ __u ____ ____ __________ ___ ____ ___ ____k ___ __ _o__ ____ ___ __ ____ ___ _____ ____e __ ______ ____
2053,Books are no more threatened by Kindle than stairs by elevators,53,7,3_24_28_34_35_47_48,00100000000000000000000100010000011000000000001100000,__o__ ___ __ ____ _________d __ _i____ _ha_ ______ __ __ev_____
2054,Heard melodies are sweet but those unheard are sweeter,46,3,10_33_34,0000000001000000000000000000000011000000000000,_____ ____d___ ___ _____ ___ _____ ___ea__ ___ _______
2055,No winter lasts forever no spring skips its turn,40,8,4_10_14_20_28_33_35_38,0001000001000100000100000001000010100100,__ _i____ _a___ f_____r __ _____g ____s _t_ _u__
2056,The homemaker has the ultimate career All other careers exist for one purpose only and that is to support the ultimate career,104,7,6_47_60_63_69_83_97,00000100000000000000000000000000000000000000001000000000000100100000100000000000001000000000000010000000,___ __m______ ___ ___ ________ ______ ___ _____ ______s _____ ___ ___ _u__o__ ___y ___ ____ __ __ __p____ ___ ______t_ ______
2057,You know that a good long session of weeping can often make you feel better even if your circumstances have not changed one bit,104,11,4_5_25_30_36_38_41_49_55_76_98,00011000000000000000000010000100000101001000000010000010000000000000000000010000000000000000000001000000,___ kn__ ____ _ ____ ____ ____i__ __ w_____g _a_ _f___ ____ y__ ___l ______ ____ __ ____ ____u________ ____ ___ ______d ___ ___
2058,The purpose of a storyteller is not to tell you how to think but to give you questions to think upon,80,7,1_7_35_45_56_60_61,10000010000000000000000000000000001000000000100000000001000110000000000000000000,T__ ___p___ __ _ ___________ __ ___ __ ___l ___ ___ __ _h___ ___ __ __v_ __u q________ __ _____ ____
2059,Wanting to be someone else is a waste of the person you are,47,7,1_4_7_14_17_34_38,10010010000001001000000000000000010001000000000,W__t__g __ __ __m__n_ ____ __ _ _____ __ _h_ __r___ ___ ___
2060,The things you used to own now they own you,34,4,5_10_16_31,0000100001000001000000000000001000,___ _h____ y__ ___d __ ___ ___ ____ __n ___
2061,Open a book this minute and start reading Dont move until youve reached page fifty Until youve buried your thoughts in print Cover yourself with words Wash yourself away Dissolve,149,10,9_41_56_62_76_79_89_127_129_136,00000000100000000000000000000000000000001000000000000001000001000000000000010010000000001000000000000000000000000000000000000010100000010000000000000,____ _ ___k ____ ______ ___ _____ _______ ____ __v_ _____ _____ ___c___ __g_ _____ _____ __u__ b_____ ____ t_______ __ _____ _____ ________ ____ _____ _a_h ______l_ ____ ________
2062,I was dead until you found me though I breathed I was sightless though I could see And then you came and I was awakened,95,7,9_34_44_52_56_71_91,00000000100000000000000000000000010000000001000000010001000000000000001000000000000000000010000,_ ___ ____ u____ ___ _____ __ ______ _ ___a____ _ ___ _i_______ t___g_ _ _____ ___ ___ _h__ ___ ____ ___ _ ___ ___k____
2063,A bit of trash now and then is good for the severest reader It provides the necessary roughage in the literary diet,94,10,15_28_51_52_54_61_63_76_81_83,0000000000000010000000000001000000000000000000000011010000001010000000000001000010100000000000,_ ___ __ _____ ___ a__ ____ __ ____ f__ ___ ________ ______ __ _ro_i___ ___ n_c______ ______g_ __ _h_ l_______ ____
2064,A mans face is his autobiography A womans face is her work of fiction,56,3,3_15_49,00100000000000100000000000000000000000000000000010000000,_ _a__ ____ __ ___ a____________ _ ______ ____ __ ___ ____ _f _______
2065,The most certain sign of wisdom is cheerfulness,40,5,8_30_36_38_40,0000000100000000000000000000010000010101,___ ____ c______ ____ __ ______ __ _h_____l_e_s
2066,Do you think that I count the days There is only one day left always starting over it is given to us at dawn and taken away from us at dusk,109,6,8_18_23_50_55_100,0000000100000000010000100000000000000000000000000100001000000000000000000000000000000000000000000001000000000,__ ___ __i__ ____ _ __u__ __e ____ _____ __ ____ ___ ___ ____ _l____ s_______ ____ __ __ _____ __ __ __ ____ ___ _____ ____ __o_ __ __ ____
2067,The best way to cheer yourself is to cheer somebody else up,48,9,4_8_9_13_18_20_29_37_41,000100011000100001010000000010000000100010000000,___ b___ wa_ __ c____ y_u_____ __ _o _____ __m___d_ ____ __
2068,Scars have the strange power to remind us that our past is real,51,8,2_8_11_29_32_33_35_39,010000010010000000000000000010011010001000000000000,_c___ __v_ _h_ _______ _____ __ __m__d u_ t___ o__ ____ __ ____
2069,I write differently from what I speak I speak differently from what I think I think differently from the way I ought to think and so it all proceeds into deepest darkness,139,9,8_21_29_45_92_93_115_116_125,0000000100000000000010000000100000000000000010000000000000000000000000000000000000000000000110000000000000000000001100000000100000000000000,_ _____ _i_________ ___m ____ _ __e__ _ _____ _______n___ ____ ____ _ _____ _ _____ ___________ ____ ___ ___ _ _ug__ __ _____ ___ __ __ ___ __oc____ ____ d______ ________
2070,I hope that one day you will have the experience of doing something you do not understand for someone you love,90,10,13_19_24_31_38_50_68_77_79_88,000000000000100000100001000000100000010000000000010000000000000000010000000010100000000100,_ ____ ____ ___ d__ ___ w___ _a__ ___ _x______c_ __ _____ ___e_____ ___ __ ___ ____r_____ ___ s_m____ ___ _o__
2071,Im not in this world to live up to your expectations and youre not in this world to live up to mine,78,7,12_29_31_36_41_46_61,000000000001000000000000000010100001000010000100000000000000100000000000000000,__ ___ __ ____ w____ __ ____ __ __ __u_ e____t____n_ ___ y____ ___ __ ____ _o___ __ ____ __ __ ____
2072,You forget what you want to remember and you remember what you want to forget,63,4,18_33_34_55,000000000000000001000000000000001100000000000000000000100000000,___ ______ ____ ___ _a__ __ ________ __d y__ ________ ____ ___ ___t __ ______
2073,The soul is healed by being with children,34,6,1_5_8_12_17_32,1000100100010000100000000000000100,T__ _o__ i_ __a___ _y _____ ____ _____r__
2074,Incredible change happens in your life when you decide to take control of what you do have power over instead of craving control over what you dont,121,6,5_9_28_38_50_90,0000100010000000000000000001000000000100000000000100000000000000000000000000000000000000010000000000000000000000000000000,____e___l_ ______ _______ __ __u_ ____ ____ y__ ______ __ _a__ _______ __ ____ ___ __ ____ _____ ____ ______d __ _______ _______ ____ ____ ___ ____
2075,Ive been fighting to be who I am all my life Whats the point of being who I am if I cant have the person who was worth all the fighting for,108,8,13_34_37_75_98_100_101_108,000000000000100000000000000000000100100000000000000000000000000000000000001000000000000000000000010110000001,___ ____ _____i__ __ __ ___ _ __ ___ __ ___e __a__ ___ _____ __ _____ ___ _ __ __ _ ____ ____ ___ p_____ ___ ___ _____ ___ ___ f_gh____ __r
2076,We learn from failure not from success,32,7,1_15_17_19_28_30_32,10000000000000101010000000010101,W_ _____ ____ ___l_r_ n__ ____ __c_e_s
2077,If you want to get laid go to college If you want an education go to the library,63,7,19_24_31_32_35_44_55,000000000000000000100001000000110010000000010000000000100000000,__ ___ ____ __ ___ ____ g_ __ _o_____ _f y__ w___ __ ___c_____ __ __ _h_ _______
2078,If you want a picture of the future imagine a boot stamping on a human facefor ever,67,7,11_16_26_40_41_44_46,0000000000100001000000000100000000000001100101000000000000000000000,__ ___ ____ _ p____r_ __ ___ ___u__ _______ _ ___t s__m_i__ __ _ _____ _______ ____
2079,No great mind has ever existed without a touch of madness,47,6,3_19_30_40_42_43,00100000000000000010000000000100000000010110000,__ g____ ____ ___ ____ e______ ____o__ _ _____ _f _ad____
2080,Most men would rather deny a hard truth than face it,42,5,1_21_30_31_38,100000000000000000001000000001100000010000,M___ ___ _____ ______ __n_ _ ____ __ut_ ____ _a__ __
2081,A paranoid is someone who knows a little of whats going on,47,7,9_14_18_36_37_38_42,00000000100001000100000000000000000111000100000,_ _______d __ __m___e ___ _____ _ ______ __ wha__ _o___ __
2082,Alone Yes thats the key word the most awful word in the English tongue Murder doesnt hold a candle to it and hell is only a poor synonym,109,6,8_18_43_78_101_104,0000000100000000010000000000000000000000001000000000000000000000000000000000010000000000000000000000100100000,_____ __s _____ ___ _e_ ____ ___ ____ _____ ____ __ _h_ _______ ______ ______ ______ ____ _ ___d__ __ __ ___ ____ __ ____ _ __o_ _y_____
2083,Trees that are slow to grow bear the best fruit,38,7,13_14_19_22_34_35_36,00000000000011000010010000000000011100,_____ ____ ___ sl__ __ g__w ____ ___ ____ fru__
2084,The earth has its music for those who will listen,40,5,1_3_10_15_16,1010000001000011000000000000000000000000,T_e _____ _a_ ___ mu___ ___ _____ ___ ____ ______
2085,He felt that his whole life was some kind of dream and he sometimes wondered whose it was and whether they were enjoying it,100,9,5_13_32_43_77_91_93_95_98,0000100000001000000000000000000100000000001000000000000000000000000000000000100000000000001010100100,__ __l_ ____ __s _____ ____ ___ ____ __n_ __ _____ __d __ _________ ________ _____ __ ___ ___ _h_____ ____ ____ e_j_y__g __
2086,Instructions for living a life Pay attention Be astonished Tell about it,61,9,3_10_13_18_21_29_30_45_56,0010000001001000010010000000110000000000000010000000000100000,__s______o__ f__ __v__g _ ____ __y a________ __ ____n_____ ____ _b___ __
2087,there are two types of people in the world those who prefer to be sad among others and those who prefer to be sad alone,95,7,21_22_27_47_57_59_63,00000000000000000000110000100000000000000000001000000000101000100000000000000000000000000000000,_____ ___ ___ _____ __ __op__ __ t__ _____ _____ ___ ____e_ __ __ ___ _m_n_ __h___ ___ _____ ___ ______ __ __ ___ _____
2088,Men go to far greater lengths to avoid what they fear than to obtain what they desire,69,9,8_10_18_39_54_56_59_61_66,000000010100000001000000000000000000001000000000000001010010100001000,___ __ __ f_r _______ l______ __ _____ ____ ___y ____ ____ __ ____i_ w__t _h__ __s___
2089,Shoot for the moon Even if you miss youll land among the stars,50,7,5_6_18_24_26_35_38,00001100000000000100000101000000001001000000000000,____t f__ ___ ____ __e_ __ __u _i__ _____ _a__ a____ ___ _____
2090,Nothing travels faster than the speed of light with the possible exception of bad news which obeys its own special laws,99,9,11_37_39_47_53_56_57_68_97,000000000010000000000000000000000000101000000010000010011000000000010000000000000000000000000000100,_______ ___v___ ______ ____ ___ _____ __ __g_t ____ ___ p_____l_ _xc______ __ __d ____ _____ _____ ___ ___ _______ _a__
2091,A person often meets his destiny on the road he took to avoid it,51,6,3_4_19_23_26_35,001100000000000000100010010000000010000000000000000,_ _er___ _____ _____ _i_ __s__n_ __ ___ __a_ __ ____ __ _____ __
2092,But how could you live and have no story to tell,38,3,6_10_27,00000100010000000000000000100000000000,___ __w ___l_ ___ ____ ___ ____ _o _____ __ ____
2093,Why are you worrying about YOUKNOWWHO when you should be worrying about YOUNOPOO The constipation sensation thats gripping the nation,114,6,19_28_55_80_83_95,000000000000000000100000000100000000000000000000000000100000000000000000000000010010000000000010000000000000000000,___ ___ ___ ________ _b___ _____O____ ____ ___ ______ __ _______g _____ ________ ___ ________t__n _________ __a__ ________ ___ ______
2094,Stars hide your fires Let not light see my black and deep desires,53,8,28_30_33_36_39_41_46_50,00000000000000000000000000010100100100101000010001000,_____ ____ ____ _____ ___ ___ ___h_ s__ m_ _l__k _n_ ___p ___i___
2095,Let the rain kiss you Let the rain beat upon your head with silver liquid drops Let the rain sing you a lullaby,89,6,11_23_49_60_63_79,00000000001000000000001000000000000000000000000010000000000100100000000000000010000000000,___ ___ ____ k___ ___ ___ __e ____ ____ ____ ____ ____ ____ _i____ ______ d__p_ ___ ___ ____ ____ y__ _ _______
2096,When we are young the words are scattered all around us As they are assembled by experience so also are we sentence by sentence until the story takes shape,127,7,4_5_16_28_67_75_115,0001100000000001000000000001000000000000000000000000000000000000001000000010000000000000000000000000000000000000001000000000000,___n w_ ___ _____ _h_ _____ ___ __a______ ___ ______ __ __ ____ ___ _________ __ _x_______e __ ____ ___ __ ________ __ ________ _____ ___ __o__ _____ _____
2097,The water hears and understands The ice does not forgive,47,5,5_9_26_42_44,00001000100000000000000001000000000000000101000,___ _a___ h____ ___ _________d_ ___ ___ ____ ___ _o_g___
2098,Marriage can wait education cannot,30,4,4_15_19_24,000100000000001000100001000000,___r____ ___ ___t ___c____n ______
2099,I write to give myself strength I write to be the characters that I am not I write to explore all the things Im afraid of,96,9,3_13_35_42_47_57_59_61_70,001000000000100000000000000000000010000001000010000000001010100000000100000000000000000000000000,_ _r___ __ ____ m_____ ________ _ _____ __ b_ ___ __a____e__ ____ _ __ n_t _ w____ __ __p____ ___ ___ ______ __ ______ __
2100,You alone are enough You have nothing to prove to anybody,47,5,9_34_36_43_44,00000000100000000000000000000000010100000011000,___ _____ a__ ______ ___ ____ _______ __ p_o__ __ __yb___
2101,It is nothing to die It is frightful not to live,38,5,9_21_22_24_28,00000000100000000000110100010000000000,__ __ ____i__ __ ___ __ __ fr_g___u_ ___ __ ____
2102,She feels in italics and thinks in CAPITALS,36,5,4_16_17_25_30,000100000000000110000000100001000000,___ f____ __ _____cs ___ ____k_ __ _A______
2103,Whoever is careless with the truth in small matters cannot be trusted with important matters,78,8,2_5_13_14_48_53_55_64,010010000000110000000000000000000000000000000001000010100000000100000000000000,_h__v__ __ ___el___ ____ ___ _____ __ _____ _______ ____o_ __ _r_s___ ____ _m_______ _______
2104,There are two ways of spreading light to be the candle or the mirror that receives it,69,7,1_14_19_28_34_62_65,100000000000010000100000000100000100000000000000000000000000010010000,T____ ___ ___ __y_ __ _p_______ _i___ __ b_ ___ ______ __ ___ ______ ____ __c__v__ __
2105,Youll miss the best things if you keep your eyes shut,43,7,4_9_13_19_31_33_42,0001000010001000001000000000001010000000010,___l_ ___s ___ b___ __i___ __ ___ ___p _o__ ____ __u_
2106,Life is either a daring adventure or nothing at all,42,7,3_7_12_14_17_19_32,001000100001010010100000000000010000000000,__f_ __ e____r _ d__i_g _________ __ _o_____ __ ___
2107,You can make anything by writing Writing is like the sunrise you may not see it if you are asleep but it is always happening somewhere in the world,119,6,7_14_32_33_74_89,00000010000001000000000000000001100000000000000000000000000000000000000001000000000000001000000000000000000000000000000,___ ___ m___ ___t____ __ _______ ____in_ __ ____ ___ _______ ___ ___ ___ ___ __ __ ___ ___ _s____ ___ __ __ ___a__ _________ _________ __ ___ _____
2108,You deal with mythological stuff for a few years you learn that paradises are usually places where you get killed,94,9,9_33_37_42_51_72_79_89_94,0000000010000000000000000000000010001000010000000010000000000000000000010000001000000000100001,___ ____ _i__ ____________ _____ ___ _ f__ _e___ _o_ _____ __a_ _________ ___ _______ p_____ _h___ ___ ___ k____d
2109,Dont cry over someone who wouldnt cry over you,38,7,3_8_15_21_24_25_27,00100001000000100000100110100000000000,__n_ ___ o___ ___e___ __o __ul_n_ ___ ____ ___
2110,The impossible could not have happened therefore the impossible must be possible in spite of appearances,89,6,4_11_19_35_39_42,00010000001000000010000000000000001000100100000000000000000000000000000000000000000000000,___ i______b__ _____ n__ ____ ________ _h___f__e ___ __________ ____ __ ________ __ _____ __ ___________
2111,There must be something in books something we cant imagine to make a woman stay in a burning house there must be something there You dont stay for nothing,126,8,17_24_39_54_71_73_87_126,000000000000000010000001000000000000001000000000000001000000000000000010100000000000001000000000000000000000000000000000000001,_____ ____ __ _____h___ __ _o___ _________ __ c___ _______ __ __k_ _ _____ ____ __ _ __r_i__ _____ _____ _u__ __ _________ _____ ___ ____ ____ ___ ______g
2112,If no one cares for you at all do you even really exist,43,7,2_9_11_20_24_38_40,0100000010100000000100010000000000000101000,_f __ ___ _a_e_ ___ ___ _t ___ d_ ___ ____ _____y _x___
2113,Great minds discuss ideas Average minds discuss events Small minds discuss people,70,8,1_8_26_27_36_51_62_67,1000000100000000000000000110000000010000000000000010000000000100001000,G____ __n__ _______ _____ ___ra__ _____ _i_____ ______ ___l_ _____ ____u__ __o___
2114,I opened myself to the gentle indifference of the world,46,5,2_32_39_40_42,0100000000000000000000000000000100000011010000,_ o_____ ______ __ ___ ______ _______r____ __ th_ w____
2115,The thing that makes you exceptional if you are at all is inevitably that which must also make you lonely,86,8,2_6_22_28_33_44_61_83,01000100000000000000010000010000100000000001000000000000000010000000000000000000001000,_h_ __i__ ____ _____ ___ _x_____o___ _f ___ ___ __ __l __ __________ ____ w____ ____ ____ ____ ___ __n___
2116,There is more than one way to burn a book And the world is full of people running about with lit matches,83,8,6_21_24_46_64_79_80_81,00000100000000000000100100000000000000000000010000000000000000010000000000000011100,_____ i_ ____ ____ ___ __y __ b___ _ ____ ___ ___ _____ __ f___ __ ______ ______g _____ ____ ___ __tch__
2117,Fashion is a form of ugliness so intolerable that we have to alter it every six months,70,7,4_6_18_34_42_52_64,0001010000000000010000000000000001000000010000000001000000000001000000,___h_o_ __ _ ____ __ _g______ __ _______a___ ____ w_ ____ __ __t__ __ _____ __x ______
2118,I hate men who are afraid of womens strength,36,7,16_23_24_25_31_32_34,000000000000000100000011100000110100,_ ____ ___ ___ ___ _f____ __ wom___ __re_g__
2119,I want to be in a relationship where you telling me you love me is just a ceremonious validation of what you already show me,100,7,8_16_33_38_44_89_93,0000000100000001000000000000000010000100000100000000000000000000000000000000000000000000100010000000,_ ____ __ b_ __ _ ___a________ _____ ___ t____n_ __ __u ____ __ __ ____ _ ___________ __________ __ ____ ___ _l___d_ ____ __
2120,The mystery of human existence lies not in just staying alive but in finding something to live for,81,10,9_11_36_38_47_52_57_60_69_77,000000001010000000000000000000000001010000000010000100001001000000001000000010000,___ _____r_ o_ _____ _________ ____ ___ __ j_s_ _______ a____ b__ __ f__d___ _____h___ __ __v_ ___
2121,Only a generation of readers will spawn a generation of writers,53,6,4_9_12_20_21_24,00010000100100000001100100000000000000000000000000000,___y _ ___e__t___ __ __ad__s ____ _____ _ __________ __ _______
2122,There are nights when the wolves are silent and only the moon howls,55,6,10_11_22_23_34_43,0000000001100000000001100000000001000000001000000000000,_____ ___ _ig___ ____ ___ wo____ ___ ___e__ ___ ___y ___ ____ _____
2123,I am both happy and sad at the same time and Im still trying to figure out how that could be,72,9,28_34_42_45_48_52_58_62_68,000000000000000000000000000100000100000001001001000100000100010000010000,_ __ ____ _____ ___ ___ __ ___ ____ t___ __d __ _____ t__i__ t_ __g___ __t ___ t___ __u__ __
2124,Courage isnt having the strength to go on it is going on when you dont have strength,68,4,5_15_17_28,00001000000000101000000000010000000000000000000000000000000000000000,____a__ ____ ___i_g ___ _______h __ __ __ __ __ _____ __ ____ ___ ____ ____ ________
2125,Laughter is wine for the soul laughter soft or loud and deep tinged through with seriousness the hilarious declaration made by man that life is worth living,130,9,11_49_55_87_88_91_94_101_105,0000000000100000000000000000000000000000000000001000001000000000000000000000000000000011001001000000100010000000000000000000000000,________ __ w___ ___ ___ ____ ________ ____ __ ____ ___ ___p _____d _______ ____ ___________ ___ ______ou_ _e__a______ m___ b_ ___ ____ ____ __ _____ ______
2126,You can only be young once But you can always be immature,46,7,11_25_26_36_41_45_46,0000000000100000000000001100000000010000100011,___ ___ ____ b_ _____ ____ ___ yo_ ___ _____s __ __m___re
2127,You will lose what you value most so treasure it while you can,50,8,2_16_20_26_30_37_42_48,01000000000000010001000001000100000010000100000100,_o_ ____ ____ ____ y__ _a___ __s_ __ t______e __ __i__ ___ c__
2128,The best way to not feel hopeless is to get up and do something Dont wait for good things to happen to you If you go out and make some good things happen you will fill the world with hope you will fill yourself with hope,175,8,4_6_10_44_53_92_100_142,0001010001000000000000000000000000000000000100000000100000000000000000000000000000000000000100000001000000000000000000000000000000000000000001000000000000000000000000000000000,___ b_s_ __y __ ___ ____ ________ __ __ ___ __ ___ __ __m______ __n_ ____ ___ ____ ______ __ ______ __ ___ __ ___ __ o__ ___ __k_ ____ ____ ______ ______ ___ ____ ____ ___ _____ _i__ ____ ___ ____ ____ ________ ____ ____
2129,If you never did you should These things are fun and fun is good,51,8,2_8_15_28_29_30_32_36,010000010000001000000000000111010001000000000000000,_f ___ __v__ ___ _o_ ______ _____ thi_g_ __e ___ ___ ___ __ ____
2130,It isnt what we say or think that defines us but what we do,46,7,4_7_18_28_32_35_37,0001001000000000010000000001000100101000000000,__ _s__ w___ __ ___ __ t____ ____ _e___e_ _s _u_ ____ __ __
2131,Whenever people agree with me I always feel I must be wrong,48,8,2_11_21_28_32_34_38_42,010000000010000000001000000100010100010001000000,_h______ __o___ _____ _i__ __ _ _l___s _e__ _ m___ b_ _____
2132,All a girl really wants is for one guy to prove to her that they are not all the same,66,9,5_20_22_29_33_50_51_65_66,000010000000000000010100000010001000000000000000011000000000000011,___ _ g___ ______ _____ i_ f__ ___ _u_ __ p____ __ ___ ____ ___y a__ ___ ___ ___ __me
2133,Watch out for intellect because it knows so much it knows nothing and leaves you hanging upside down mouthing knowledge as your heart falls out of your mouth,130,7,34_61_72_91_96_98_125,0000000000000000000000000000000001000000000000000000000000001000000000010000000000000000001000010100000000000000000000000000100000,_____ ___ ___ _________ _______ __ ____s __ ____ __ _____ _______ ___ ___v__ ___ _____n_ ______ ____ _______g ____l_d__ __ ____ _____ _____ ___ __ ___r _____
2134,We do not need magic to transform our world We carry all of the power we need inside ourselves already,83,10,10_14_26_35_42_49_53_68_69_74,00000000010001000000000001000000001000000100000010001000000000000001100001000000000,__ __ ___ __e_ __g__ __ _______r_ ___ ____d __ ____y ___ __ _h_ __w__ __ ____ ______ ou____v__ _______
2135,I know not all that may be coming but be it what it will Ill go to it laughing,60,6,2_3_16_35_41_56,011000000000000100000000000000000010000010000000000000010000,_ kn__ ___ ___ ____ m__ __ ______ ___ __ __ _h__ __ _i__ ___ __ __ __ ___g____
2136,There are moments when troubles enter our lives and we can do nothing to avoid themBut they are there for a reason Only when we have overcome them will we understand why they were there,151,5,41_48_78_84_113,0000000000000000000000000000000000000000100000010000000000000000000000000000010000010000000000000000000000000000100000000000000000000000000000000000000,_____ ___ _______ ____ ________ _____ ___ _____ a__ __ __n __ _______ __ _____ _______ ____ __e _____ f__ _ ______ ____ ____ __ ____ _____o__ ____ ____ __ __________ ___ ____ ____ _____
2137,I got schooled this year by a boy A boy that Im seriously deeply madly incredibly and undeniably in love,85,9,8_13_18_19_43_64_65_67_85,0000000100001000011000000000000000000000001000000000000000000001101000000000000000001,_ ___ ___o____ t___ _ea_ __ _ ___ _ ___ ____ __ ______s__ ______ _____ _______bl_ a__ __________ __ ___e
2138,Its so much darker when a light goes out than it would have been if it had never shone,68,9,7_13_17_25_31_49_55_56_60,00000010000010001000000010000010000000000000000010000011000100000000,___ __ _u__ ___k__ _h__ _ ____t ____ _u_ ____ __ _____ ____ _e__ __ _t h__ _e___ _____
2139,Only you can control your future,27,5,9_13_17_18_27,000000001000100011000000001,____ ___ _a_ __n___l y___ _____e
2140,Do you not see how necessary a world of pains and troubles is to school an intelligence and make it a soul,85,10,3_12_19_21_25_32_38_60_74_75,0010000000010000001010001000000100000100000000000000000000010000000000000110000000000,__ y__ ___ ___ h__ ____s_a__ _ w____ __ p____ _n_ ________ __ __ ______ __ i___________ __d m___ __ _ ____
2141,It is better I think to grab at the stars than to sit flustered because you know you cannot reach them,82,6,10_34_43_44_56_76,0000000001000000000000000000000001000000001100000000000100000000000000000001000000,__ __ _____r _ _____ __ ____ __ ___ _____ _h__ __ ___ _lu______ _____s_ ___ ____ ___ ______ __a__ ____
2142,He who knows all the answers has not been asked all the questions,53,7,1_6_17_18_30_46_51,10000100000000001100000000000100000000000000010000100,H_ ___ k____ ___ ___ an_____ ___ ___ b___ _____ ___ ___ _u____o__
2143,Forgive me for all the things I did but mostly for the ones that I did not,58,6,10_26_27_30_34_40,0000000001000000000000000110010001000001000000000000000000,_______ __ f__ ___ ___ ______ _ di_ _u_ __s___ __r ___ ____ ____ _ ___ ___
2144,The more clearly we can focus our attention on the wonders and realities of the universe about us the less taste we shall have for destruction,117,7,14_37_47_69_75_95_99,000000000000010000000000000000000000100000000010000000000000000000001000001000000000000000000010001000000000000000000,___ ____ ______y __ ___ _____ ___ _________ o_ ___ _____r_ ___ _________ __ ___ ___v____ _b___ __ ___ ____ _____ __ s___l ____ ___ ___________
2145,It stops here With me and you It ends with us,35,5,13_18_27_29_30,00000000000010000100000000101100000,__ _____ ____ _i__ __ a__ ___ __ _n_s w___ __
2146,When I do good I feel good When I do bad I feel bad Thats my religion,53,6,2_5_18_32_46_49,01001000000000000100000000000001000000000000010010000,_h__ I __ ____ _ ____ _o__ ____ _ __ ___ _ f___ ___ _____ __ r__i____
2147,Sometimes love means letting go when you want to hold on tighter,53,6,19_26_33_34_44_50,00000000000000000010000001000000110000000001000001000,_________ ____ _____ l______ g_ ____ _ou ____ __ ___d __ ___h___
2148,There are much worse games to play,28,6,11_12_13_16_24_25,0000000000111001000000011000,_____ ___ __ch w__s_ _____ _o p___
2149,Your assumptions are your windows on the world Scrub them off every once in a while or the light wont come in,88,7,5_8_11_14_28_36_56,0000100100100100000000000001000000010000000000000000000100000000000000000000000000000000,____ a__u__t__n_ ___ ____ _____w_ __ ___ _o___ _____ ____ ___ ____y ____ __ _ _____ __ ___ _____ ____ ____ __
2150,A wellcomposed book is a magic carpet on which we are wafted to a world that we cannot enter in any other way,87,6,2_3_11_25_47_71,011000000010000000000000100000000000000000000010000000000000000000000010000000000000000,_ we_______s__ ____ __ _ ____c ______ __ _____ __ ___ ___t__ __ _ _____ ____ __ ______ _n___ __ ___ _____ ___
2151,To do the useful thing to say the courageous thing to contemplate the beautiful thing that is enough for one mans life,97,6,30_35_36_50_80_92,0000000000000000000000000000010000110000000000000100000000000000000000000000000100000000000100000,__ __ ___ ______ _____ __ ___ ___ ___r____us _____ __ ______p____ ___ _________ _____ ____ __ __o___ ___ ___ __n_ ____
2152,I decided as long as Im going to hell I might as well do it thoroughly,55,4,2_12_47_54,0100000000010000000000000000000000000000000000100000010,_ d______ __ _o__ __ __ _____ __ ____ _ _____ __ ____ __ __ _h______l_
2153,You cant wait for inspiration You have to go after it with a club,52,6,13_35_48_50_51_52,0000000000001000000000000000000000100000000000010111,___ ____ ____ _o_ ___________ ___ ____ __ g_ _____ __ ____ a _lub
2154,We shall meet in the place where there is no darkness,43,3,24_35_36,0000000000000000000000010000000000110000000,__ _____ ____ __ ___ _____ __e__ _____ __ _o d_______
2155,The past is never where you think you left it,36,6,6_12_23_25_30_31,000001000001000000000010100001100000,___ __s_ __ __v__ _____ ___ t_i__ __u l___ __
2156,This is a new year A new beginning And things will change,46,7,3_10_14_20_31_32_41,0010000001000100000100000000001100000000100000,__i_ __ _ __w ___r _ ___ _e_______ ___ th____ ____ c_____
2157,If you have the words theres always a chance that youll find the way,55,7,5_15_16_20_24_34_41,0000100000000011000100010000000001000000100000000000000,__ __u ____ ___ __rd_ __e___ a_____ _ ___n__ ____ y____ ____ ___ ___
2158,Fiction is the lie through which we tell the truth,41,3,17_31_32,00000000000000001000000000000011000000000,_______ __ ___ ___ _h_____ _____ __ _el_ ___ _____
2159,Never miss a good chance to shut up,28,7,3_5_7_14_21_27_28,0010101000000100000010000011,__v_r _i__ _ ___d ______ t_ ____ up
2160,Many people will walk in and out of your life but only true friends will leave footprints in your heart,84,9,11_35_50_62_66_68_71_73_80,000000000010000000000000000000000010000000000000010000000000010001010010100000010000,____ ______ w___ ____ __ ___ ___ __ ____ __f_ ___ ____ ____ __i____ ____ ___v_ __o_p__n_s __ ____ h____
2161,When I look at my life and its secret colours I feel like bursting into tears,62,7,9_10_20_27_29_36_51,00000000110000000001000000101000000100000000000000100000000000,____ _ ___k a_ __ ____ __d ___ ___r_t ______s _ ____ ____ _____i__ ____ _____
2162,My life has a superb cast but I cannot figure out the plot,46,8,9_12_20_26_27_32_41_44,0000000010010000000100000110000100000000100100,__ ____ __s _ _u____ ___t ___ _ _an___ _i____ ___ _h_ _l__
2163,When people say impossible they usually mean improbable,48,8,1_17_21_31_34_39_41_42,100000000000000010001000000000100100001011000000,W___ ______ ___ ___o___b__ ____ ___a__y ____ i_pr______
2164,The thing I realize is that its not what you take its what you leave,54,4,4_6_7_15,000101100000001000000000000000000000000000000000000000,___ t_in_ _ _____z_ __ ____ ___ ___ ____ ___ ____ ___ ____ ___ _____
2165,When you trip over love it is easy to get up But when you fall in love it is impossible to stand again,80,10,2_7_30_38_45_46_60_61_64_67,01000010000000000000000000000100000001000000110000000000000110010010000000000000,_h__ __u ____ ____ ____ __ __ ____ __ g__ __ ___ w___ ___ fa__ __ ____ __ __ _mp__s__l_ __ _____ _____
2166,When you consider things like the stars our affairs dont seem to matter very much do they,73,4,14_17_54_71,0000000000000100100000000000000000000000000000000000010000000000000000100,____ ___ ______e_ _h____ ____ ___ _____ ___ _______ ____ ____ __ m_____ ____ ____ __ _h__
2167,The best way out is always through,28,7,2_4_5_16_17_21_25,0101100000000001100010001000,_h_ be__ ___ ___ __ al___s ___o___
2168,Look at everything always as though you were seeing it either for the first or last time Thus is your time on earth filled with glory,108,7,4_5_19_41_62_79_99,000110000000000000100000000000000000000010000000000000000000010000000000000000100000000000000000001000000000,___k a_ __________ __w___ __ ______ ___ ____ ___i__ __ ______ ___ ___ ____t __ ____ ____ ____ __ y___ ____ __ _____ _____d ____ _____
2169,It is easy in the world to live after the worlds opinion it is easy in solitude to live after our own but the great man is he who in the midst of the crowd keeps with perfect sweetness the independence of solitude,171,10,23_40_67_82_94_96_108_132_144_161,000000000000000000000010000000000000000100000000000000000000000000100000000000000100000000000101000000000001000000000000000000000001000000000001000000000000000010000000000,__ __ ____ __ ___ _____ __ __v_ _____ ___ ______ _p_____ __ __ ____ __ ________ __ _i__ _____ ___ ___ _u_ ___ _____ __n _s __ ___ __ ___ _i___ __ ___ _____ _____ ____ _e_____ ______e__ ___ ___________e __ ________
2170,I am beginning to learn that it is the sweet simple things of life which are the real ones after all,80,8,14_17_32_34_39_51_55_57,00000000000001001000000000000001010000100000000000100010100000000000000000000000,_ __ _________ _o __a__ ____ __ __ ___ _w_e_ ___p__ ______ __ _i__ _h_c_ ___ ___ ____ ____ _____ ___
2171,All thinking men are atheists,25,4,3_6_8_25,0010010100000000000000001,__l __i_k___ ___ ___ _______s
2172,The longer I live the more I observe that carrying around anger is the most debilitating to the person who bears it,94,8,18_23_27_38_48_63_64_79,0000000000000000010000100010000000000100000000010000000000000011000000000000001000000000000000,___ ______ _ ____ ___ m___ _ o___r__ ____ ____y___ ______ a____ __ ___ ____ _eb_________ __ ___ p_____ ___ _____ __
2173,We dream to give ourselves hope To stop dreaming well thats like saying you can never change your fate,84,5,44_51_55_61_84,000000000000000000000000000000000000000000010000001000100000100000000000000000000001,__ _____ __ ____ _________ ____ __ ____ ________ ___l _____ _i__ _a____ _o_ ___ _____ ______ ____ ___e
2174,Behind this mask there is more than just flesh Beneath this mask there is an idea and ideas are bulletproof,88,9,5_17_28_30_34_50_57_70_79,0000100000000000100000000001010001000000000000000100000010000000000001000000001000000000,____n_ ____ ____ __e__ __ ____ __a_ j___ f____ _______ ____ m___ ___r_ __ __ ____ ___ i____ ___ _u_________
2175,There is nothing like looking if you want to find something You certainly usually find something if you look but it is not always quite the something you were after,135,10,12_67_78_85_91_105_107_117_119_128,000000000001000000000000000000000000000000000000000000000000000000100000000001000000100000100000000000001010000000001010000000010000000,_____ __ ____i__ ____ _______ __ ___ ____ __ ____ _________ ___ _________ _____l_ ____ _____h___ __ _o_ ____ b__ __ __ ___ ____y_ q____ ___ __m_t____ ___ _e__ _____
2176,A man is but the product of his thoughts What he thinks he becomes,53,9,2_16_17_39_42_47_50_52_53,01000000000000011000000000000000000000100100001001011,_ m__ __ ___ ___ ___du__ __ ___ ________ ____ __ t__n__ __ b__o_es
2177,Lovers dont finally meet somewhere Theyre in each other all along,55,7,3_12_14_23_30_33_43,0010000000010100000000100000010010000000001000000000000,__v___ ____ _i_a___ ____ _o______e __e___ __ ____ o____ ___ _____
2178,In one aspect yes I believe in ghosts but we create them We haunt ourselves,61,6,8_25_51_53_59_60,0000000100000000000000001000000000000000000000000010100000110,__ ___ __p___ ___ _ _______ __ g_____ ___ __ ______ ____ __ ___n_ o_____ve_
2179,I dont mind making jokes but I dont want to look like one,45,7,10_23_31_32_34_42_44,000000000100000000000010000000110100000001010,_ ____ ____ m_____ _____ __t _ ____ __nt _o ____ ___e _n_
2180,Name the greatest of all inventors Accident,37,8,6_8_9_17_23_27_30_34,0000010110000000100000100010010001000,____ _h_ gr______ _f ___ __v___o__ A___d___
2181,If books could have more give more be more show more they would still need readers who bring to them sound and smell and light and all the rest that cant be in books The book needs you,147,10,2_6_8_47_63_64_84_93_119_128,010001010000000000000000000000000000000000000010000000000000001100000000000000000001000000001000000000000000000000000010000000010000000000000000000,_f ___k_ c____ ____ ____ ____ ____ __ ____ ____ ____ ____ w____ _____ ____ __ad___ ___ _____ __ ____ __u__ ___ ___l_ ___ _____ ___ ___ ___ ____ ___t ____ __ __ b____ ___ ____ _____ ___
2182,Another belief of mine that everyone else my age is an adult whereas I am merely in disguise,75,8,5_25_34_45_46_47_52_64,000010000000000000000000100000000100000000001110000100000000000100000000000,____h__ ______ __ ____ ____ _v______ __s_ __ ___ __ __ adu__ __e____ _ __ ____l_ __ ________
2183,Feminism is the radical notion that women are human beings,49,6,1_14_17_23_45_49,1000000000000100100000100000000000000000000010001,F_______ __ ___ r__i___ __t___ ____ _____ ___ _____ _e___s
2184,Wellread people are less likely to be evil,35,7,1_11_14_20_27_28_34,10000000001001000001000000110000010,W_______ __o__e ___ __s_ _____y t_ __ __i_
2185,I guess thats what saying goodbye is always like like jumping off an edge The worst part is making the choice to do it Once youre in the air theres nothing you can do but let go,141,5,5_16_26_113_133,000010000000000100000000010000000000000000000000000000000000000000000000000000000000000000000000000000000000000010000000000000000000100000000,_ ___s_ _____ ____ s_____ ____b__ __ ______ ____ ____ _______ ___ __ ____ ___ _____ ____ __ ______ ___ ______ __ __ __ ____ _____ __ ___ ___ t_____ _______ ___ ___ _o ___ ___ __
2186,I think there should be a rule that everyone in the world should get a standing ovation at least once in their lives,94,8,16_22_27_30_42_61_64_68,0000000000000001000001000010010000000000010000000000000000001001000100000000000000000000000000,_ _____ _____ ____l_ __ _ _u__ __a_ _v______ __ ___ w____ ______ ___ _ ____d__g ___t___ __ _____ ____ __ _____ _____
2187,What is right is not always popular and what is popular is not always right,61,7,15_17_22_31_32_33_42,0000000000000010100001000000001110000000010000000000000000000,____ __ _____ __ _o_ a____s _______ _nd w___ __ ___u___ __ ___ ______ _____
2188,All our dreams can come true if we have the courage to pursue them,53,6,20_21_30_35_36_40,00000000000000000001100000000100001100010000000000000,___ ___ ______ ___ ____ tr__ __ __ __v_ ___ co___g_ __ ______ ____
2189,Do not set aside your happiness Do not wait to be happy in the future The best time to be happy is always now,86,8,12_16_32_35_46_50_65_79,00000000000100010000000000000001001000000000010001000000000000001000000000000010000000,__ ___ ___ ___d_ __u_ _________ __ ___ w__t __ __ _____ _n ___ f_____ ___ ____ __m_ __ __ _____ __ _l____ ___
2190,For to know a mans library is in some measure to know his mind,49,6,8_9_18_22_27_48,0000000110000000010001000010000000000000000000010,___ __ __ow _ ____ ___r___ i_ __ _o__ _______ __ ____ ___ __n_
2191,Im on a roller coaster that only goes up my friend,40,9,8_12_15_16_20_21_26_27_35,0000000100010011000110000110000000100000,__ __ _ __l___ c__st__ _ha_ ___y g___ __ __ f_____
2192,Maybe this world is another planets hell,34,8,1_3_4_6_9_10_23_34,1011010011000000000000100000000001,M_yb_ t__s w____ __ ______r _______ ___l
2193,Grownups never understand anything by themselves and it is tiresome for children to be always and forever explaining things to them,111,11,4_8_18_21_27_52_56_57_62_99_101,000100010000000001001000001000000000000000000000000100011000010000000000000000000000000000000000001010000000000,___w___s _____ ____r__a__ ___t____ __ __________ ___ __ __ _i___om_ ___ c_______ __ __ ______ ___ _______ _________g _h____ __ ____
2194,If I read a book and it makes my whole body so cold no fire can ever warm me I know that is poetry,75,7,19_20_40_42_53_70_74,000000000000000000110000000000000000000101000000000010000000000000000100010,__ _ ____ _ ____ ___ __ _ak__ __ _____ ____ __ ____ n_ f___ ___ ____ w___ __ _ ____ ____ __ p___r_
2195,The desire to reach for the stars is ambitious The desire to reach hearts is wise,66,7,4_16_17_31_32_34_37,000100000000000110000000000000110100100000000000000000000000000000,___ d_____ __ ____h f__ ___ _____ __ _mb_t__u_ ___ ______ __ _____ ______ __ ____
2196,Children learn more from what you are than what you teach,47,6,6_9_14_15_37_40,00000100100001100000000000000000000010010000000,_____r__ l____ mo__ ____ ____ ___ ___ ____ _h__ y__ _____
2197,I am not what happened to me I am what I choose to become,44,7,12_14_16_17_23_35_41,00000000000101011000001000000000001000001000,_ __ ___ ____ _a_p_ne_ __ __ I __ ____ _ ____s_ __ __c___
2198,Luxury is not a necessity to me but beautiful and good things are,53,6,3_5_6_13_16_37,00101100000010010000000000000000000010000000000000000,__x_ry __ ___ _ n__e_____ __ __ ___ ________l ___ ____ ______ ___
2199,Five exclamation marks the sure sign of an insane mind,45,8,1_14_19_22_26_29_30_42,100000000000010000100100010011000000000001000,F___ _________o_ ___k_ _h_ __r_ _ig_ __ __ ______ m___
2200,Theres a bluebird in my heart that wants to get out But Im too tough for him I say stay in there Im not going to let anybody see you,103,8,2_14_57_72_80_96_97_99,0100000000000100000000000000000000000000000000000000000010000000000000010000000100000000000000011010000,_h____ _ ______r_ __ __ _____ ____ _____ __ ___ ___ ___ __ ___ _____ __r ___ _ ___ ____ __ _h___ __ __t _____ __ ___ _____dy _e_ ___
2201,I know how devastated you must be to miss me but leave a message and Ill try to ease your agony,75,6,1_8_11_14_18_64,100000010010010001000000000000000000000000000000000000000000000100000000000,I ____ __w __v__t___d ___ ____ __ __ ____ __ ___ _____ _ _______ ___ ___ ___ __ _a__ ____ _____
2202,It was a bright cold day in April and the clocks were striking thirteen,58,8,4_9_11_23_29_35_49_57,0001000010100000000000100000100000100000000000001000000010,__ _a_ _ __i_h_ ____ ___ __ _p___ __d ___ __o___ ____ ______n_ ______e_
2203,What is straight A line can be straight or a street but the human heart oh no its curved like a road through mountains,95,9,17_23_30_69_70_83_88_90_95,00000000000000001000001000000100000000000000000000000000000000000000110000000000001000010100001,____ __ ________ _ _i__ ___ b_ _____g__ __ _ ______ ___ ___ _____ _____ __ __ ___ ____ed ____ _ ____ ___o___ _o_n____s
2204,Do not train a child to learn by force or harshness but direct them to it by what amuses their minds so that you may be better able to discover with accuracy the peculiar bent of the genius of each,158,10,2_29_33_90_107_112_114_129_140_143,01000000000000000000000000001000100000000000000000000000000000000000000000000000000000000100000000000000001000010100000000000000100000000001001000000000000000,_o ___ _____ _ _____ __ _____ __ ___c_ __ h________ ___ ______ ____ __ __ __ ____ ______ _____ _____ __ ____ ___ m__ __ ______ ____ __ d____v_r ____ ________ __e ________ __n_ _f ___ ______ __ ____
2205,How do I love thee Let me count the ways I love thee to the depth and breadth and height my soul can reach,83,7,7_25_48_61_64_67_71,00000010000000000000000010000000000000000000000100000000000010010010001000000000000,___ __ _ l___ ____ ___ __ _____ t__ ____ _ ____ ____ __ ___ __p__ ___ _______ a__ h__g__ _y ____ ___ _____
2206,I am a forest and a night of dark trees but he who is not afraid of my darkness will find banks full of roses under my cypresses,101,7,17_20_36_43_60_69_93,00000000000000001001000000000000000100000010000000000000000100000000100000000000000000000000100000000,_ __ _ ______ ___ _ __g__ o_ ____ _____ ___ __ w__ __ __t ______ __ __ ______s_ ____ ___d _____ ____ __ _____ _____ __ c________
2207,Literature is a luxury fiction is a necessity,38,4,14_25_27_30,00000000000001000000000010100100000000,__________ __ _ l_____ _____o_ i_ _ n________
2208,He allowed himself to be swayed by his conviction that human beings are not born once and for all on the day their mothers give birth to them but that life obliges them over and over again to give birth to themselves,175,8,16_33_45_50_87_101_106_136,0000000000000001000000000000000010000000000010000100000000000000000000000000000000000010000000000000100001000000000000000000000000000001000000000000000000000000000000000000000,__ _______ ______f __ __ ______ __ ___ _o________ ___t ____n ______ ___ ___ ____ ____ ___ ___ ___ __ ___ __y _____ _______ _i__ __r__ __ ____ ___ ____ ____ _______ ___m ____ ___ ____ _____ __ ____ _____ __ __________
2209,Of course motivation is not permanent But then neither is bathing but it is something you should do on a regular basis,97,9,2_6_30_42_65_67_72_80_91,0100010000000000000000000000010000000000010000000000000000000000101000010000000100000000001000000,_f ___r__ __________ __ ___ ______e__ ___ ____ __i____ __ _______ ___ __ __ __m_t____ y__ _____d __ __ _ _____a_ _____
2210,Talking to a drunk person was like talking to an extremely happy severely braindamaged threeyearold,85,7,17_19_20_31_35_62_69,0000000000000000101100000000001000100000000000000000000000000100000010000000000000000,_______ __ _ _____ _e_so_ ___ ____ __l___g __ __ _________ _____ ________ b______m____ ____________
2211,I like this place and could willingly waste my time in it,46,4,11_13_17_28,0000000000101000100000000001000000000000000000,_ ____ ____ _l_c_ __d _____ _____n___ _____ __ ____ __ __
2212,The unfed mind devours itself,25,6,6_9_11_15_17_24,0000010010100010100000010,___ __f__ m_n_ __v_u__ ____l_
2213,Believe in your infinite potential Your only limitations are those you set upon yourself,75,7,13_21_29_41_54_56_75,000000000000100000001000000010000000000010000000000001010000000000000000001,_______ __ ___r _______e _______a_ ____ ____ __m________ ___ _h_s_ ___ ___ ____ _______f
2214,Without you in my arms I feel an emptiness in my soul I find myself searching the crowds for your face I know its an impossibility but I cannot help myself,125,8,5_10_20_24_30_34_64_101,00001000010000000001000100000100010000000000000000000000000000010000000000000000000000000000000000001000000000000000000000000,____o__ __u __ __ ____ _ f___ a_ ____i___s __ __ ____ _ ____ ______ _________ _h_ ______ ___ ____ ____ _ ____ ___ __ ________i____ ___ _ ______ ____ ______
2215,With enough courage you can do without a reputation,43,7,15_16_17_19_20_24_43,0000000000000011101100010000000000000000001,____ ______ ____age _ou ___ d_ _______ _ _________n
2216,Imagination is like a muscle I found out that the more I wrote the bigger it got,64,6,4_13_22_46_50_51,0001000000001000000001000000000000000000000001000110000000000000,___g_______ _s ____ _ ___c__ _ _____ ___ ____ ___ ____ _ w___e t__ ______ __ ___
2217,Life is a mirror if you frown at it it frowns back if you smile it returns the greeting,69,9,1_8_30_35_36_39_42_44_60,100000010000000000000000000001000011001001010000000000000001000000000,L___ __ _ m_____ __ ___ _____ __ __ __ f____s b__k __ y_u _____ __ _______ _h_ ________
2218,What draws people to be friends is that they see the same truth They share it,62,9,8_10_14_18_19_20_21_44_49,00000001010001000111100000000000000000000001000010000000000000,____ ___w_ p___l_ __ be fr_____ __ ____ ____ ___ ___ _a__ __u__ ____ _____ __
2219,Now that she had nothing to lose she was free,36,4,16_19_20_32,000000000000000100110000000000010000,___ ____ ___ ___ __t__ng __ ____ ___ __s ____
2220,Nobody gets everything in this life You decide your priorities and you make your choices Id decided long ago that any cake I had would be eaten,117,8,36_44_46_74_91_101_113_115,000000000000000000000000000000000001000000010100000000000000000000000000010000000000000000100000000010000000000010100,______ ____ __________ __ ____ ____ ___ __c___ ____ p_i_______ ___ ___ ____ ____ ______s __ _______ ____ ___ t___ ___ ___e _ ___ _____ __ e_t__
2221,Too many of us are hung up on what we dont have cant have or wont ever have We spend too much energy being down when we could use that same energy if not less of it doing or at least trying to do some of the things we really want to do,183,10,16_20_35_82_97_101_129_146_149_178,000000000000000100010000000000000010000000000000000000000000000000000000000000000100000000000000100010000000000000000000000000001000000000000000010010000000000000000000000000000100000,___ ____ __ __ ___ _u__ _p __ ____ __ ____ __v_ ____ ____ __ ____ ____ ____ __ _____ ___ ____ ______ ___n_ ____ ____ __ ___l_ __e ____ ____ ______ __ ___ ____ __ __ d____ __ __ _____ ___i__ t_ __ ____ __ ___ ______ __ ______ __n_ __ __
2222,It is not the length of life but the depth,33,6,4_13_14_15_18_24,000100000000111001000001000000000,__ _s ___ ___ __ngt_ _f ____ _u_ ___ _____
2223,Real generosity towards the future lies in giving all to the present,57,8,10_12_17_20_25_27_41_43,000000000101000010010000101000000000000010100000000000000,____ _____o_i__ __w__d_ ___ f_t___ ____ __ ____n_ a__ __ ___ _______
2224,Im happy Which often looks like crazy,31,7,3_7_9_18_20_26_29,0010001010000000010100000100100,__ h___y _h___ _____ l_o__ ___e __a__
2225,Death is so terribly final while life is full of possibilities,52,3,29_30_41,0000000000000000000000000000110000000000100000000000,_____ __ __ ________ _____ _____ _if_ __ ____ __ _o___________
2226,The greatness of a nation and its moral progress can be judged by the way its animals are treated,79,10,14_24_33_55_57_58_59_62_66_73,0000000000000100000000010000000010000000000000000000001011100100010000001000000,___ _________ _f _ ______ __d ___ _____ p_______ ___ __ ______ __ _h_ way __s ___m___ ___ t______
2227,She was a genius of sadness immersing herself in it separating its numerous strands appreciating its subtle nuances She was a prism through which sadness could be divided into its infinite spectrum,166,7,61_73_87_98_139_164_166,0000000000000000000000000000000000000000000000000000000000001000000000001000000000000010000000000100000000000000000000000000000000000000001000000000000000000000000101,___ ___ _ ______ __ _______ _________ _______ __ __ __________ ___ _____o__ _______ __p_________ ___ _u____ ______s ___ ___ _ _____ _______ _____ _______ _____ __ __v____ ____ ___ ________ _____r_m
2228,However many holy words you read however many you speak what good will they do you if you do not act on upon them,90,9,3_10_12_14_31_43_46_69_90,001000000101010000000000000000100000000000100100000000000000000000001000000000000000000001,__w____ __n_ h_l_ _____ ___ ____ ___e___ ____ ___ _p__k ____ ____ ____ ____ __ ___ _f ___ __ ___ ___ __ ____ ___m
2229,We dream in our waking moments and walk in our sleep,42,7,16_24_25_29_35_39_42,000000000000000100000001100010000010001001,__ _____ __ ___ ___i__ _____ts ___ w___ __ o__ _l__p
2230,One should always be drunk Thats all that matters But with what With wine with poetry or with virtue as you chose But get drunk,103,7,5_36_69_78_89_97_102,0000100000000000000000000000000000010000000000000000000000000000000010000000010000000000100000001000010,___ _h____ ______ __ _____ _____ ___ ____ _a_____ ___ ____ ____ ____ ____ ____ ____r_ __ ____ _i____ __ ___ _h___ ___ _e_ ___n_
2231,If he loved with all the powers of his puny being he couldnt love as much in eighty years as I could in a day,85,5,25_27_47_65_70,0000000000000000000000001010000000000000000000100000000000000000100001000000000000000,__ __ _____ ____ ___ ___ _____s _f ___ ____ _____ __ _____n_ ____ __ ____ __ ____t_ ___r_ __ _ _____ __ _ ___
2232,Some things in life are out of your control You can make it a party or a tragedy,63,8,1_6_9_13_17_28_44_52,100001001000100010000000000100000000000000010000000100000000000,S___ _h__g_ __ l___ a__ ___ __ ___r _______ ___ ___ __k_ __ _ ___t_ __ _ _______
2233,The sunlight claps the earth and the moonbeams kiss the sea what are all these kissings worth if thou kiss not me,92,9,9_15_20_25_35_59_65_74_91,00000000100000100001000010000000001000000000000000000000001000001000000001000000000000000010,___ _____g__ ___p_ ___ e____ a__ ___ ____b____ ____ ___ ___ ____ ___ __l _____ k_______ _o___ __ ____ ____ ___ m_
2234,The things we love destroy us every time lad Remember that,48,5,4_5_21_31_47,000110000000000000001000000000100000000000000010,___ th____ __ ____ _____o_ __ _____ _i__ ___ ________ __a_
2235,The man who moves a mountain begins by carrying away small stones,54,6,17_18_25_26_33_41,000000000000000011000000110000001000000010000000000000,___ ___ ___ _____ _ _ou_____ _eg___ __ _a______ _w__ _____ ______
2236,Unfortunately the clock is ticking the hours are going by The past increases the future recedes Possibilities decreasing regrets mounting,118,6,5_10_18_27_32_91,0000100001000000010000000010000100000000000000000000000000000000000000000000000000000000001000000000000000000000000000,____r____t___ ___ _l___ __ ___k___ _h_ _____ ___ _____ __ ___ ____ _________ ___ ______ _______ __________i__ __________ _______ ________
2237,Women want love to be a novel Men a short story,37,7,1_7_23_26_29_36_37,1000001000000000000000100100100000011,W____ _a__ ____ __ __ _ ____l __n _ _h___ ___ry
2238,I decided it is better to scream Silence is the real crime against humanity,62,6,20_22_26_29_40_53,00000000000000000001010001001000000000010000000000001000000000,_ _______ __ __ ______ _o _c___m __l____ __ ___ _e__ _____ _____s_ ________
2239,To die its easy But you have to struggle for life,39,6,3_21_22_23_36_38,001000000000000000001110000000000001010,__ d__ ___ ____ ___ ___ __ve t_ ________ ___ l_f_
2240,Music is a higher revelation than all Wisdom Philosophy,47,8,2_5_11_16_35_37_41_47,01001000001000010000000000000000001010001000001,_u__c __ _ __g___ _e________ ____ ___ ___d_m ___l_____y
2241,There is nothing more deceptive than an obvious fact,44,8,11_12_17_27_35_38_39_40,00000000001100001000000000100000001001110000,_____ __ ___hi__ __r_ ________e ____ __ _b__ous ____
2242,If theres one thing Ive learned its this We all want everything to be okay We dont even wish so much for fantastic or marvelous or outstanding We will happily settle for okay because most of the time okay is enough,174,9,3_47_99_132_140_144_150_155_170,001000000000000000000000000000000000000000000010000000000000000000000000000000000000000000000000001000000000000000000000000000000001000000010001000001000010000000000000010000,__ t_____ ___ _____ ___ _______ ___ ____ __ ___ ____ ____y_____ __ __ ____ __ ____ ____ ____ __ ____ ___ _________ __ ____e____ __ ___________ __ ____ _______ __t___ ___ _k__ _e_____ m___ _f ___ ____ ____ __ _n____
2243,The role of a writer is not to say what we can all say but what we are unable to say,64,6,6_9_33_48_54_64,0000010010000000000000000000000010000000000000010000010000000001,___ __l_ _f _ ______ __ ___ __ ___ ____ __ c__ ___ ___ ___ ___t __ ___ u_____ __ __y
2244,Nothing takes the taste out of peanut butter quite like unrequited love,60,6,3_12_14_49_56_59,001000000001010000000000000000000000000000000000100000010010,__t____ ____s _h_ _____ ___ __ ______ ______ _____ ____ __r______d __v_
2245,You get what anybody gets you get a lifetime,36,8,3_11_12_17_18_27_31_35,001000000011000011000000001000100010,__u ___ ____ an____y g___ ___ __t _ __f___m_
2246,Being with you never felt wrong Its the one thing I did right Youre the one thing I did right,74,7,10_20_22_30_36_45_64,00000000010000000001010000000100000100000000100000000000000000010000000000,_____ ____ y__ _____ __l_ w____ ___ t__ ___ t____ _ ___ r____ _____ ___ ___ ___n_ _ ___ _____
2247,That which you believe becomes your world,35,8,1_3_5_8_9_17_29_34,10101001100000001000000000001000010,T_a_ w__ch ___ ____e__ _______ __u_ ___l_
2248,I love you as certain dark things are loved secretly between the shadow and the soul,69,6,17_54_56_67_68_69,000000000000000010000000000000000000000000000000000001010000000000111,_ ____ ___ __ ______n ____ ______ ___ _____ ________ _______ ___ s_a___ ___ ___ _oul
2249,People speak sometimes about the bestial cruelty of man but that is terribly unjust and offensive to beasts no animal could ever be so cruel as a man so artfully so artistically cruel,151,10,6_11_60_64_105_117_128_138_142_145,0000010000100000000000000000000000000000000000000000000000010001000000000000000000000000000000000000000010000000000010000000000100000000010001001000000,_____e ____k _________ _____ ___ _______ _______ __ ___ ___ ____ __ ___r___y ______ ___ _________ __ ______ __ ______ _____ _v__ __ __ _____ a_ _ ___ __ ___f____ __ ___i___c__l_ _____
2250,When you read a book you hold anothers mind in your hands,46,5,25_27_33_34_41,0000000000000000000000001010000011000000100000,____ ___ ____ _ ____ ___ ____ _n_t____ _in_ __ ___r _____
2251,The most terrible poverty is loneliness and the feeling of being unloved,61,8,13_38_41_45_54_57_58_61,0000000000001000000000000000000000000100100010000000010011001,___ ____ _____b__ _______ __ __________ ___ t__ f___i__ __ ____g __lo__d
2252,I never forget a face but in your case Ill be glad to make an exception,56,8,8_10_18_25_29_34_45_50,00000001010000000100000010001000010000000000100001000000,_ _____ _o_g__ _ ____ b__ __ __u_ __s_ ___ b_ ____ __ ___e __ __c______
2253,The mountains are calling and I must go,32,6,2_4_5_7_14_25,01011010000001000000000010000000,_h_ mo_n_____ _r_ _______ __d _ ____ __
2254,Always be a first rate version of yourself and not a second rate version of someone else,72,8,10_22_30_53_54_64_66_67,000000000100000000000100000001000000000000000000000011000000000101100000,______ __ _ f____ ____ ___s___ __ __u_____ ___ ___ _ ______ ____ ve_____ __ __m_on_ ____
2255,If you are a student you should always get a good nights sleep unless you have come to the good part of your book and then you should stay up all night and let your schoolwork fall by the wayside a phrase which means flunk,178,9,5_24_41_66_77_78_122_126_149,0000100000000000000000010000000000000000100000000000000000000000010000000000110000000000000000000000000000000000000000000100010000000000000000000000100000000000000000000000000000,__ __u ___ _ _______ ___ ____l_ ______ ___ _ ____ _i____ _____ ______ ___ ____ __m_ __ ___ ____ pa__ __ ____ ____ ___ ____ ___ ______ ____ __ ___ _____ _n_ __t ____ __________ ____ __ __e _______ _ ______ _____ _____ _____
2256,If you win you need not have to explain If you lose you should not be there to explain,68,5,32_33_42_63_65,00000000000000000000000000000001100000000100000000000000000000101000,__ ___ ___ ___ ____ ___ ____ __ _______ If ___ ____ _o_ ______ ___ __ _____ __ _x_l___
2257,Let no one ever come to you without leaving better and happier Be the living expression of Gods kindness kindness in your face kindness in your eyes kindness in your smile,141,11,10_22_27_36_64_69_76_83_85_103_104,000000000100000000000100001000000001000000000000000000000000000100001000000100000010100000000000000000110000000000000000000000000000000000000,___ __ ___ _v__ ____ __ ___ w____u_ _______ b_____ ___ _______ __ ___ ______ _x____s___ __ _o__ ____n_s_ ________ __ ____ __ce ________ __ ____ ____ ________ __ ____ _____
2258,Adults are always asking little kids what they want to be when they grow up cause theyre looking for ideas,87,9,2_32_33_46_64_76_78_80_86,010000000000000000000000000000011000000000000100000000000000000100000000000101010000010,_d____ ___ ______ ______ ______ ____ wh__ ____ ____ __ b_ ____ ____ ____ __ __u__ ______ ___k_n_ f__ ___a_
2259,As long as she thinks of a man nobody objects to a woman thinking,52,8,3_5_6_29_31_32_43_45,0010110000000000000000000000101100000000001010000000,__ l_ng __ ___ ______ __ _ ___ _____y _bj____ __ _ ___a_ t_______
2260,I guess by now I should know enough about loss to realize that you never really stop missing someone you just learn to live around the huge gaping hole of their absence,137,12,14_18_69_85_86_90_91_94_99_116_132_136,00000000000001000100000000000000000000000000000000000000000000000000100000000000000011000110010000100000000000000001000000000000000100010,_ _____ __ ___ _ _h___d ____ ______ _____ ____ __ _______ ____ ___ _____ ______ ____ m______ _______ __u j___ le__n __ __v_ ______ ___ ____ __p___ ____ __ _____ _b___c_
2261,But I believe in true love you know I dont believe that everybody gets to keep their eyes or not get sick or whatever but everybody should have true love and it should last at least as long as your life does,166,9,54_64_76_79_85_88_110_131_134,0000000000000000000000000000000000000000000000000000010000000001000000000001001000001001000000000000000000000100000000000000000000100100000000000000000000000000000000,___ _ _______ __ ____ ____ ___ ____ _ ____ _______ ____ _________ g___ __ ____ t____ ____ __ _o_ _e_ ____ o_ _h______ ___ _________ ___u__ ____ ____ ____ ___ __ _h__l_ ____ __ _____ __ ____ __ ____ ____ ____
2262,A concept is a brick It can be used to build a courthouse of reason Or it can be thrown through the window,84,9,7_12_16_20_31_44_47_79_80,000000100001000100010000000000100000000000010010000000000000000000000000000000110000,_ _____p_ __ _ b___k __ _a_ __ ____ __ _u___ _ ________s_ _f ______ __ __ ___ __ ______ _______ ___ wi____
2263,She looked at nice young men as if she could smell their stupidity,54,9,5_7_16_27_31_39_45_47_51,000010100000000100000000001000100000001000001010001000,___ _o_k__ __ ____ y____ ___ __ _f ___ c____ ___l_ ____r _t___d___
2264,Sometimes the best way to help someone is just to be near them,50,6,4_6_22_24_36_45,00010100000000000000010100000000000100000000100000,___e_i___ ___ ____ ___ __ h_l_ _______ __ _u__ __ __ __a_ ____
2265,A short story is a different thing altogether a short story is like a quick kiss in the dark from a stranger,87,9,7_18_28_59_60_70_72_78_87,000000100000000001000000000100000000000000000000000000000011000000000101000001000000001,_ _____ s____ __ _ ___f_____ ____g __________ _ _____ _____ __ ____ _ __ic_ ____ __ __e _a__ ___m _ _______r
2266,In the world I am always a stranger I do not understand its language It does not understand my silence,83,8,4_6_15_18_26_27_33_45,00010100000000100100000001100000100000000000100000000000000000000000000000000000000,__ _h_ w____ _ __ _l__y_ _ _____ge_ _ __ _o_ __________ i__ ________ __ ____ ___ __________ __ _______
2267,I dont know whats worse to not know what you are and be happy or to become what youve always wanted to be and feel alone,95,9,6_16_17_33_55_65_70_82_84,00000100000000011000000000000000100000000000000000000010000000001000010000000000010100000000000,_ ____ k___ _____ _or__ __ ___ ____ ____ y__ ___ ___ __ _____ __ __ __c___ ____ __u__ __w___ ______ __ b_ a__ ____ _____
2268,Lord what fools these mortals be,27,6,4_6_7_16_20_24,000101100000000100010001000,___d _ha_ _____ __e__ _o___l_ __
2269,If you are distressed by anything external the pain is not due to the thing itself but to your estimate of it and this you have the power to revoke at any moment,129,9,23_26_33_36_58_68_75_101_117,000000000000000000000010010000001001000000000000000000000100000000010000001000000000000000000000000010000000000000001000000000000,__ ___ ___ __________ __ __y__i__ ____r__l ___ ____ __ ___ ___ __ ___ _h___ ______ b__ __ __u_ ________ __ __ ___ ____ ___ __v_ ___ _____ __ ____k_ __ ___ ______
2270,My religion is very simple My religion is kindness,42,6,3_4_6_13_19_31,001101000000100000100000000000100000000000,__ re_i____ __ v___ __m___ __ ______o_ __ ________
2271,After a good dinner one can forgive anybody even ones own relations,56,6,23_26_40_47_50_53,00000000000000000000001001000000000000010000001001001000,_____ _ ____ ______ ___ ___ f__g___ _______ ___n ____ __n __l__i___
2272,Sometimes you lose a battle But mischief always wins the war,50,6,1_30_34_37_45_50,10000000000000000000000000000100010010000000100001,S________ ___ ____ _ ______ ___ ___c___f __w___ ____ t__ __r
2273,To survive you must tell stories,27,5,5_8_10_12_23,000010010101000000000010000,__ __r__v_ y_u ____ ____ __o____
2274,Life before Death Strength before Weakness Journey before Destination,61,9,21_23_28_30_33_36_40_42_51,0000000000000000000010100001010010010001010000000010000000000,____ ______ _____ _____g_h ____r_ W__k__s_ __u_n__ ______ D__________
2275,This is where it all begins Everything starts here today,47,7,3_17_21_24_32_38_44,00100000000000001000100100000001000001000001000,__i_ __ _____ __ ___ b___n_ _v_______g _____s ____ _o___
2276,Reading is like thinking like praying like talking to a friend like expressing your ideas like listening to other peoples ideas like listening to music like looking at the view like taking a walk on the beach,172,7,1_59_114_116_125_135_172,1000000000000000000000000000000000000000000000000000000000100000000000000000000000000000000000000000000000000000010100000000100000000010000000000000000000000000000000000001,R______ __ ____ ________ ____ _______ ____ _______ __ _ ______ ____ __p_______ ____ _____ ____ _________ __ _____ _______ _____ ____ __s_e____ __ __s__ ____ ___k___ __ ___ ____ ____ ______ _ ____ __ ___ ____h
2277,The easy confidence with which I know another mans religion is folly teaches me to suspect that my own is also,90,10,7_13_18_39_40_49_54_59_65_69,000000100000100001000000000000000000001100000000100001000010000010001000000000000000000000,___ ___y _____d____ w___ _____ _ ____ _______ ma__ ______o_ __ _o___ _e_____ m_ __ s______ ____ __ ___ __ ____
2278,Im not a religious person but I do sometimes think God made you for me,56,9,8_9_22_24_34_35_38_47_50,00000001100000000000010100000000011001000000001001000000,__ ___ _ _el______ ______ b_t _ __ ______me_ _h___ ___ __d_ _o_ ___ __
2279,We dont need a list of rights and wrongs tables of dos and donts we need books time and silence Thou shalt not is soon forgotten but Once upon a time lasts forever,131,7,13_21_31_48_65_69_104,00000000000010000000100000000010000000000000000100000000000000001000100000000000000000000000000000000001000000000000000000000000000,__ ____ ____ _ _i__ __ ___h__ ___ ____g_ ______ __ ___ ___ _o___ __ ____ _____ __m_ __d _______ ____ _____ ___ __ ____ _________ b__ ____ ____ _ ____ _____ _______
2280,I want everyone to meet you Youre my favorite person of all time,52,6,30_35_39_48_51_52,0000000000000000000000000000010000100010000000010011,_ ____ ________ __ ____ ___ _____ __ f____i__ _e____ __ __l __me
2281,It is better to offer no excuse than a bad one,36,7,1_15_17_23_27_28_35,100000000000001010000010001100000010,I_ __ ______ __ __f_r __ ___u__ _ha_ _ ___ _n_
2282,So we shall let the reader answer this question for himself who is the happier man he who has braved the storm of life and lived or he who has stayed securely on shore and merely existed,150,9,18_26_45_82_97_108_119_140_143,000000000000000001000000010000000000000000001000000000000000000000000000000000000100000000000000100000000001000000000010000000000000000000010010000000,__ __ _____ ___ ___ __a___ ____e_ ____ ________ ___ __m____ ___ __ ___ _______ ___ __ ___ ___ ______ t__ _____ __ ____ _n_ _____ __ __ w__ ___ _____d ________ __ _____ ___ __r__y _______
2283,You never know what life is like until you have lived it,45,6,1_3_9_12_29_43,101000001001000000000000000010000000000000100,Y_u _____ k__w ____ ____ __ ____ __t__ ___ ____ ____d __
2284,There is a saying in Tibetan Tragedy should be utilized as a source of strength No matter what sort of difficulties how painful experience is if we lose our hope thats our real disaster,152,9,37_43_60_75_87_89_120_123_149,00000000000000000000000000000000000010000010000000000000000100000000000000100000000000101000000000000000000000000000000100100000000000000000000000001000,_____ __ _ ______ __ _______ _______ ______ b_ ____i___ __ _ ______ __ __r_____ __ ______ _h__ ____ __ ___f_c______ ___ _______ __________ __ __ w_ _o__ ___ ____ _____ ___ ____ ____s___
2285,I feel like someone breathed new air into my lungs I am not Abnegation I am not Dauntless I am Divergent,84,10,1_8_27_34_36_52_69_78_82_83,100000010000000000000000001000000101000000000000000100000000000000001000000001000110,I ____ __k_ _______ ________ __w ___ ___o _y _____ _ __ ___ ____g_____ _ __ ___ _____l___ _ __ __v___en_
2286,Crows remember human faces They remember the people who feed them who are kind to them And the people who wrong them too They dont forget They tell each other who to look after and who to watch out for,162,10,5_15_21_32_64_79_81_88_91_98,000010000000001000001000000000010000000000000000000000000000000100000000000000101000000100100000010000000000000000000000000000000000000000000000000000000000000000,____s ________ _u___ __c__ ____ ____m___ ___ ______ ___ ____ ____ ___ ___ __n_ __ ____ ___ ___ _e_p__ ___ _r__g ____ __o ____ ____ ______ ____ ____ ____ _____ ___ __ ____ _____ ___ ___ __ _____ ___ ___
2287,No one is useless in this world who lightens the burdens of another,55,8,5_8_15_21_22_29_36_40,0000100100000010000011000000100000010001000000000000000,__ __e __ u______ i_ ____ wo___ ___ l______s ___ b______ __ _______
2288,Throw your dreams into space like a kite and you do not know what it will bring back a new life a new friend a new love a new country,104,9,4_21_23_34_45_50_63_80_102,00010000000000000000101000000000010000000000100001000000000000100000000000000001000000000000000000000100,___o_ ____ ______ ____ _p_c_ ____ _ ____ a__ ___ __ ___ k___ _h__ __ ____ ____g ____ _ ___ ____ _ ___ f_____ _ ___ ____ _ ___ ____t__
2289,Its only those who do nothing that make no mistakes I suppose,50,5,25_33_36_38_47,00000000000000000000000010000000100101000000001000,___ ____ _____ ___ __ _______ t___ ____ n_ _i_t____ _ ___p___
2290,I hope you find someone you cant live without I really do And I hope you never have to know what its like to have to try and live without them,112,8,4_5_42_46_72_74_84_86,0001100000000000000000000000000000000000010001000000000000000000000000010100000000010100000000000000000000000000,_ __pe ___ ____ _______ ___ ____ ____ _______ _ ___l__ _o ___ _ ____ ___ _____ ____ __ ___w _h__ ___ ____ t_ h___ __ ___ ___ ____ _______ ____
2291,There are perhaps many causes worth dying for but to me certainly there are none worth killing for,81,9,1_16_22_31_37_39_51_54_79,100000000000000100000100000000100000101000000000001001000000000000000000000000100,T____ ___ _______ m___ __u___ _____ d____ _o_ b__ __ __ _____i__y _____ ___ ____ _____ _______ f__
2292,The mind I love must have wild places,30,5,7_8_14_16_30,000000110000010100000000000001,___ ___d I ____ _u_t ____ ____ _____s
2293,Ask for what you want and be prepared to get it,37,9,2_11_12_19_21_27_33_36_37,0100000000110000001010000010000010011,_s_ ___ ____ yo_ ____ _n_ b_ ____a___ __ g__ it
2294,Every weirdo in the world is on my wavelength,37,6,2_3_10_20_23_27,0110000001000000000100100010000000000,_ve__ ____d_ __ ___ ___l_ _s __ _y __________
2295,Happiness is not the absence of problems its the ability to deal with them,61,7,2_27_28_30_46_48_55,0100000000000000000000000011010000000000000001010000001000000,_a_______ __ ___ ___ _______ __ pr_b____ ___ ___ _____t_ t_ ____ _i__ ____
2296,To give pleasure to a single heart by a single act is better than a thousand heads bowing in prayer,80,9,5_7_19_22_23_30_61_62_69,00001010000000000010011000000100000000000000000000000000000011000000100000000000,__ __v_ p_______ __ _ _i__le _____ _y _ ______ ___ __ ______ ____ _ _______d h____ __w___ __ ______
2297,What is that feeling when youre driving away from people and they recede on the plain till you see their specks dispersing its the toohuge world vaulting us and its goodbye But we lean forward to the next crazy venture beneath the skies,194,12,5_11_42_72_96_99_114_115_123_144_168_169,00001000001000000000000000000000000000000100000000000000000000000000000100000000000000000000000100100000000000000110000000100000000000000000000100000000000000000000000110000000000000000000000000,____ i_ ____ f______ ____ _____ _______ ____ ____ p_____ ___ ____ ______ __ ___ _____ _i__ ___ ___ _____ ______ ____e__i__ ___ ___ ______e w____ ___l____ __ ___ ___ _______ _u_ __ ____ _______ __ ___ ____ cr___ _______ _______ ___ _____
2298,I am broken and healing but every piece of my heart belong to you,52,10,5_8_12_16_24_31_34_37_45_47,0000100100010001000000010000001001001000000010100000,_ __ _r__e_ __d ___l___ ___ _v___ ___c_ _f __ h____ ___o_g __ ___
2299,Whats terrible is to pretend that secondrate is firstrate To pretend that you dont need love when you do or you like your work when you know quite well youre capable of better,143,6,30_42_49_107_111_141,00000000000000000000000000000100000000000100000010000000000000000000000000000000000000000000000000000000001000100000000000000000000000000000100,_____ ________ __ __ _______ ____ _e________ __ _i______e __ _______ ____ ___ ____ ____ ____ ____ ___ __ __ ___ ____ ____ ____ ___n ___ k___ _____ ____ _____ _______ __ ___t__
2300,When Im good Im very good but when Im bad Im better,40,7,15_18_19_24_29_35_36,0000000000000010011000010000100000110000,____ __ ____ __ __r_ _oo_ ___ w___ _m ___ __ be____
2301,True friends are always together in spirit,36,5,6_7_9_17_32,000001101000000010000000000000010000,____ _ri_n__ ___ __w___ ________ __ _p____
2302,Poetry is what gets lost in translation,33,6,2_3_13_24_26_31,011000000000100000000001010000100,_oe___ __ ____ g___ ____ __ _r_n____i__
2303,Others have seen what is and asked why I have seen what could be and asked why not,65,5,4_5_28_31_60,00011000000000000000000000010010000000000000000000000000000100000,___er_ ____ ____ ____ __ ___ ____d __y _ ____ ____ ____ _____ __ ___ _____ w__ ___
2304,If I am not good to myself how can I expect anyone else to be good to me,55,7,15_19_29_30_43_44_51,0000000000000010001000000000110000000000001100000010000,__ _ __ ___ ____ __ m___l_ ___ ___ _ _xp___ ______ ___e t_ __ ___d __ __
2305,Learn the rules break the rules make up new rules break the new rules,56,4,1_6_16_53,10000100000000010000000000000000000000000000000000001000,L____ t__ _____ __e__ ___ _____ ____ __ ___ _____ _____ ___ ___ _u___
2306,We do not remember days we remember moments,36,4,1_22_27_31,100000000000000000000100001000100000,W_ __ ___ ________ ____ __ r____b__ _o_____
2307,Im afraid that sometimes youll play lonely games too Games you cant win cause youll play against you,83,7,6_13_20_29_54_60_69,00000100000010000001000000001000000000000000000000000100000100000000100000000000000,__ ___a__ ____ s______e_ _____ __a_ ______ _____ ___ _____ ___ _a__ ___ c____ ____l ____ _______ ___
2308,Morality is simply the attitude we adopt towards people we personally dislike,66,8,2_14_18_20_21_55_58_59,010000000000010001011000000000000000000000000000000000100110000000,_o______ __ ___p__ _h_ at______ __ _____ _______ ______ __ _____n__ly _______
2309,May your trails be crooked winding lonesome dangerous leading to the most amazing view,73,7,13_16_49_51_53_54_59,0000000000001001000000000000000000000000000000001010110000100000000000000,___ ____ _____s __ c______ _______ ________ _________ __a_i_g t_ ___ m___ _______ ____
2310,Life has no remote Get up and change it yourself,39,9,3_12_14_22_23_24_25_26_30,001000000001010000000111110001000000000,__f_ ___ __ __m_t_ ___ __ _nd cha___ i_ ________
2311,To lose balance sometimes for love is part of living a balanced life,56,6,5_18_32_43_46_51,00001000000000000100000000000001000000000010010000100000,__ __s_ _______ ____t____ ___ ____ __ p___ __ _____g _ _a____e_ ____
2312,I am going to take this bucket of water and pour it on the flames of hell and then I am going to use this torch to burn down the gates of paradise so that people will not love God for want of heaven or fear of hell but because He is God,184,10,20_22_27_49_60_84_118_131_136_174,0000000000000000000101000010000000000000000000001000000000010000000000000000000000010000000000000000000000000000000001000000000000100001000000000000000000000000000000000000010000000000,_ __ _____ __ ____ ____ _u_k__ __ w____ ___ ____ __ __ ___ ___m__ __ ____ __d ____ _ __ _____ __ ___ ____ __r__ __ ____ ____ ___ _____ __ ________ __ _h__ ______ ____ n__ __v_ ___ ___ ____ __ ______ __ ____ __ ____ ___ ___a___ __ __ ___
2313,I think and think and think Ive thought myself out of happiness one million times but never once into it,85,8,10_17_19_28_33_45_46_68,0000000001000000101000000001000010000000000011000000000000000000000100000000000000000,_ _____ ___ t____ __d _h___ ___ __o____ m_____ ___ __ _ap______ ___ _______ _____ b__ _____ ____ ____ __
2314,Never let anyone make you feel ordinary,33,5,3_4_6_17_28,001101000000000010000000000100000,__ve_ l__ ______ __k_ ___ ____ __d_____
2315,Whenever you think or you believe or you know youre a lot of other people but the moment you feel youre nobody but yourself,100,8,1_27_36_38_58_69_90_99,1000000000000000000000000010000000010100000000000000000001000000000010000000000000000000010000000010,W_______ ___ _____ __ ___ _____v_ __ ___ __o_ y____ _ ___ __ _____ ____l_ ___ ___ ___e__ ___ ____ _____ ______ b__ ______l_
2316,Man when you lose your laugh you lose your footing,41,7,8_18_20_23_25_38_39,00000001000000000101001010000000000001100,___ ____ y__ ____ ___r _a__h _o_ ____ ____ ___ti__
2317,When we are children we seldom think of the future This innocence leaves us free to enjoy ourselves as few adults can The day we fret about the future is the day we leave our childhood behind,155,10,1_30_57_71_77_85_92_99_112_144,10000000000000000000000000000100000000000000000000000000100000000000001000001000000010000001000000100000000000010000000000000000000000000000000100000000000,W___ __ ___ ________ __ ______ ____k __ ___ ______ ____ _________ __a___ __ ____ __ __j__ ___s_____ __ f__ ____t_ ___ __e ___ __ ____ ___u_ ___ ______ __ ___ ___ __ _____ ___ ___l_____ ______
2318,The starting point of all achievement is DESIRE Keep this constantly in mind Weak desire brings weak results just as a small fire makes a small amount of heat,130,10,21_27_44_58_69_79_93_106_127_129,0000000000000000000010000010000000000000000100000000000001000000000010000000001000000000000010000000000001000000000000000000001010,___ ________ _____ __ __l _____v_____ __ ______ ___p ____ _________y __ ____ ____ d_____ ____g_ ____ _______ _u__ __ _ _____ __r_ _____ _ _____ ______ __ h_a_
2319,Youre something between a dream and a miracle,38,8,1_3_15_19_20_30_31_38,10100000000000100011000000000110000001,Y_u__ _________ b___ee_ _ _____ __d a ______e
2320,Never leave a friend behind Friends are all we have to get us through this life and they are the only things from this world that we could hope to see in the next,129,6,24_25_60_65_97_99,000000000000000000000001100000000000000000000000000000000001000010000000000000000000000000000000101000000000000000000000000000000,_____ _____ _ ______ ______ Fr_____ ___ ___ __ ____ __ ___ __ _______ ___s ____ a__ ____ ___ ___ ____ ______ ____ ____ _o_l_ ____ __ _____ ____ __ ___ __ ___ ____
2321,When things break its not the actual breaking that prevents them from getting back together again Its because a little piece gets lost the two remaining ends couldnt fit together even if they wanted to The whole shape has changed,190,11,1_15_44_56_60_76_92_123_162_186_190,1000000000000010000000000000000000000000000100000000000100010000000000000001000000000000000100000000000000000000000000000010000000000000000000000000000000000000010000000000000000000000010001,W___ ______ ____k ___ ___ ___ ______ ________ ____ _r______ ____ _r__ _e_____ ____ ______e_ _____ ___ ______e _ ______ _____ ____ ____ ___ ___ ____i____ ____ _______ ___ ________ ____ __ ____ __n___ __ ___ _____ _____ ___ __a___d
2322,The sad truth is the truth is sad,26,2,19_20,00000000000000000011000000,___ ___ _____ __ ___ __ut_ __ ___
2323,Help others without any reason and give without the expectation of receiving anything in return,81,8,12_16_29_30_45_48_56_67,000000000001000100000000000011000000000000001001000000010000000000100000000000000,____ ______ _i___u_ ___ ______ __d g___ _______ ___ _x__c______ _f _________ _n______ __ ______
2324,Not everything that is faced can be changed but nothing can be changed until it is faced,72,8,8_13_15_42_59_60_63_68,000000010000101000000000000000000000000001000000000000000011001000010000,___ ____y____g _h__ __ _____ ___ __ _______ ___ __t____ ___ __ _______ un__l __ __ f____
2325,Dont waste your love on somebody who doesnt value it,43,6,9_13_15_22_24_28,0000000010001010000001010001000000000000000,____ ____e ___r _o__ __ __m_b___ w__ ______ _____ __
2326,Poetry is what happens when nothing else can,37,5,4_5_14_20_25,0001100000000100000100001000000000000,___tr_ __ ____ _a_____ w___ _o_____ ____ ___
2327,It may help to understand human affairs to be clear that most of the great triumphs and tragedies of history are caused not by people being fundamentally good or fundamentally bad but by people being fundamentally people,184,8,19_75_78_93_133_137_144_181,0000000000000000001000000000000000000000000000000000000000000000000000000010010000000000000010000000000000000000000000000000000000001000100000010000000000000000000000000000000000001000,__ ___ ____ __ _______a__ _____ _______ __ __ _____ ____ ____ __ ___ _____ ________ ___ ___g__i__ __ _______ ___ c_____ ___ __ ______ _____ _____________ ____ _r ___d______l__ ___ ___ __ ______ _____ _____________ __o___
2328,You have everything needed for the extravagant journey that is your life,61,6,14_15_31_38_48_58,0000000000000110000000000000001000000100000000010000000001000,___ ____ ______hi__ ______ ___ ___ _x______a__ _______ t___ __ ____ l___
2329,Love makes your soul crawl out from its hiding place,43,8,3_5_10_16_18_19_23_33,0010100001000001011000100000000010000000000,__v_ m____ y___ __u_ cr___ o__ ____ ___ h_____ _____
2330,I dont want to be married just to be married I cant think of anything lonelier than spending the rest of my life with someone I cant talk to or worse someone I cant be silent with,143,6,44_50_52_80_112_139,00000000000000000000000000000000000000000001000001010000000000000000000000000001000000000000000000000000000000010000000000000000000000000010000,_ ____ ____ __ __ _______ ____ __ __ _______ _ ____ ___n_ __ __y_h___ ________ ____ ________ ___ _e__ __ __ ____ ____ _______ _ ____ ____ _o __ _____ _______ _ ____ __ _____t ____
2331,I just want you to know that youre very special and the only reason Im telling you is that I dont know if anyone else ever has,100,10,6_28_34_35_36_57_66_74_83_86,0000010000000000000000000001000001110000000000000000000010000000010000000100000000100100000000000000,_ ____ w___ ___ __ ____ ____ _____ v___ __eci__ ___ ___ ____ ______ __ t______ __u __ ____ _ d___ ____ _f __y___ ____ ____ ___
2332,My grandmother started walking five miles a day when she was sixty Shes ninetyseven now and we dont know where the heck she is,103,9,16_20_23_25_44_53_78_84_100,0000000000000001000100101000000000000000000100000000100000000000000000000000010000010000000000000001000,__ ___________ __a___d __l_i__ ____ _____ _ ___ ___n ___ ___ __x__ ____ ___________ ___ ___ _e ____ _n__ _____ ___ ____ _h_ __
2333,Life is like a prism What you see depends on how you turn the glass,53,6,2_3_13_24_29_49,01100000000010000000000100001000000000000000000010000,_if_ __ ____ _ _r___ ____ ___ s__ __p____ __ ___ ___ ____ ___ g____
2334,Sleep those little slices of death how I loathe them,43,6,5_7_10_17_18_24,0000101001000000110000010000000000000000000,____p _h__e ______ sl____ _f _____ ___ _ ______ ____
2335,Dont let the muggles get you down,27,3,11_23_25,000000000010000000000010100,____ ___ ___ m______ ___ __u _o__
2336,Dare to live the life you have dreamed for yourself Go forward and make your dreams come true,76,9,1_14_21_35_42_43_48_53_60,1000000000000100000010000000000000100000011000010000100000010000000000000000,D___ __ ____ ___ l___ ___ h___ _______ ___ y______f G_ ___w___ _n_ ____ _o__ ______ ____ ____
2337,You may never be able to measure the ripple effect of a kind word a gentle truth or a silent act of defiance But these and not violence remake the world,122,4,16_81_92_119,00000000000000010000000000000000000000000000000000000000000000000000000000000000100000000001000000000000000000000000001000,___ ___ _____ __ __l_ __ _______ ___ ______ ______ __ _ ____ ____ _ ______ _____ __ _ ______ ___ __ __f_____ ___ __e__ ___ ___ ________ ______ ___ _o___
2338,The unhappiest people in this world are those who care the most about what other people think,77,8,4_22_30_39_54_72_75_77,00010000000000000000010000000100000000100000000000000100000000000000000100101,___ u_________ ______ __ t___ ____d ___ _____ w__ ____ ___ ____ _b___ ____ _____ _____e __i_k
2339,Silly things do cease to be silly if they are done by sensible people in an impudent way,71,7,7_14_22_23_35_54_64,00000010000001000000011000000000001000000000000000000100000000010000000,_____ _h____ __ c____ __ _e s____ __ ____ _r_ ____ __ ________ ___p__ __ __ ___u____ ___
2340,I know some who are constantly drunk on books as other men are drunk on whiskey,64,7,8_26_33_37_41_48_58,0000000100000000000000000100000010001000100000010000000001000000,_ ____ __m_ ___ ___ __________ d____ __ b___s __ _t___ ___ a__ _____ __ w______
2341,Imagination is everything It is the preview of lifes coming attractions,61,6,31_34_55_58_59_60,0000000000000000000000000000001001000000000000000000001001110,___________ __ __________ __ __ ___ p__v___ __ _____ ______ ____a__ion_
2342,Peace cannot be kept by force it can only be achieved by understanding,58,7,32_41_46_47_50_51_52,0000000000000000000000000000000100000000100001100111000000,_____ ______ __ ____ __ _____ __ ___ __l_ __ _____v__ __ un__rst______
2343,Listen up theres no war that will end all wars,37,5,3_10_24_31_35,0010000001000000000000010000001000100,__s___ __ _h____ __ ___ ____ w___ ___ a__ _a__
2344,Im going to keep going until I succeed or die Dont think I dont know how this might end Ive known it for years,87,9,6_22_26_27_50_54_60_75_87,000001000000000000000100011000000000000000000000010001000001000000000000001000000000001,__ ___n_ __ ____ _____ ___i_ _ _uc____ __ ___ ____ _____ _ ___t ___w ___ __i_ _____ ___ ___ __o__ __ ___ ____s
2345,Sometimes it takes a good fall to really know where you stand,50,6,1_10_22_28_47_48,10000000010000000000010000010000000000000000001100,S________ i_ _____ _ ____ f___ __ r_____ ____ _____ ___ _ta__
2346,Happiness is something that comes into our lives through doors we dont even remember leaving open,82,8,9_16_18_37_47_52_62_67,0000000010000001010000000000000000001000000000100001000000000100001000000000000000,________s __ ____t_i__ ____ _____ ____ ___ l____ _____g_ ___r_ __ ____ __e_ ___e____ _______ ____
2347,Life doesnt imitate art it imitates bad television,43,6,3_20_32_38_40_43,0010000000000000000100000000000100000101001,__f_ ______ _______ __t __ ________ _a_ ____v_s__n
2348,Being the richest man in the cemetery doesnt matter to me Going to bed at night saying weve done something wonderful thats what matters to me,116,10,1_24_30_31_36_76_86_96_98_105,10000000000000000000000100000110000100000000000000000000000000000000000000010000000001000000000101000000100000000000,B____ ___ _______ ___ __ ___ c_____ry ____n_ ______ __ __ _____ __ ___ __ _____ ______ ____ _o__ _______n_ ________l _h___ ___t _______ __ __
2349,If everybody minded their own business the world would go around a great deal faster than it does,80,9,4_12_14_32_35_40_57_66_71,00010000000101000000000000000001001000010000000000000000100000000100001000000000,__ _v_______ m_n___ _____ ___ ______s_ _h_ ___l_ _____ __ ______ _ _r___ ____ _a____ t___ __ ____
2350,We are always the same age inside,27,6,4_5_6_7_17_20,000111100000000010010000000,__ _re al____ ___ __m_ _g_ ______
2351,It is easy to forget how full the world is of people full to bursting and each of them imaginable and consistently misimagined,104,5,6_29_64_74_83,00000100000000000000000000001000000000000000000000000000000000010000000001000000001000000000000000000000,__ __ _a__ __ ______ ___ ____ ___ __r__ __ __ ______ ____ __ ________ ___ ____ _f ____ _____n____ ___ _o__________ ___________
2352,I restore myself when Im alone,25,7,4_5_8_9_10_18_19,0001100111000000011000000,_ __st__e my____ ___n I_ _____
2353,People are capable at any time in their lives of doing what they dream of,59,9,3_6_14_15_28_34_35_57_59,00100100000001100000000000010000011000000000000000000000101,__o__e ___ ____bl_ __ ___ ____ __ t____ _iv__ __ _____ ____ ____ ____m _f
2354,This is what we call love When you are loved you can do anything in creation When you are loved theres no need at all to understand whats happening because everything happens within you,152,8,1_19_57_106_121_127_136_152,10000000000000000010000000000000000000000000000000000000100000000000000000000000000000000000000000000000010000000000000010000010000000010000000000000001,T___ __ ____ __ ____ __v_ ____ ___ ___ _____ ___ ___ __ ________ __ ___a____ ____ ___ ___ _____ ______ __ ____ __ ___ __ __________ w____ _________ _e_____ e________g _______ ______ __u
2355,So its true when all is said and done grief is the price we pay for love,56,6,6_7_20_29_30_43,00000110000000000001000000001100000000000010000000000000,__ ___ tr__ ____ ___ __ _a__ ___ ___e g____ __ ___ ___c_ __ ___ ___ ____
2356,Come home and shout at me Come home and fight with me Come home and break my heart if you must,74,9,14_31_33_34_51_54_58_62_64,00000000000001000000000000000010110000000000000000100100010001010000000000,____ ____ ___ __o__ __ __ ____ ____ __d _ig__ ____ __ ____ ____ a__ b___k __ _e_r_ __ ___ ____
2357,All humans make mistakes What determines a persons character arent the mistakes we make Its how we take those mistakes and turn them into lessons rather than excuses,138,5,11_41_61_84_136,000000000010000000000000000000000000000010000000000000000000100000000000000000000001000000000000000000000000000000000000000000000000000100,___ ______ _a__ ________ ____ __________ _ ____o__ _________ _____ ___ m_______ __ ____ ___ ___ __ _a__ _____ ________ ___ ____ ____ ____ _______ ______ ____ ____s__
2358,If you try to fail and succeed which have you done,40,8,6_11_20_25_27_32_33_34,0000010000100000000100001010000111000000,__ ___ t__ __ f___ ___ __c____ w_i__ __ve y__ ____
2359,Spring is the time of plans and projects,33,6,6_13_14_19_21_25,000001000000110000101000100000000,_____g __ ___ _im_ __ _l_n_ __d ________
2360,I dont suffer from my insanity I enjoy every minute of it,46,6,7_12_19_23_30_34,0000001000010000001000100000010001000000000000,_ ____ _u____ f___ __ _n___i__ _ ___o_ __e__ ______ __ __
2361,Threats are the last resort of a man with no vocabulary,45,6,4_9_25_27_37_45,000100001000000000000000101000000000100000001,___e___ _r_ ___ ____ ______ _f _ m__ ____ __ _o_______y
2362,How happy is the blameless vestals lot The world forgetting by the world forgot Eternal sunshine of the spotless mind Each prayr accepted and each wish resignd,133,7,40_75_76_95_100_113_127,0000000000000000000000000000000000000001000000000000000000000000000000000011000000000000000000100001000000000000100000000000001000000,___ _____ __ ___ _________ _______ ___ ___ ____d __________ __ ___ _____ ______ _______ _un_____ __ ___ ________ m___ _a__ _____ _____t__ ___ ____ ____ r______
2363,In the middle of difficulty lies opportunity,38,7,6_11_16_19_27_31_32,00000100001000010010000000100011000000,__ ___ m____e __ __f__c____ ___s ___or______
2364,If you let people into your life a little bit they can be pretty damn amazing,62,7,5_7_34_47_50_57_61,00001010000000000000000000000000010000000000001001000000100010,__ __u _e_ ______ ____ ____ ____ _ ______ b__ ____ ___ __ _r__t_ ____ _m___n_
2365,Push yourself Dont Settle Just live well Just LIVE,42,3,26_27_42,000000000000000000000000011000000000000001,____ ________ ____ ______ ___t l___ ____ ____ ___E
2366,The thought of suicide is a great consolation by means of it one gets through many a dark night,77,6,7_9_39_49_53_59,00000010100000000000000000000000000000100000000010001000001000000000000000000,___ ___u_h_ __ _______ __ _ _____ ___________ b_ _____ __ _t ___ g___ __r____ ____ _ ____ _____
2367,Nothing on earth can make up for the loss of one who has loved you,52,9,7_13_15_23_33_41_45_49_50,0000001000001010000000100000000010000000100010001100,______g __ ___t_ c__ ____ _p ___ ___ ___s __ ___ __o ___ l___d y__
2368,Things get broken and sometimes they get repaired and in most cases you realize that no matter what gets damaged life rearranges itself to compensate for your loss sometimes wonderfully,156,8,10_23_35_52_65_79_93_142,000000000100000000000010000000000010000000000000000100000000000010000000000000100000000000001000000000000000000000000000000000000000000000000100000000000000,______ ___ b_____ ___ ____t____ ____ ___ r_______ ___ __ ____ c____ ___ _____z_ ____ __ ______ w___ ____ ______d ____ __________ ______ __ __________ ___ ____ ____ _____i___ ___________
2369,One of the deep secrets of life is that all that is really worth the doing is what we do for others,78,6,15_24_43_44_66_67,000000000000001000000001000000000000000000110000000000000000000001100000000000,___ __ ___ ____ __c____ __ __f_ __ ____ ___ ____ __ __al__ _____ ___ _____ __ ____ we __ ___ ______
2370,Never attempt to teach a pig to sing it wastes your time and annoys the pig,60,7,7_11_37_40_46_51_53,000000100010000000000000000000000000100100000100001010000000,_____ _t___p_ __ _____ _ ___ __ ____ __ _____s __u_ ____ a__ __n_y_ ___ ___
2371,Half the world is composed of people who have something to say and cant and the other half who have nothing to say and keep on saying it,109,6,10_19_22_31_37_44,0000000001000000001001000000001000001000000100000000000000000000000000000000000000000000000000000000000000000,____ ___ __r__ __ ____o__d __ ______ w__ ___e ______i__ __ ___ ___ ____ ___ ___ _____ ____ ___ ____ _______ __ ___ ___ ____ __ ______ __
2372,Question everything Your love your religion your passion If you dont have questions youll never find answers,92,5,30_46_84_87_92,00000000000000000000000000000100000000000000010000000000000000000000000000000000000100100001,________ __________ ____ ____ ___r ________ ____ ___s___ __ ___ ____ ____ _________ _____ _____ __n_ _n____s
2373,I address you all tonight for who you truly are wizards mermaids travelers adventurers and magicians You are the true dreamers,106,9,5_7_19_35_44_58_68_81_103,0000101000000000001000000000000000100000000100000000000001000000000100000000000010000000000000000000001000,_ ___r_s_ ___ ___ ____g__ ___ ___ ___ ____y ___ _____d_ ________ ____e____ _____t_____ ___ ____c____ ___ ___ ___ ____ ____m___
2374,Holding people away from you and denying yourself love that doesnt make you strong if anything it makes you weaker Because youre doing it out of fear,123,9,11_15_21_45_48_53_66_97_108,000000000010001000001000000000000000000000001001000010000000000001000000000000000000000000000000100000000001000000000000000,_______ ___p__ _w__ ___m ___ ___ _______ ________ __v_ _h__ __e___ ____ ___ __r___ __ ________ __ _____ ___ ______ _e_____ _____ d____ __ ___ __ ____
2375,One could not count the moons that shimmer on her roofs Or the thousand splendid suns that hide behind her walls,92,6,7_10_28_31_41_57,00000010010000000000000000010010000000001000000000000000100000000000000000000000000000000000,___ ___l_ _o_ _____ ___ _____ ___t __i____ __ ___ r____ __ ___ ______n_ ________ ____ ____ ____ ______ ___ _____
2376,You think the dead we loved ever truly leave us You think that we dont recall them more clearly in times of great trouble,98,9,16_20_38_48_57_72_87_96_97,00000000000000010001000000000000000001000000000100000000100000000000000100000000000000100000000110,___ _____ ___ ____ w_ __v__ ____ _____ _____ _s ___ _____ _h__ __ ____ r_____ ____ ____ _l_____ __ _____ __ g____ ____bl_
2377,We should meet in another life we should meet in air me and you,50,7,3_19_24_27_31_33_48,00100000000000000010000100100010100000000000000100,__ s_____ ____ __ ____h__ __f_ _e ___u_d ____ __ ___ __ ___ y__
2378,My only love sprung from my only hate Too early seen unknown and known too late Prodigious birth of love it is to me That I must love a loathed enemy,119,8,16_17_27_28_56_57_77_111,00000000000000011000000000110000000000000000000000000001100000000000000000001000000000000000000000000000000000100000000,__ ____ ____ _____g f___ __ ____ ha__ ___ _____ ____ _______ ___ ___wn ___ ____ __________ __r__ __ ____ __ __ __ __ ____ _ ____ ____ _ ___t___ _____
2379,None of us knows what might happen even the next minute yet still we go forward Because we trust Because we have faith,96,11,9_23_31_38_46_56_58_63_70_79_83,000000001000000000000010000000100000010000000100000000010100001000000100000000100010000000000000,____ __ __ k____ ____ _____ h_____ __e_ ___ __x_ ______ y__ _____ __ g_ f____r_ _____s_ __ _____ B___u__ __ ____ _____
2380,Seek freedom and become captive of your desires Seek discipline and find your liberty,72,8,6_23_26_37_44_51_57_71,000001000000000000000010010000000000100000010000001000001000000000000010,____ _r_____ ___ ______ __p__v_ __ ____ ___i___ ___k ______l___ __d ____ ____ _____t_
2381,A question that sometimes drives me hazy am I or are the others crazy,56,7,15_17_23_26_28_31_54,00000000000000101000001001010010000000000000000000000100,_ ________ ____ _o_e_____ d__v_s __ h___ __ _ __ ___ ___ ______ __a__
2382,The most authentic thing about us is our capacity to create to overcome to endure to transform to love and to be greater than our suffering,114,9,23_24_40_56_59_74_78_81_114,000000000000000000000011000000000000000100000000000000010010000000000000010001001000000000000000000000000000000001,___ ____ _________ _____ _bo__ __ __ ___ ______t_ __ ______ __ ____c__e __ ______ __ ____s___m __ l___ ___ __ __ _______ ____ ___ ________g
2383,The past beats inside me like a second heart,36,7,4_21_27_28_29_31_35,000100000000000000001000001110100010,___ p___ _____ ______ __ l___ _ _eco_d ___r_
2384,Damn Claire Warn a guy before you do a faceplant on the floor next time I could have looked all heroic and caught you or something,105,10,11_21_28_35_39_79_81_97_98_99,000000000010000000001000000100000010001000000000000000000000000000000000000000101000000000000000111000000,____ ______ W___ _ ___ __f___ ___ d_ _ ____p___t __ ___ _____ ____ ____ _ _____ ____ ______ ___ __r_i_ ___ ______ ___ __ som______
2385,If we have no peace it is because we have forgotten that we belong to each other,64,6,1_11_24_36_56_57,1000000000100000000000010000000000010000000000000000000110000000,I_ __ ____ __ p____ __ __ ____u__ __ ____ ___g_____ ____ __ ______ __ ea__ _____
2386,Thats what fiction is for Its for getting at the truth when the truth isnt sufficient for the truth,81,6,3_47_66_69_73_76,001000000000000000000000000000000000000000000010000000000000000001001000100100000,__a__ ____ _______ __ ___ ___ ___ _______ __ ___ _____ __e_ ___ _____ ____ _____c__n_ __r __e _____
2387,We are all born mad Some remain so,27,6,2_8_9_11_15_22,010000011010001000000100000,_e ___ __l b_r_ __d ____ __m___ __
